ISO-10303-21;
HEADER;

/* File generated by HOOPS Exchange Version 24.6.0 */

FILE_DESCRIPTION(('HOOPS Exchange Step'),'2;1');

FILE_NAME('C:\\Users\\prasa\\Desktop\\westinghouse-structural-fem-pilot\\geometry\\simplified_reactor_support_improved.step',
'2026-05-31T01:03:53-21:00',
('prasa'),
('Unknown organisation'),
'HOOPS Exchange 2024.6',
'HOOPS Exchange',
'Unknown authorisation');

FILE_SCHEMA( ('AUTOMOTIVE_DESIGN { 1 0 10303 214 1 1 1 1 }') );

ENDSEC;

DATA;
#3=(NAMED_UNIT(*)PLANE_ANGLE_UNIT()SI_UNIT($,.RADIAN.));
#4=PLANE_ANGLE_MEASURE_WITH_UNIT(PLANE_ANGLE_MEASURE(0.0174532925),#3);
#5=(CONVERSION_BASED_UNIT('DEGREE',#4)NAMED_UNIT(#6)PLANE_ANGLE_UNIT());
#6=DIMENSIONAL_EXPONENTS(0.,0.,0.,0.,0.,0.,0.);
#7=(NAMED_UNIT(*)SI_UNIT($,.STERADIAN.)SOLID_ANGLE_UNIT());
#8=(LENGTH_UNIT()NAMED_UNIT(*)SI_UNIT(.MILLI.,.METRE.));
#9=UNCERTAINTY_MEASURE_WITH_UNIT(LENGTH_MEASURE(1.000000E-05),#8,'DISTANCE_ACCURACY_VALUE','Maximum Tolerance applied to model');
#10=(GEOMETRIC_REPRESENTATION_CONTEXT(3)GLOBAL_UNCERTAINTY_ASSIGNED_CONTEXT((#9))GLOBAL_UNIT_ASSIGNED_CONTEXT((#8,#5,#7))REPRESENTATION_CONTEXT('','Solid'));
#12=CARTESIAN_POINT('',(0.,0.,0.));
#13=DIRECTION('',(0.,0.,1.));
#14=DIRECTION('',(1.,0.,0.));
#15=AXIS2_PLACEMENT_3D('',#12,#13,#14);
#27=CARTESIAN_POINT('',(0.,0.,12.));
#28=DIRECTION('',(0.,0.,1.));
#29=DIRECTION('',(1.,0.,0.));
#30=AXIS2_PLACEMENT_3D('',#27,#28,#29);
#31=PLANE('',#30);
#32=CARTESIAN_POINT('',(89.,-55.,12.));
#33=VERTEX_POINT('',#32);
#34=CARTESIAN_POINT('',(89.,55.,12.));
#35=VERTEX_POINT('',#34);
#36=CARTESIAN_POINT('',(89.,-55.,12.));
#37=DIRECTION('',(-0.,1.,-0.));
#38=VECTOR('',#37,110.);
#39=LINE('',#36,#38);
#40=EDGE_CURVE('10:1361',#33,#35,#39,.T.);
#41=ORIENTED_EDGE('',*,*,#40,.T.);
#42=CARTESIAN_POINT('',(85.,59.,12.));
#43=VERTEX_POINT('',#42);
#44=CARTESIAN_POINT('',(85.,55.,12.));
#45=DIRECTION('',(0.,0.,1.));
#46=DIRECTION('',(1.,0.,-0.));
#47=AXIS2_PLACEMENT_3D('',#44,#45,#46);
#48=CIRCLE('',#47,4.);
#49=EDGE_CURVE('10:1364',#35,#43,#48,.T.);
#50=ORIENTED_EDGE('',*,*,#49,.T.);
#51=CARTESIAN_POINT('',(-85.,59.,12.));
#52=VERTEX_POINT('',#51);
#53=CARTESIAN_POINT('',(85.,59.,12.));
#54=DIRECTION('',(-1.,0.,0.));
#55=VECTOR('',#54,170.);
#56=LINE('',#53,#55);
#57=EDGE_CURVE('10:1367',#43,#52,#56,.T.);
#58=ORIENTED_EDGE('',*,*,#57,.T.);
#59=CARTESIAN_POINT('',(-89.,55.,12.));
#60=VERTEX_POINT('',#59);
#61=CARTESIAN_POINT('',(-85.,55.,12.));
#62=DIRECTION('',(0.,0.,1.));
#63=DIRECTION('',(1.,0.,-0.));
#64=AXIS2_PLACEMENT_3D('',#61,#62,#63);
#65=CIRCLE('',#64,4.);
#66=EDGE_CURVE('10:1373',#52,#60,#65,.T.);
#67=ORIENTED_EDGE('',*,*,#66,.T.);
#68=CARTESIAN_POINT('',(-89.,-55.,12.));
#69=VERTEX_POINT('',#68);
#70=CARTESIAN_POINT('',(-89.,55.,12.));
#71=DIRECTION('',(0.,-1.,0.));
#72=VECTOR('',#71,110.);
#73=LINE('',#70,#72);
#74=EDGE_CURVE('10:1370',#60,#69,#73,.T.);
#75=ORIENTED_EDGE('',*,*,#74,.T.);
#76=CARTESIAN_POINT('',(-85.,-59.,12.));
#77=VERTEX_POINT('',#76);
#78=CARTESIAN_POINT('',(-85.,-55.,12.));
#79=DIRECTION('',(0.,0.,1.));
#80=DIRECTION('',(1.,0.,-0.));
#81=AXIS2_PLACEMENT_3D('',#78,#79,#80);
#82=CIRCLE('',#81,4.);
#83=EDGE_CURVE('10:1358',#69,#77,#82,.T.);
#84=ORIENTED_EDGE('',*,*,#83,.T.);
#85=CARTESIAN_POINT('',(85.,-59.,12.));
#86=VERTEX_POINT('',#85);
#87=CARTESIAN_POINT('',(-85.,-59.,12.));
#88=DIRECTION('',(1.,-0.,-0.));
#89=VECTOR('',#88,170.);
#90=LINE('',#87,#89);
#91=EDGE_CURVE('10:1352',#77,#86,#90,.T.);
#92=ORIENTED_EDGE('',*,*,#91,.T.);
#93=CARTESIAN_POINT('',(85.,-55.,12.));
#94=DIRECTION('',(0.,0.,1.));
#95=DIRECTION('',(1.,0.,-0.));
#96=AXIS2_PLACEMENT_3D('',#93,#94,#95);
#97=CIRCLE('',#96,4.);
#98=EDGE_CURVE('10:1355',#86,#33,#97,.T.);
#99=ORIENTED_EDGE('',*,*,#98,.T.);
#100=EDGE_LOOP('',(#41,#50,#58,#67,#75,#84,#92,#99));
#101=FACE_BOUND('',#100,.T.);
#102=CARTESIAN_POINT('',(-56.092936661,38.389537557,12.));
#103=VERTEX_POINT('',#102);
#104=CARTESIAN_POINT('',(-34.270792725,25.971383599,12.));
#105=VERTEX_POINT('',#104);
#106=CARTESIAN_POINT('',(-56.092936661,38.389537557,12.));
#107=DIRECTION('',(0.869127768,-0.494587629,-0.));
#108=VECTOR('',#107,25.108096577);
#109=LINE('',#106,#108);
#110=EDGE_CURVE('9:168',#103,#105,#109,.T.);
#111=ORIENTED_EDGE('',*,*,#110,.T.);
#112=CARTESIAN_POINT('',(34.299032051,25.934077974,12.));
#113=VERTEX_POINT('',#112);
#114=CARTESIAN_POINT('',(0.,0.,12.));
#115=DIRECTION('',(-0.,-0.,-1.));
#116=DIRECTION('',(1.,0.,-0.));
#117=AXIS2_PLACEMENT_3D('',#114,#115,#116);
#118=CIRCLE('',#117,43.);
#119=EDGE_CURVE('9:4944',#105,#113,#118,.T.);
#120=ORIENTED_EDGE('',*,*,#119,.T.);
#121=CARTESIAN_POINT('',(56.093132243,38.387849513,12.));
#122=VERTEX_POINT('',#121);
#123=CARTESIAN_POINT('',(34.299032051,25.934077974,12.));
#124=DIRECTION('',(0.868243142,0.496138938,0.));
#125=VECTOR('',#124,25.10137902);
#126=LINE('',#123,#125);
#127=EDGE_CURVE('9:174',#113,#122,#126,.T.);
#128=ORIENTED_EDGE('',*,*,#127,.T.);
#129=CARTESIAN_POINT('',(84.,40.,12.));
#130=VERTEX_POINT('',#129);
#131=CARTESIAN_POINT('',(70.,40.,12.));
#132=DIRECTION('',(-0.,-0.,-1.));
#133=DIRECTION('',(1.,0.,-0.));
#134=AXIS2_PLACEMENT_3D('',#131,#132,#133);
#135=CIRCLE('',#134,14.);
#136=EDGE_CURVE('9:3939',#122,#130,#135,.T.);
#137=ORIENTED_EDGE('',*,*,#136,.T.);
#138=CARTESIAN_POINT('',(61.550660565,28.837174949,12.));
#139=VERTEX_POINT('',#138);
#140=CARTESIAN_POINT('',(70.,40.,12.));
#141=DIRECTION('',(-0.,-0.,-1.));
#142=DIRECTION('',(1.,0.,-0.));
#143=AXIS2_PLACEMENT_3D('',#140,#141,#142);
#144=CIRCLE('',#143,14.);
#145=EDGE_CURVE('9:3939',#130,#139,#144,.T.);
#146=ORIENTED_EDGE('',*,*,#145,.T.);
#147=CARTESIAN_POINT('',(39.756560373,16.383403411,12.));
#148=VERTEX_POINT('',#147);
#149=CARTESIAN_POINT('',(61.550660565,28.837174949,12.));
#150=DIRECTION('',(-0.868243142,-0.496138938,0.));
#151=VECTOR('',#150,25.10137902);
#152=LINE('',#149,#151);
#153=EDGE_CURVE('9:180',#139,#148,#152,.T.);
#154=ORIENTED_EDGE('',*,*,#153,.T.);
#155=CARTESIAN_POINT('',(43.,-0.,12.));
#156=VERTEX_POINT('',#155);
#157=CARTESIAN_POINT('',(0.,0.,12.));
#158=DIRECTION('',(-0.,-0.,-1.));
#159=DIRECTION('',(1.,0.,-0.));
#160=AXIS2_PLACEMENT_3D('',#157,#158,#159);
#161=CIRCLE('',#160,43.);
#162=EDGE_CURVE('9:4941',#148,#156,#161,.T.);
#163=ORIENTED_EDGE('',*,*,#162,.T.);
#164=CARTESIAN_POINT('',(39.756560373,-16.383403411,12.));
#165=VERTEX_POINT('',#164);
#166=CARTESIAN_POINT('',(0.,0.,12.));
#167=DIRECTION('',(-0.,-0.,-1.));
#168=DIRECTION('',(1.,0.,-0.));
#169=AXIS2_PLACEMENT_3D('',#166,#167,#168);
#170=CIRCLE('',#169,43.);
#171=EDGE_CURVE('9:4941',#156,#165,#170,.T.);
#172=ORIENTED_EDGE('',*,*,#171,.T.);
#173=CARTESIAN_POINT('',(61.550660565,-28.837174949,12.));
#174=VERTEX_POINT('',#173);
#175=CARTESIAN_POINT('',(39.756560373,-16.383403411,12.));
#176=DIRECTION('',(0.868243142,-0.496138938,0.));
#177=VECTOR('',#176,25.10137902);
#178=LINE('',#175,#177);
#179=EDGE_CURVE('9:177',#165,#174,#178,.T.);
#180=ORIENTED_EDGE('',*,*,#179,.T.);
#181=CARTESIAN_POINT('',(84.,-40.,12.));
#182=VERTEX_POINT('',#181);
#183=CARTESIAN_POINT('',(70.,-40.,12.));
#184=DIRECTION('',(-0.,-0.,-1.));
#185=DIRECTION('',(1.,0.,-0.));
#186=AXIS2_PLACEMENT_3D('',#183,#184,#185);
#187=CIRCLE('',#186,14.);
#188=EDGE_CURVE('9:3942',#174,#182,#187,.T.);
#189=ORIENTED_EDGE('',*,*,#188,.T.);
#190=CARTESIAN_POINT('',(56.093132243,-38.387849513,12.));
#191=VERTEX_POINT('',#190);
#192=CARTESIAN_POINT('',(70.,-40.,12.));
#193=DIRECTION('',(-0.,-0.,-1.));
#194=DIRECTION('',(1.,0.,-0.));
#195=AXIS2_PLACEMENT_3D('',#192,#193,#194);
#196=CIRCLE('',#195,14.);
#197=EDGE_CURVE('9:3942',#182,#191,#196,.T.);
#198=ORIENTED_EDGE('',*,*,#197,.T.);
#199=CARTESIAN_POINT('',(34.299032051,-25.934077974,12.));
#200=VERTEX_POINT('',#199);
#201=CARTESIAN_POINT('',(56.093132243,-38.387849513,12.));
#202=DIRECTION('',(-0.868243142,0.496138938,0.));
#203=VECTOR('',#202,25.10137902);
#204=LINE('',#201,#203);
#205=EDGE_CURVE('9:162',#191,#200,#204,.T.);
#206=ORIENTED_EDGE('',*,*,#205,.T.);
#207=CARTESIAN_POINT('',(-34.299032051,-25.934077974,12.));
#208=VERTEX_POINT('',#207);
#209=CARTESIAN_POINT('',(0.,0.,12.));
#210=DIRECTION('',(-0.,-0.,-1.));
#211=DIRECTION('',(1.,0.,-0.));
#212=AXIS2_PLACEMENT_3D('',#209,#210,#211);
#213=CIRCLE('',#212,43.);
#214=EDGE_CURVE('9:4938',#200,#208,#213,.T.);
#215=ORIENTED_EDGE('',*,*,#214,.T.);
#216=CARTESIAN_POINT('',(-56.093132243,-38.387849513,12.));
#217=VERTEX_POINT('',#216);
#218=CARTESIAN_POINT('',(-34.299032051,-25.934077974,12.));
#219=DIRECTION('',(-0.868243142,-0.496138938,0.));
#220=VECTOR('',#219,25.10137902);
#221=LINE('',#218,#220);
#222=EDGE_CURVE('9:159',#208,#217,#221,.T.);
#223=ORIENTED_EDGE('',*,*,#222,.T.);
#224=CARTESIAN_POINT('',(-56.,-40.,12.));
#225=VERTEX_POINT('',#224);
#226=CARTESIAN_POINT('',(-70.,-40.,12.));
#227=DIRECTION('',(-0.,-0.,-1.));
#228=DIRECTION('',(1.,0.,-0.));
#229=AXIS2_PLACEMENT_3D('',#226,#227,#228);
#230=CIRCLE('',#229,14.);
#231=EDGE_CURVE('9:3936',#217,#225,#230,.T.);
#232=ORIENTED_EDGE('',*,*,#231,.T.);
#233=CARTESIAN_POINT('',(-61.550660565,-28.837174949,12.));
#234=VERTEX_POINT('',#233);
#235=CARTESIAN_POINT('',(-70.,-40.,12.));
#236=DIRECTION('',(-0.,-0.,-1.));
#237=DIRECTION('',(1.,0.,-0.));
#238=AXIS2_PLACEMENT_3D('',#235,#236,#237);
#239=CIRCLE('',#238,14.);
#240=EDGE_CURVE('9:3936',#225,#234,#239,.T.);
#241=ORIENTED_EDGE('',*,*,#240,.T.);
#242=CARTESIAN_POINT('',(-39.756560373,-16.383403411,12.));
#243=VERTEX_POINT('',#242);
#244=CARTESIAN_POINT('',(-61.550660565,-28.837174949,12.));
#245=DIRECTION('',(0.868243142,0.496138938,0.));
#246=VECTOR('',#245,25.10137902);
#247=LINE('',#244,#246);
#248=EDGE_CURVE('9:165',#234,#243,#247,.T.);
#249=ORIENTED_EDGE('',*,*,#248,.T.);
#250=CARTESIAN_POINT('',(-39.738727452,16.426610744,12.));
#251=VERTEX_POINT('',#250);
#252=CARTESIAN_POINT('',(0.,0.,12.));
#253=DIRECTION('',(-0.,-0.,-1.));
#254=DIRECTION('',(1.,0.,-0.));
#255=AXIS2_PLACEMENT_3D('',#252,#253,#254);
#256=CIRCLE('',#255,43.);
#257=EDGE_CURVE('9:4935',#243,#251,#256,.T.);
#258=ORIENTED_EDGE('',*,*,#257,.T.);
#259=CARTESIAN_POINT('',(-61.54931889,28.838190614,12.));
#260=VERTEX_POINT('',#259);
#261=CARTESIAN_POINT('',(-39.738727452,16.426610744,12.));
#262=DIRECTION('',(-0.869127768,0.494587629,-0.));
#263=VECTOR('',#262,25.094804517);
#264=LINE('',#261,#263);
#265=EDGE_CURVE('9:171',#251,#260,#264,.T.);
#266=ORIENTED_EDGE('',*,*,#265,.T.);
#267=CARTESIAN_POINT('',(-56.,40.,12.));
#268=VERTEX_POINT('',#267);
#269=CARTESIAN_POINT('',(-70.,40.,12.));
#270=DIRECTION('',(-0.,-0.,-1.));
#271=DIRECTION('',(1.,0.,-0.));
#272=AXIS2_PLACEMENT_3D('',#269,#270,#271);
#273=CIRCLE('',#272,14.);
#274=EDGE_CURVE('9:3933',#260,#268,#273,.T.);
#275=ORIENTED_EDGE('',*,*,#274,.T.);
#276=CARTESIAN_POINT('',(-70.,40.,12.));
#277=DIRECTION('',(-0.,-0.,-1.));
#278=DIRECTION('',(1.,0.,-0.));
#279=AXIS2_PLACEMENT_3D('',#276,#277,#278);
#280=CIRCLE('',#279,14.);
#281=EDGE_CURVE('9:3933',#268,#103,#280,.T.);
#282=ORIENTED_EDGE('',*,*,#281,.T.);
#283=EDGE_LOOP('',(#111,#120,#128,#137,#146,#154,#163,#172,#180,#189,#198,#206,#215,#223,#232,#241,#249,#258,#266,#275,#282));
#284=FACE_BOUND('',#283,.T.);
#285=ADVANCED_FACE('7:25796',(#101,#284),#31,.T.);
#286=CARTESIAN_POINT('',(70.,40.,16.));
#287=DIRECTION('',(0.,0.,1.));
#288=DIRECTION('',(1.,0.,-0.));
#289=AXIS2_PLACEMENT_3D('',#286,#287,#288);
#290=CYLINDRICAL_SURFACE('',#289,8.);
#291=CARTESIAN_POINT('',(78.,40.,15.));
#292=VERTEX_POINT('',#291);
#293=CARTESIAN_POINT('',(78.,40.,14.));
#294=VERTEX_POINT('',#293);
#295=CARTESIAN_POINT('',(78.,40.,15.));
#296=DIRECTION('',(-0.,-0.,-1.));
#297=VECTOR('',#296,1.);
#298=LINE('',#295,#297);
#299=EDGE_CURVE('',#292,#294,#298,.T.);
#300=ORIENTED_EDGE('',*,*,#299,.F.);
#301=CARTESIAN_POINT('',(70.,40.,15.));
#302=DIRECTION('',(0.,0.,1.));
#303=DIRECTION('',(1.,0.,-0.));
#304=AXIS2_PLACEMENT_3D('',#301,#302,#303);
#305=CIRCLE('',#304,8.);
#306=EDGE_CURVE('9:5344',#292,#292,#305,.T.);
#307=ORIENTED_EDGE('',*,*,#306,.T.);
#308=ORIENTED_EDGE('',*,*,#299,.T.);
#309=CARTESIAN_POINT('',(70.,40.,14.));
#310=DIRECTION('',(0.,0.,1.));
#311=DIRECTION('',(1.,0.,-0.));
#312=AXIS2_PLACEMENT_3D('',#309,#310,#311);
#313=CIRCLE('',#312,8.);
#314=EDGE_CURVE('5:7796',#294,#294,#313,.T.);
#315=ORIENTED_EDGE('',*,*,#314,.F.);
#316=EDGE_LOOP('',(#300,#307,#308,#315));
#317=FACE_BOUND('',#316,.T.);
#318=ADVANCED_FACE('5:7759',(#317),#290,.F.);
#319=CARTESIAN_POINT('',(70.,-40.,16.));
#320=DIRECTION('',(0.,0.,1.));
#321=DIRECTION('',(1.,0.,-0.));
#322=AXIS2_PLACEMENT_3D('',#319,#320,#321);
#323=CYLINDRICAL_SURFACE('',#322,8.);
#324=CARTESIAN_POINT('',(78.,-40.,15.));
#325=VERTEX_POINT('',#324);
#326=CARTESIAN_POINT('',(78.,-40.,14.));
#327=VERTEX_POINT('',#326);
#328=CARTESIAN_POINT('',(78.,-40.,15.));
#329=DIRECTION('',(-0.,-0.,-1.));
#330=VECTOR('',#329,1.);
#331=LINE('',#328,#330);
#332=EDGE_CURVE('',#325,#327,#331,.T.);
#333=ORIENTED_EDGE('',*,*,#332,.F.);
#334=CARTESIAN_POINT('',(70.,-40.,15.));
#335=DIRECTION('',(0.,0.,1.));
#336=DIRECTION('',(1.,0.,-0.));
#337=AXIS2_PLACEMENT_3D('',#334,#335,#336);
#338=CIRCLE('',#337,8.);
#339=EDGE_CURVE('9:5350',#325,#325,#338,.T.);
#340=ORIENTED_EDGE('',*,*,#339,.T.);
#341=ORIENTED_EDGE('',*,*,#332,.T.);
#342=CARTESIAN_POINT('',(70.,-40.,14.));
#343=DIRECTION('',(0.,0.,1.));
#344=DIRECTION('',(1.,0.,-0.));
#345=AXIS2_PLACEMENT_3D('',#342,#343,#344);
#346=CIRCLE('',#345,8.);
#347=EDGE_CURVE('5:7786',#327,#327,#346,.T.);
#348=ORIENTED_EDGE('',*,*,#347,.F.);
#349=EDGE_LOOP('',(#333,#340,#341,#348));
#350=FACE_BOUND('',#349,.T.);
#351=ADVANCED_FACE('5:7756',(#350),#323,.F.);
#352=CARTESIAN_POINT('',(-70.,-40.,16.));
#353=DIRECTION('',(0.,0.,1.));
#354=DIRECTION('',(1.,0.,-0.));
#355=AXIS2_PLACEMENT_3D('',#352,#353,#354);
#356=CYLINDRICAL_SURFACE('',#355,8.);
#357=CARTESIAN_POINT('',(-62.,-40.,15.));
#358=VERTEX_POINT('',#357);
#359=CARTESIAN_POINT('',(-62.,-40.,14.));
#360=VERTEX_POINT('',#359);
#361=CARTESIAN_POINT('',(-62.,-40.,15.));
#362=DIRECTION('',(-0.,-0.,-1.));
#363=VECTOR('',#362,1.);
#364=LINE('',#361,#363);
#365=EDGE_CURVE('',#358,#360,#364,.T.);
#366=ORIENTED_EDGE('',*,*,#365,.F.);
#367=CARTESIAN_POINT('',(-70.,-40.,15.));
#368=DIRECTION('',(0.,0.,1.));
#369=DIRECTION('',(1.,0.,-0.));
#370=AXIS2_PLACEMENT_3D('',#367,#368,#369);
#371=CIRCLE('',#370,8.);
#372=EDGE_CURVE('9:5356',#358,#358,#371,.T.);
#373=ORIENTED_EDGE('',*,*,#372,.T.);
#374=ORIENTED_EDGE('',*,*,#365,.T.);
#375=CARTESIAN_POINT('',(-70.,-40.,14.));
#376=DIRECTION('',(0.,0.,1.));
#377=DIRECTION('',(1.,0.,-0.));
#378=AXIS2_PLACEMENT_3D('',#375,#376,#377);
#379=CIRCLE('',#378,8.);
#380=EDGE_CURVE('5:7776',#360,#360,#379,.T.);
#381=ORIENTED_EDGE('',*,*,#380,.F.);
#382=EDGE_LOOP('',(#366,#373,#374,#381));
#383=FACE_BOUND('',#382,.T.);
#384=ADVANCED_FACE('5:7753',(#383),#356,.F.);
#385=CARTESIAN_POINT('',(-70.,40.,16.));
#386=DIRECTION('',(0.,0.,1.));
#387=DIRECTION('',(1.,0.,-0.));
#388=AXIS2_PLACEMENT_3D('',#385,#386,#387);
#389=CYLINDRICAL_SURFACE('',#388,8.);
#390=CARTESIAN_POINT('',(-62.,40.,15.));
#391=VERTEX_POINT('',#390);
#392=CARTESIAN_POINT('',(-62.,40.,14.));
#393=VERTEX_POINT('',#392);
#394=CARTESIAN_POINT('',(-62.,40.,15.));
#395=DIRECTION('',(-0.,-0.,-1.));
#396=VECTOR('',#395,1.);
#397=LINE('',#394,#396);
#398=EDGE_CURVE('',#391,#393,#397,.T.);
#399=ORIENTED_EDGE('',*,*,#398,.F.);
#400=CARTESIAN_POINT('',(-70.,40.,15.));
#401=DIRECTION('',(0.,0.,1.));
#402=DIRECTION('',(1.,0.,-0.));
#403=AXIS2_PLACEMENT_3D('',#400,#401,#402);
#404=CIRCLE('',#403,8.);
#405=EDGE_CURVE('9:5362',#391,#391,#404,.T.);
#406=ORIENTED_EDGE('',*,*,#405,.T.);
#407=ORIENTED_EDGE('',*,*,#398,.T.);
#408=CARTESIAN_POINT('',(-70.,40.,14.));
#409=DIRECTION('',(0.,0.,1.));
#410=DIRECTION('',(1.,0.,-0.));
#411=AXIS2_PLACEMENT_3D('',#408,#409,#410);
#412=CIRCLE('',#411,8.);
#413=EDGE_CURVE('5:7766',#393,#393,#412,.T.);
#414=ORIENTED_EDGE('',*,*,#413,.F.);
#415=EDGE_LOOP('',(#399,#406,#407,#414));
#416=FACE_BOUND('',#415,.T.);
#417=ADVANCED_FACE('5:7750',(#416),#389,.F.);
#418=CARTESIAN_POINT('',(0.,0.,14.));
#419=DIRECTION('',(0.,0.,1.));
#420=DIRECTION('',(1.,0.,0.));
#421=AXIS2_PLACEMENT_3D('',#418,#419,#420);
#422=PLANE('',#421);
#423=CARTESIAN_POINT('',(76.,-40.,14.));
#424=VERTEX_POINT('',#423);
#425=CARTESIAN_POINT('',(70.,-40.,14.));
#426=DIRECTION('',(-0.,-0.,-1.));
#427=DIRECTION('',(1.,0.,-0.));
#428=AXIS2_PLACEMENT_3D('',#425,#426,#427);
#429=CIRCLE('',#428,6.);
#430=EDGE_CURVE('5:7912',#424,#424,#429,.T.);
#431=ORIENTED_EDGE('',*,*,#430,.T.);
#432=EDGE_LOOP('',(#431));
#433=FACE_BOUND('',#432,.T.);
#434=ORIENTED_EDGE('',*,*,#347,.T.);
#435=EDGE_LOOP('',(#434));
#436=FACE_BOUND('',#435,.T.);
#437=ADVANCED_FACE('4:1431',(#433,#436),#422,.T.);
#438=CARTESIAN_POINT('',(0.,0.,14.));
#439=DIRECTION('',(0.,0.,1.));
#440=DIRECTION('',(1.,0.,0.));
#441=AXIS2_PLACEMENT_3D('',#438,#439,#440);
#442=PLANE('',#441);
#443=CARTESIAN_POINT('',(76.,40.,14.));
#444=VERTEX_POINT('',#443);
#445=CARTESIAN_POINT('',(70.,40.,14.));
#446=DIRECTION('',(-0.,-0.,-1.));
#447=DIRECTION('',(1.,0.,-0.));
#448=AXIS2_PLACEMENT_3D('',#445,#446,#447);
#449=CIRCLE('',#448,6.);
#450=EDGE_CURVE('5:7859',#444,#444,#449,.T.);
#451=ORIENTED_EDGE('',*,*,#450,.T.);
#452=EDGE_LOOP('',(#451));
#453=FACE_BOUND('',#452,.T.);
#454=ORIENTED_EDGE('',*,*,#314,.T.);
#455=EDGE_LOOP('',(#454));
#456=FACE_BOUND('',#455,.T.);
#457=ADVANCED_FACE('4:1414',(#453,#456),#442,.T.);
#458=CARTESIAN_POINT('',(0.,0.,14.));
#459=DIRECTION('',(0.,0.,1.));
#460=DIRECTION('',(1.,0.,0.));
#461=AXIS2_PLACEMENT_3D('',#458,#459,#460);
#462=PLANE('',#461);
#463=CARTESIAN_POINT('',(-64.,40.,14.));
#464=VERTEX_POINT('',#463);
#465=CARTESIAN_POINT('',(-70.,40.,14.));
#466=DIRECTION('',(-0.,-0.,-1.));
#467=DIRECTION('',(1.,0.,-0.));
#468=AXIS2_PLACEMENT_3D('',#465,#466,#467);
#469=CIRCLE('',#468,6.);
#470=EDGE_CURVE('5:8018',#464,#464,#469,.T.);
#471=ORIENTED_EDGE('',*,*,#470,.T.);
#472=EDGE_LOOP('',(#471));
#473=FACE_BOUND('',#472,.T.);
#474=ORIENTED_EDGE('',*,*,#413,.T.);
#475=EDGE_LOOP('',(#474));
#476=FACE_BOUND('',#475,.T.);
#477=ADVANCED_FACE('4:1397',(#473,#476),#462,.T.);
#478=CARTESIAN_POINT('',(0.,0.,14.));
#479=DIRECTION('',(0.,0.,1.));
#480=DIRECTION('',(1.,0.,0.));
#481=AXIS2_PLACEMENT_3D('',#478,#479,#480);
#482=PLANE('',#481);
#483=CARTESIAN_POINT('',(-64.,-40.,14.));
#484=VERTEX_POINT('',#483);
#485=CARTESIAN_POINT('',(-70.,-40.,14.));
#486=DIRECTION('',(-0.,-0.,-1.));
#487=DIRECTION('',(1.,0.,-0.));
#488=AXIS2_PLACEMENT_3D('',#485,#486,#487);
#489=CIRCLE('',#488,6.);
#490=EDGE_CURVE('5:7965',#484,#484,#489,.T.);
#491=ORIENTED_EDGE('',*,*,#490,.T.);
#492=EDGE_LOOP('',(#491));
#493=FACE_BOUND('',#492,.T.);
#494=ORIENTED_EDGE('',*,*,#380,.T.);
#495=EDGE_LOOP('',(#494));
#496=FACE_BOUND('',#495,.T.);
#497=ADVANCED_FACE('4:1380',(#493,#496),#482,.T.);
#498=CARTESIAN_POINT('',(-70.,40.,12.));
#499=DIRECTION('',(0.,0.,1.));
#500=DIRECTION('',(1.,0.,-0.));
#501=AXIS2_PLACEMENT_3D('',#498,#499,#500);
#502=CYLINDRICAL_SURFACE('',#501,12.);
#503=CARTESIAN_POINT('',(-58.,40.,15.));
#504=VERTEX_POINT('',#503);
#505=CARTESIAN_POINT('',(-58.,40.,14.));
#506=VERTEX_POINT('',#505);
#507=CARTESIAN_POINT('',(-58.,40.,15.));
#508=DIRECTION('',(-0.,-0.,-1.));
#509=VECTOR('',#508,1.);
#510=LINE('',#507,#509);
#511=EDGE_CURVE('',#504,#506,#510,.T.);
#512=ORIENTED_EDGE('',*,*,#511,.T.);
#513=CARTESIAN_POINT('',(-62.162501186,30.912997615,14.));
#514=VERTEX_POINT('',#513);
#515=CARTESIAN_POINT('',(-70.,40.,14.));
#516=DIRECTION('',(0.,0.,1.));
#517=DIRECTION('',(1.,0.,-0.));
#518=AXIS2_PLACEMENT_3D('',#515,#516,#517);
#519=CIRCLE('',#518,12.);
#520=EDGE_CURVE('9:3981',#506,#514,#519,.T.);
#521=ORIENTED_EDGE('',*,*,#520,.T.);
#522=CARTESIAN_POINT('',(-62.162501186,30.912997615,14.5));
#523=VERTEX_POINT('',#522);
#524=CARTESIAN_POINT('',(-62.162501186,30.912997615,14.));
#525=DIRECTION('',(0.,0.,1.));
#526=VECTOR('',#525,0.5);
#527=LINE('',#524,#526);
#528=EDGE_CURVE('8:12828',#514,#523,#527,.T.);
#529=ORIENTED_EDGE('',*,*,#528,.T.);
#530=CARTESIAN_POINT('',(-62.093870266,30.972646421,15.));
#531=VERTEX_POINT('',#530);
#532=CARTESIAN_POINT('',(-62.162501186,30.912997615,14.5));
#533=CARTESIAN_POINT('',(-62.162501186,30.912997615,14.671937266));
#534=CARTESIAN_POINT('',(-62.139076428,30.933054997,14.839434653));
#535=CARTESIAN_POINT('',(-62.093870266,30.972646421,15.));
#536=B_SPLINE_CURVE_WITH_KNOTS('',3,(#532,#533,#534,#535),.UNSPECIFIED.,.F.,.F.,(4,4),(0.,0.00050825),.UNSPECIFIED.);
#537=EDGE_CURVE('9:1059',#523,#531,#536,.T.);
#538=ORIENTED_EDGE('',*,*,#537,.T.);
#539=CARTESIAN_POINT('',(-70.,40.,15.));
#540=DIRECTION('',(-0.,-0.,-1.));
#541=DIRECTION('',(1.,0.,-0.));
#542=AXIS2_PLACEMENT_3D('',#539,#540,#541);
#543=CIRCLE('',#542,12.);
#544=EDGE_CURVE('10:364',#531,#504,#543,.T.);
#545=ORIENTED_EDGE('',*,*,#544,.T.);
#546=EDGE_LOOP('',(#512,#521,#529,#538,#545));
#547=FACE_BOUND('',#546,.T.);
#548=ADVANCED_FACE('4:529',(#547),#502,.T.);
#549=CARTESIAN_POINT('',(70.,40.,12.));
#550=DIRECTION('',(0.,0.,1.));
#551=DIRECTION('',(1.,0.,-0.));
#552=AXIS2_PLACEMENT_3D('',#549,#550,#551);
#553=CYLINDRICAL_SURFACE('',#552,12.);
#554=CARTESIAN_POINT('',(82.,40.,15.));
#555=VERTEX_POINT('',#554);
#556=CARTESIAN_POINT('',(82.,40.,14.));
#557=VERTEX_POINT('',#556);
#558=CARTESIAN_POINT('',(82.,40.,15.));
#559=DIRECTION('',(-0.,-0.,-1.));
#560=VECTOR('',#559,1.);
#561=LINE('',#558,#560);
#562=EDGE_CURVE('',#555,#557,#561,.T.);
#563=ORIENTED_EDGE('',*,*,#562,.T.);
#564=CARTESIAN_POINT('',(58.19239443,37.859801245,14.));
#565=VERTEX_POINT('',#564);
#566=CARTESIAN_POINT('',(70.,40.,14.));
#567=DIRECTION('',(0.,0.,1.));
#568=DIRECTION('',(1.,0.,-0.));
#569=AXIS2_PLACEMENT_3D('',#566,#567,#568);
#570=CIRCLE('',#569,12.);
#571=EDGE_CURVE('9:3951',#557,#565,#570,.T.);
#572=ORIENTED_EDGE('',*,*,#571,.T.);
#573=CARTESIAN_POINT('',(58.19239443,37.859801245,14.5));
#574=VERTEX_POINT('',#573);
#575=CARTESIAN_POINT('',(58.19239443,37.859801245,14.));
#576=DIRECTION('',(0.,0.,1.));
#577=VECTOR('',#576,0.5);
#578=LINE('',#575,#577);
#579=EDGE_CURVE('8:13117',#565,#574,#578,.T.);
#580=ORIENTED_EDGE('',*,*,#579,.T.);
#581=CARTESIAN_POINT('',(58.208939374,37.770450874,15.));
#582=VERTEX_POINT('',#581);
#583=CARTESIAN_POINT('',(58.19239443,37.859801245,14.5));
#584=CARTESIAN_POINT('',(58.19239443,37.859801245,14.671932397));
#585=CARTESIAN_POINT('',(58.197780908,37.829462866,14.839421949));
#586=CARTESIAN_POINT('',(58.208939374,37.770450874,15.));
#587=B_SPLINE_CURVE_WITH_KNOTS('',3,(#583,#584,#585,#586),.UNSPECIFIED.,.F.,.F.,(4,4),(0.,0.000508238),.UNSPECIFIED.);
#588=EDGE_CURVE('9:1071',#574,#582,#587,.T.);
#589=ORIENTED_EDGE('',*,*,#588,.T.);
#590=CARTESIAN_POINT('',(70.,40.,15.));
#591=DIRECTION('',(-0.,-0.,-1.));
#592=DIRECTION('',(1.,0.,-0.));
#593=AXIS2_PLACEMENT_3D('',#590,#591,#592);
#594=CIRCLE('',#593,12.);
#595=EDGE_CURVE('10:340',#582,#555,#594,.T.);
#596=ORIENTED_EDGE('',*,*,#595,.T.);
#597=EDGE_LOOP('',(#563,#572,#580,#589,#596));
#598=FACE_BOUND('',#597,.T.);
#599=ADVANCED_FACE('4:526',(#598),#553,.T.);
#600=CARTESIAN_POINT('',(70.,-40.,12.));
#601=DIRECTION('',(0.,0.,1.));
#602=DIRECTION('',(1.,0.,-0.));
#603=AXIS2_PLACEMENT_3D('',#600,#601,#602);
#604=CYLINDRICAL_SURFACE('',#603,12.);
#605=CARTESIAN_POINT('',(82.,-40.,15.));
#606=VERTEX_POINT('',#605);
#607=CARTESIAN_POINT('',(82.,-40.,14.));
#608=VERTEX_POINT('',#607);
#609=CARTESIAN_POINT('',(82.,-40.,15.));
#610=DIRECTION('',(-0.,-0.,-1.));
#611=VECTOR('',#610,1.);
#612=LINE('',#609,#611);
#613=EDGE_CURVE('',#606,#608,#612,.T.);
#614=ORIENTED_EDGE('',*,*,#613,.T.);
#615=CARTESIAN_POINT('',(62.161505937,-30.913856108,14.));
#616=VERTEX_POINT('',#615);
#617=CARTESIAN_POINT('',(70.,-40.,14.));
#618=DIRECTION('',(0.,0.,1.));
#619=DIRECTION('',(1.,0.,-0.));
#620=AXIS2_PLACEMENT_3D('',#617,#618,#619);
#621=CIRCLE('',#620,12.);
#622=EDGE_CURVE('9:3924',#608,#616,#621,.T.);
#623=ORIENTED_EDGE('',*,*,#622,.T.);
#624=CARTESIAN_POINT('',(62.161505937,-30.913856108,14.5));
#625=VERTEX_POINT('',#624);
#626=CARTESIAN_POINT('',(62.161505937,-30.913856108,14.));
#627=DIRECTION('',(0.,0.,1.));
#628=VECTOR('',#627,0.5);
#629=LINE('',#626,#628);
#630=EDGE_CURVE('8:13416',#616,#625,#629,.T.);
#631=ORIENTED_EDGE('',*,*,#630,.T.);
#632=CARTESIAN_POINT('',(62.092926896,-30.973472709,15.));
#633=VERTEX_POINT('',#632);
#634=CARTESIAN_POINT('',(62.161505937,-30.913856108,14.5));
#635=CARTESIAN_POINT('',(62.161505937,-30.913856108,14.671932397));
#636=CARTESIAN_POINT('',(62.13810293,-30.933899328,14.839421949));
#637=CARTESIAN_POINT('',(62.092926896,-30.973472709,15.));
#638=B_SPLINE_CURVE_WITH_KNOTS('',3,(#634,#635,#636,#637),.UNSPECIFIED.,.F.,.F.,(4,4),(0.,0.000508238),.UNSPECIFIED.);
#639=EDGE_CURVE('9:1089',#625,#633,#638,.T.);
#640=ORIENTED_EDGE('',*,*,#639,.T.);
#641=CARTESIAN_POINT('',(70.,-40.,15.));
#642=DIRECTION('',(-0.,-0.,-1.));
#643=DIRECTION('',(1.,0.,-0.));
#644=AXIS2_PLACEMENT_3D('',#641,#642,#643);
#645=CIRCLE('',#644,12.);
#646=EDGE_CURVE('10:352',#633,#606,#645,.T.);
#647=ORIENTED_EDGE('',*,*,#646,.T.);
#648=EDGE_LOOP('',(#614,#623,#631,#640,#647));
#649=FACE_BOUND('',#648,.T.);
#650=ADVANCED_FACE('4:523',(#649),#604,.T.);
#651=CARTESIAN_POINT('',(-70.,-40.,12.));
#652=DIRECTION('',(0.,0.,1.));
#653=DIRECTION('',(1.,0.,-0.));
#654=AXIS2_PLACEMENT_3D('',#651,#652,#653);
#655=CYLINDRICAL_SURFACE('',#654,12.);
#656=CARTESIAN_POINT('',(-58.,-40.,15.));
#657=VERTEX_POINT('',#656);
#658=CARTESIAN_POINT('',(-58.,-40.,14.));
#659=VERTEX_POINT('',#658);
#660=CARTESIAN_POINT('',(-58.,-40.,15.));
#661=DIRECTION('',(-0.,-0.,-1.));
#662=VECTOR('',#661,1.);
#663=LINE('',#660,#662);
#664=EDGE_CURVE('',#657,#659,#663,.T.);
#665=ORIENTED_EDGE('',*,*,#664,.T.);
#666=CARTESIAN_POINT('',(-58.19239443,-37.859801245,14.));
#667=VERTEX_POINT('',#666);
#668=CARTESIAN_POINT('',(-70.,-40.,14.));
#669=DIRECTION('',(0.,0.,1.));
#670=DIRECTION('',(1.,0.,-0.));
#671=AXIS2_PLACEMENT_3D('',#668,#669,#670);
#672=CIRCLE('',#671,12.);
#673=EDGE_CURVE('9:3966',#659,#667,#672,.T.);
#674=ORIENTED_EDGE('',*,*,#673,.T.);
#675=CARTESIAN_POINT('',(-58.19239443,-37.859801245,14.5));
#676=VERTEX_POINT('',#675);
#677=CARTESIAN_POINT('',(-58.19239443,-37.859801245,14.));
#678=DIRECTION('',(0.,0.,1.));
#679=VECTOR('',#678,0.5);
#680=LINE('',#677,#679);
#681=EDGE_CURVE('8:12532',#667,#676,#680,.T.);
#682=ORIENTED_EDGE('',*,*,#681,.T.);
#683=CARTESIAN_POINT('',(-58.208939374,-37.770450874,15.));
#684=VERTEX_POINT('',#683);
#685=CARTESIAN_POINT('',(-58.19239443,-37.859801245,14.5));
#686=CARTESIAN_POINT('',(-58.19239443,-37.859801245,14.671932397));
#687=CARTESIAN_POINT('',(-58.197780908,-37.829462866,14.839421949));
#688=CARTESIAN_POINT('',(-58.208939374,-37.770450874,15.));
#689=B_SPLINE_CURVE_WITH_KNOTS('',3,(#685,#686,#687,#688),.UNSPECIFIED.,.F.,.F.,(4,4),(0.,0.000508238),.UNSPECIFIED.);
#690=EDGE_CURVE('9:1101',#676,#684,#689,.T.);
#691=ORIENTED_EDGE('',*,*,#690,.T.);
#692=CARTESIAN_POINT('',(-70.,-40.,15.));
#693=DIRECTION('',(-0.,-0.,-1.));
#694=DIRECTION('',(1.,0.,-0.));
#695=AXIS2_PLACEMENT_3D('',#692,#693,#694);
#696=CIRCLE('',#695,12.);
#697=EDGE_CURVE('10:376',#684,#657,#696,.T.);
#698=ORIENTED_EDGE('',*,*,#697,.T.);
#699=EDGE_LOOP('',(#665,#674,#682,#691,#698));
#700=FACE_BOUND('',#699,.T.);
#701=ADVANCED_FACE('4:520',(#700),#655,.T.);
#702=CARTESIAN_POINT('',(0.,0.,16.));
#703=DIRECTION('',(0.,0.,1.));
#704=DIRECTION('',(1.,0.,0.));
#705=AXIS2_PLACEMENT_3D('',#702,#703,#704);
#706=PLANE('',#705);
#707=CARTESIAN_POINT('',(-61.,-40.,16.));
#708=VERTEX_POINT('',#707);
#709=CARTESIAN_POINT('',(-70.,-40.,16.));
#710=DIRECTION('',(-0.,-0.,-1.));
#711=DIRECTION('',(1.,0.,-0.));
#712=AXIS2_PLACEMENT_3D('',#709,#710,#711);
#713=CIRCLE('',#712,9.);
#714=EDGE_CURVE('9:5359',#708,#708,#713,.T.);
#715=ORIENTED_EDGE('',*,*,#714,.T.);
#716=EDGE_LOOP('',(#715));
#717=FACE_BOUND('',#716,.T.);
#718=CARTESIAN_POINT('',(-61.939602959,-32.514681066,16.));
#719=VERTEX_POINT('',#718);
#720=CARTESIAN_POINT('',(-59.,-40.,16.));
#721=VERTEX_POINT('',#720);
#722=CARTESIAN_POINT('',(-70.,-40.,16.));
#723=DIRECTION('',(0.,0.,1.));
#724=DIRECTION('',(1.,0.,-0.));
#725=AXIS2_PLACEMENT_3D('',#722,#723,#724);
#726=CIRCLE('',#725,11.);
#727=EDGE_CURVE('10:370',#719,#721,#726,.T.);
#728=ORIENTED_EDGE('',*,*,#727,.T.);
#729=CARTESIAN_POINT('',(-59.458908267,-36.855896777,16.));
#730=VERTEX_POINT('',#729);
#731=CARTESIAN_POINT('',(-70.,-40.,16.));
#732=DIRECTION('',(0.,0.,1.));
#733=DIRECTION('',(1.,0.,-0.));
#734=AXIS2_PLACEMENT_3D('',#731,#732,#733);
#735=CIRCLE('',#734,11.);
#736=EDGE_CURVE('10:370',#721,#730,#735,.T.);
#737=ORIENTED_EDGE('',*,*,#736,.T.);
#738=CARTESIAN_POINT('',(-34.726303874,-22.722979981,16.));
#739=VERTEX_POINT('',#738);
#740=CARTESIAN_POINT('',(-59.458908267,-36.855896777,16.));
#741=DIRECTION('',(0.868243142,0.496138938,0.));
#742=VECTOR('',#741,28.485804486);
#743=LINE('',#740,#742);
#744=EDGE_CURVE('9:1041',#730,#739,#743,.T.);
#745=ORIENTED_EDGE('',*,*,#744,.T.);
#746=CARTESIAN_POINT('',(-37.206998566,-18.381764271,16.));
#747=VERTEX_POINT('',#746);
#748=CARTESIAN_POINT('',(0.,0.,16.));
#749=DIRECTION('',(-0.,-0.,-1.));
#750=DIRECTION('',(1.,0.,-0.));
#751=AXIS2_PLACEMENT_3D('',#748,#749,#750);
#752=CIRCLE('',#751,41.5);
#753=EDGE_CURVE('9:2939',#739,#747,#752,.T.);
#754=ORIENTED_EDGE('',*,*,#753,.T.);
#755=CARTESIAN_POINT('',(-37.206998566,-18.381764271,16.));
#756=DIRECTION('',(-0.868243142,-0.496138938,0.));
#757=VECTOR('',#756,28.485804486);
#758=LINE('',#755,#757);
#759=EDGE_CURVE('9:1047',#747,#719,#758,.T.);
#760=ORIENTED_EDGE('',*,*,#759,.T.);
#761=EDGE_LOOP('',(#728,#737,#745,#754,#760));
#762=FACE_BOUND('',#761,.T.);
#763=ADVANCED_FACE('4:1377',(#717,#762),#706,.T.);
#764=CARTESIAN_POINT('',(0.,0.,16.));
#765=DIRECTION('',(0.,0.,1.));
#766=DIRECTION('',(1.,0.,0.));
#767=AXIS2_PLACEMENT_3D('',#764,#765,#766);
#768=PLANE('',#767);
#769=CARTESIAN_POINT('',(79.,-40.,16.));
#770=VERTEX_POINT('',#769);
#771=CARTESIAN_POINT('',(70.,-40.,16.));
#772=DIRECTION('',(-0.,-0.,-1.));
#773=DIRECTION('',(1.,0.,-0.));
#774=AXIS2_PLACEMENT_3D('',#771,#772,#773);
#775=CIRCLE('',#774,9.);
#776=EDGE_CURVE('9:5353',#770,#770,#775,.T.);
#777=ORIENTED_EDGE('',*,*,#776,.T.);
#778=EDGE_LOOP('',(#777));
#779=FACE_BOUND('',#778,.T.);
#780=CARTESIAN_POINT('',(59.458908267,-36.855896777,16.));
#781=VERTEX_POINT('',#780);
#782=CARTESIAN_POINT('',(81.,-40.,16.));
#783=VERTEX_POINT('',#782);
#784=CARTESIAN_POINT('',(70.,-40.,16.));
#785=DIRECTION('',(0.,0.,1.));
#786=DIRECTION('',(1.,0.,-0.));
#787=AXIS2_PLACEMENT_3D('',#784,#785,#786);
#788=CIRCLE('',#787,11.);
#789=EDGE_CURVE('10:346',#781,#783,#788,.T.);
#790=ORIENTED_EDGE('',*,*,#789,.T.);
#791=CARTESIAN_POINT('',(61.939602959,-32.514681066,16.));
#792=VERTEX_POINT('',#791);
#793=CARTESIAN_POINT('',(70.,-40.,16.));
#794=DIRECTION('',(0.,0.,1.));
#795=DIRECTION('',(1.,0.,-0.));
#796=AXIS2_PLACEMENT_3D('',#793,#794,#795);
#797=CIRCLE('',#796,11.);
#798=EDGE_CURVE('10:346',#783,#792,#797,.T.);
#799=ORIENTED_EDGE('',*,*,#798,.T.);
#800=CARTESIAN_POINT('',(37.206998566,-18.381764271,16.));
#801=VERTEX_POINT('',#800);
#802=CARTESIAN_POINT('',(61.939602959,-32.514681066,16.));
#803=DIRECTION('',(-0.868243142,0.496138938,0.));
#804=VECTOR('',#803,28.485804486);
#805=LINE('',#802,#804);
#806=EDGE_CURVE('9:1023',#792,#801,#805,.T.);
#807=ORIENTED_EDGE('',*,*,#806,.T.);
#808=CARTESIAN_POINT('',(34.726303874,-22.722979981,16.));
#809=VERTEX_POINT('',#808);
#810=CARTESIAN_POINT('',(0.,0.,16.));
#811=DIRECTION('',(-0.,-0.,-1.));
#812=DIRECTION('',(1.,0.,-0.));
#813=AXIS2_PLACEMENT_3D('',#810,#811,#812);
#814=CIRCLE('',#813,41.5);
#815=EDGE_CURVE('9:2930',#801,#809,#814,.T.);
#816=ORIENTED_EDGE('',*,*,#815,.T.);
#817=CARTESIAN_POINT('',(34.726303874,-22.722979981,16.));
#818=DIRECTION('',(0.868243142,-0.496138938,0.));
#819=VECTOR('',#818,28.485804486);
#820=LINE('',#817,#819);
#821=EDGE_CURVE('9:1029',#809,#781,#820,.T.);
#822=ORIENTED_EDGE('',*,*,#821,.T.);
#823=EDGE_LOOP('',(#790,#799,#807,#816,#822));
#824=FACE_BOUND('',#823,.T.);
#825=ADVANCED_FACE('4:1428',(#779,#824),#768,.T.);
#826=CARTESIAN_POINT('',(0.,0.,16.));
#827=DIRECTION('',(0.,0.,1.));
#828=DIRECTION('',(1.,0.,0.));
#829=AXIS2_PLACEMENT_3D('',#826,#827,#828);
#830=PLANE('',#829);
#831=CARTESIAN_POINT('',(79.,40.,16.));
#832=VERTEX_POINT('',#831);
#833=CARTESIAN_POINT('',(70.,40.,16.));
#834=DIRECTION('',(-0.,-0.,-1.));
#835=DIRECTION('',(1.,0.,-0.));
#836=AXIS2_PLACEMENT_3D('',#833,#834,#835);
#837=CIRCLE('',#836,9.);
#838=EDGE_CURVE('9:5347',#832,#832,#837,.T.);
#839=ORIENTED_EDGE('',*,*,#838,.T.);
#840=EDGE_LOOP('',(#839));
#841=FACE_BOUND('',#840,.T.);
#842=CARTESIAN_POINT('',(61.939602959,32.514681066,16.));
#843=VERTEX_POINT('',#842);
#844=CARTESIAN_POINT('',(81.,40.,16.));
#845=VERTEX_POINT('',#844);
#846=CARTESIAN_POINT('',(70.,40.,16.));
#847=DIRECTION('',(0.,0.,1.));
#848=DIRECTION('',(1.,0.,-0.));
#849=AXIS2_PLACEMENT_3D('',#846,#847,#848);
#850=CIRCLE('',#849,11.);
#851=EDGE_CURVE('10:334',#843,#845,#850,.T.);
#852=ORIENTED_EDGE('',*,*,#851,.T.);
#853=CARTESIAN_POINT('',(59.458908267,36.855896777,16.));
#854=VERTEX_POINT('',#853);
#855=CARTESIAN_POINT('',(70.,40.,16.));
#856=DIRECTION('',(0.,0.,1.));
#857=DIRECTION('',(1.,0.,-0.));
#858=AXIS2_PLACEMENT_3D('',#855,#856,#857);
#859=CIRCLE('',#858,11.);
#860=EDGE_CURVE('10:334',#845,#854,#859,.T.);
#861=ORIENTED_EDGE('',*,*,#860,.T.);
#862=CARTESIAN_POINT('',(34.726303874,22.722979981,16.));
#863=VERTEX_POINT('',#862);
#864=CARTESIAN_POINT('',(59.458908267,36.855896777,16.));
#865=DIRECTION('',(-0.868243142,-0.496138938,0.));
#866=VECTOR('',#865,28.485804486);
#867=LINE('',#864,#866);
#868=EDGE_CURVE('9:1011',#854,#863,#867,.T.);
#869=ORIENTED_EDGE('',*,*,#868,.T.);
#870=CARTESIAN_POINT('',(37.206998566,18.381764271,16.));
#871=VERTEX_POINT('',#870);
#872=CARTESIAN_POINT('',(0.,0.,16.));
#873=DIRECTION('',(-0.,-0.,-1.));
#874=DIRECTION('',(1.,0.,-0.));
#875=AXIS2_PLACEMENT_3D('',#872,#873,#874);
#876=CIRCLE('',#875,41.5);
#877=EDGE_CURVE('9:2933',#863,#871,#876,.T.);
#878=ORIENTED_EDGE('',*,*,#877,.T.);
#879=CARTESIAN_POINT('',(37.206998566,18.381764271,16.));
#880=DIRECTION('',(0.868243142,0.496138938,0.));
#881=VECTOR('',#880,28.485804486);
#882=LINE('',#879,#881);
#883=EDGE_CURVE('9:1005',#871,#843,#882,.T.);
#884=ORIENTED_EDGE('',*,*,#883,.T.);
#885=EDGE_LOOP('',(#852,#861,#869,#878,#884));
#886=FACE_BOUND('',#885,.T.);
#887=ADVANCED_FACE('4:1411',(#841,#886),#830,.T.);
#888=CARTESIAN_POINT('',(0.,0.,16.));
#889=DIRECTION('',(0.,0.,1.));
#890=DIRECTION('',(1.,0.,0.));
#891=AXIS2_PLACEMENT_3D('',#888,#889,#890);
#892=PLANE('',#891);
#893=CARTESIAN_POINT('',(-61.,40.,16.));
#894=VERTEX_POINT('',#893);
#895=CARTESIAN_POINT('',(-70.,40.,16.));
#896=DIRECTION('',(-0.,-0.,-1.));
#897=DIRECTION('',(1.,0.,-0.));
#898=AXIS2_PLACEMENT_3D('',#895,#896,#897);
#899=CIRCLE('',#898,9.);
#900=EDGE_CURVE('9:5365',#894,#894,#899,.T.);
#901=ORIENTED_EDGE('',*,*,#900,.T.);
#902=EDGE_LOOP('',(#901));
#903=FACE_BOUND('',#902,.T.);
#904=CARTESIAN_POINT('',(-59.459583956,36.853632313,16.));
#905=VERTEX_POINT('',#904);
#906=CARTESIAN_POINT('',(-59.,40.,16.));
#907=VERTEX_POINT('',#906);
#908=CARTESIAN_POINT('',(-70.,40.,16.));
#909=DIRECTION('',(0.,0.,1.));
#910=DIRECTION('',(1.,0.,-0.));
#911=AXIS2_PLACEMENT_3D('',#908,#909,#910);
#912=CIRCLE('',#911,11.);
#913=EDGE_CURVE('10:358',#905,#907,#912,.T.);
#914=ORIENTED_EDGE('',*,*,#913,.T.);
#915=CARTESIAN_POINT('',(-61.941218208,32.512942098,16.));
#916=VERTEX_POINT('',#915);
#917=CARTESIAN_POINT('',(-70.,40.,16.));
#918=DIRECTION('',(0.,0.,1.));
#919=DIRECTION('',(1.,0.,-0.));
#920=AXIS2_PLACEMENT_3D('',#917,#918,#919);
#921=CIRCLE('',#920,11.);
#922=EDGE_CURVE('10:358',#907,#916,#921,.T.);
#923=ORIENTED_EDGE('',*,*,#922,.T.);
#924=CARTESIAN_POINT('',(-37.185428027,18.425361394,16.));
#925=VERTEX_POINT('',#924);
#926=CARTESIAN_POINT('',(-61.941218208,32.512942098,16.));
#927=DIRECTION('',(0.869127768,-0.494587629,0.));
#928=VECTOR('',#927,28.483487806);
#929=LINE('',#926,#928);
#930=EDGE_CURVE('9:993',#916,#925,#929,.T.);
#931=ORIENTED_EDGE('',*,*,#930,.T.);
#932=CARTESIAN_POINT('',(-34.699634745,22.763684864,16.));
#933=VERTEX_POINT('',#932);
#934=CARTESIAN_POINT('',(0.,0.,16.));
#935=DIRECTION('',(-0.,-0.,-1.));
#936=DIRECTION('',(1.,0.,-0.));
#937=AXIS2_PLACEMENT_3D('',#934,#935,#936);
#938=CIRCLE('',#937,41.5);
#939=EDGE_CURVE('9:2936',#925,#933,#938,.T.);
#940=ORIENTED_EDGE('',*,*,#939,.T.);
#941=CARTESIAN_POINT('',(-34.699634745,22.763684864,16.));
#942=DIRECTION('',(-0.869127768,0.494587629,0.));
#943=VECTOR('',#942,28.488273097);
#944=LINE('',#941,#943);
#945=EDGE_CURVE('9:987',#933,#905,#944,.T.);
#946=ORIENTED_EDGE('',*,*,#945,.T.);
#947=EDGE_LOOP('',(#914,#923,#931,#940,#946));
#948=FACE_BOUND('',#947,.T.);
#949=ADVANCED_FACE('4:1394',(#903,#948),#892,.T.);
#950=CARTESIAN_POINT('',(0.,0.,12.));
#951=DIRECTION('',(0.,0.,1.));
#952=DIRECTION('',(1.,0.,-0.));
#953=AXIS2_PLACEMENT_3D('',#950,#951,#952);
#954=CYLINDRICAL_SURFACE('',#953,40.);
#955=CARTESIAN_POINT('',(40.,-0.,19.));
#956=VERTEX_POINT('',#955);
#957=CARTESIAN_POINT('',(40.,-0.,15.));
#958=VERTEX_POINT('',#957);
#959=CARTESIAN_POINT('',(40.,0.,19.));
#960=DIRECTION('',(-0.,-0.,-1.));
#961=VECTOR('',#960,4.);
#962=LINE('',#959,#961);
#963=EDGE_CURVE('',#956,#958,#962,.T.);
#964=ORIENTED_EDGE('',*,*,#963,.T.);
#965=CARTESIAN_POINT('',(37.038119524,15.10555203,15.));
#966=VERTEX_POINT('',#965);
#967=CARTESIAN_POINT('',(0.,0.,15.));
#968=DIRECTION('',(0.,0.,1.));
#969=DIRECTION('',(1.,0.,-0.));
#970=AXIS2_PLACEMENT_3D('',#967,#968,#969);
#971=CIRCLE('',#970,40.);
#972=EDGE_CURVE('9:4923',#958,#966,#971,.T.);
#973=ORIENTED_EDGE('',*,*,#972,.T.);
#974=CARTESIAN_POINT('',(35.862167293,17.717363152,17.5));
#975=VERTEX_POINT('',#974);
#976=CARTESIAN_POINT('',(37.038119295,15.105552591,14.999999968));
#977=CARTESIAN_POINT('',(37.027338309,15.131987072,15.173706082));
#978=CARTESIAN_POINT('',(37.010746247,15.172605053,15.346018619));
#979=CARTESIAN_POINT('',(36.988940285,15.225580337,15.510744399));
#980=CARTESIAN_POINT('',(36.967134322,15.278555622,15.67547018));
#981=CARTESIAN_POINT('',(36.940030916,15.344096946,15.834380517));
#982=CARTESIAN_POINT('',(36.907326143,15.422362887,15.987363373));
#983=CARTESIAN_POINT('',(36.874621369,15.500628827,16.14034623));
#984=CARTESIAN_POINT('',(36.836486761,15.59118333,16.285939608));
#985=CARTESIAN_POINT('',(36.793957188,15.690911842,16.420069822));
#986=CARTESIAN_POINT('',(36.751427615,15.790640355,16.554200036));
#987=CARTESIAN_POINT('',(36.704226998,15.900212175,16.678242143));
#988=CARTESIAN_POINT('',(36.651967881,16.019776855,16.791927279));
#989=CARTESIAN_POINT('',(36.599708763,16.139341535,16.905612416));
#990=CARTESIAN_POINT('',(36.54307269,16.267303894,17.007136357));
#991=CARTESIAN_POINT('',(36.483180378,16.400535037,17.094681182));
#992=CARTESIAN_POINT('',(36.423288065,16.533766181,17.182226008));
#993=CARTESIAN_POINT('',(36.359788143,16.673078075,17.256581828));
#994=CARTESIAN_POINT('',(36.292347988,16.818605101,17.317261841));
#995=CARTESIAN_POINT('',(36.224907833,16.964132127,17.377941855));
#996=CARTESIAN_POINT('',(36.154958484,17.11276015,17.423518796));
#997=CARTESIAN_POINT('',(36.08328377,17.26257896,17.453973457));
#998=CARTESIAN_POINT('',(36.011609056,17.412397771,17.484428118));
#999=CARTESIAN_POINT('',(35.93794859,17.563972293,17.5));
#1000=CARTESIAN_POINT('',(35.862167293,17.717363152,17.5));
#1001=B_SPLINE_CURVE_WITH_KNOTS('',3,(#976,#977,#978,#979,#980,#981,#982,#983,#984,#985,#986,#987,#988,#989,#990,#991,#992,#993,#994,#995,#996,#997,#998,#999,#1000),.UNSPECIFIED.,.F.,.F.,(4,3,3,3,3,3,3,3,4),(0.00970138,0.010226263,0.010751145,0.011276028,0.011800911,0.012325793,0.012850676,0.013375558,0.013900441),.UNSPECIFIED.);
#1002=EDGE_CURVE('9:2843',#966,#975,#1001,.T.);
#1003=ORIENTED_EDGE('',*,*,#1002,.T.);
#1004=CARTESIAN_POINT('',(33.471136264,21.901667452,17.5));
#1005=VERTEX_POINT('',#1004);
#1006=CARTESIAN_POINT('',(0.,0.,17.5));
#1007=DIRECTION('',(0.,0.,1.));
#1008=DIRECTION('',(1.,0.,-0.));
#1009=AXIS2_PLACEMENT_3D('',#1006,#1007,#1008);
#1010=CIRCLE('',#1009,40.);
#1011=EDGE_CURVE('9:2840',#975,#1005,#1010,.T.);
#1012=ORIENTED_EDGE('',*,*,#1011,.T.);
#1013=CARTESIAN_POINT('',(31.81798243,24.240791944,15.));
#1014=VERTEX_POINT('',#1013);
#1015=CARTESIAN_POINT('',(33.471136264,21.901667452,17.5));
#1016=CARTESIAN_POINT('',(33.377457721,22.044831313,17.5));
#1017=CARTESIAN_POINT('',(33.284267292,22.185245857,17.484428118));
#1018=CARTESIAN_POINT('',(33.191581326,22.323058237,17.453973457));
#1019=CARTESIAN_POINT('',(33.09889536,22.460870618,17.423518796));
#1020=CARTESIAN_POINT('',(33.006359347,22.596591976,17.377941855));
#1021=CARTESIAN_POINT('',(32.915221065,22.728577215,17.317261841));
#1022=CARTESIAN_POINT('',(32.824082783,22.860562454,17.256581828));
#1023=CARTESIAN_POINT('',(32.736298651,22.985997657,17.182226008));
#1024=CARTESIAN_POINT('',(32.651921762,23.105237614,17.094681182));
#1025=CARTESIAN_POINT('',(32.567544874,23.224477572,17.007136357));
#1026=CARTESIAN_POINT('',(32.486054079,23.338237232,16.905612416));
#1027=CARTESIAN_POINT('',(32.409576061,23.44396254,16.791927279));
#1028=CARTESIAN_POINT('',(32.333098042,23.549687848,16.678242143));
#1029=CARTESIAN_POINT('',(32.262661095,23.645981765,16.554200036));
#1030=CARTESIAN_POINT('',(32.198333083,23.733254027,16.420069822));
#1031=CARTESIAN_POINT('',(32.13400507,23.820526289,16.285939608));
#1032=CARTESIAN_POINT('',(32.07534953,23.899354545,16.14034623));
#1033=CARTESIAN_POINT('',(32.024524375,23.96726598,15.987363373));
#1034=CARTESIAN_POINT('',(31.973699219,24.035177416,15.834380517));
#1035=CARTESIAN_POINT('',(31.930993038,24.09180287,15.67547018));
#1036=CARTESIAN_POINT('',(31.896423512,24.137484689,15.510744399));
#1037=CARTESIAN_POINT('',(31.861853987,24.183166509,15.346018619));
#1038=CARTESIAN_POINT('',(31.835283696,24.218082645,15.173706082));
#1039=CARTESIAN_POINT('',(31.817982798,24.240791462,14.999999968));
#1040=B_SPLINE_CURVE_WITH_KNOTS('',3,(#1015,#1016,#1017,#1018,#1019,#1020,#1021,#1022,#1023,#1024,#1025,#1026,#1027,#1028,#1029,#1030,#1031,#1032,#1033,#1034,#1035,#1036,#1037,#1038,#1039),.UNSPECIFIED.,.F.,.F.,(4,3,3,3,3,3,3,3,4),(0.00970138,0.010226263,0.010751145,0.011276028,0.011800911,0.012325793,0.012850676,0.013375558,0.013900441),.UNSPECIFIED.);
#1041=EDGE_CURVE('9:2846',#1005,#1014,#1040,.T.);
#1042=ORIENTED_EDGE('',*,*,#1041,.T.);
#1043=CARTESIAN_POINT('',(-31.789029871,24.278747493,15.));
#1044=VERTEX_POINT('',#1043);
#1045=CARTESIAN_POINT('',(0.,0.,15.));
#1046=DIRECTION('',(0.,0.,1.));
#1047=DIRECTION('',(1.,0.,-0.));
#1048=AXIS2_PLACEMENT_3D('',#1045,#1046,#1047);
#1049=CIRCLE('',#1048,40.);
#1050=EDGE_CURVE('9:4926',#1014,#1044,#1049,.T.);
#1051=ORIENTED_EDGE('',*,*,#1050,.T.);
#1052=CARTESIAN_POINT('',(-33.445431079,21.940901073,17.5));
#1053=VERTEX_POINT('',#1052);
#1054=CARTESIAN_POINT('',(-31.789030246,24.278747003,14.999999968));
#1055=CARTESIAN_POINT('',(-31.806368379,24.256045566,15.173738318));
#1056=CARTESIAN_POINT('',(-31.832995014,24.221141878,15.346064142));
#1057=CARTESIAN_POINT('',(-31.867637693,24.175476579,15.510803928));
#1058=CARTESIAN_POINT('',(-31.902280373,24.129811281,15.675543714));
#1059=CARTESIAN_POINT('',(-31.945077191,24.073205983,15.834467393));
#1060=CARTESIAN_POINT('',(-31.996010777,24.005318044,15.987462911));
#1061=CARTESIAN_POINT('',(-32.046944363,23.937430105,16.140458429));
#1062=CARTESIAN_POINT('',(-32.105717119,23.858639781,16.286041948));
#1063=CARTESIAN_POINT('',(-32.170174251,23.771409059,16.42016709));
#1064=CARTESIAN_POINT('',(-32.234631384,23.684178337,16.554292233));
#1065=CARTESIAN_POINT('',(-32.305208869,23.587931633,16.678328543));
#1066=CARTESIAN_POINT('',(-32.381838948,23.482259395,16.792007589));
#1067=CARTESIAN_POINT('',(-32.458469028,23.376587158,16.905686635));
#1068=CARTESIAN_POINT('',(-32.540112652,23.262897855,17.00719332));
#1069=CARTESIAN_POINT('',(-32.624650685,23.143728473,17.094727674));
#1070=CARTESIAN_POINT('',(-32.709188719,23.024559092,17.182262029));
#1071=CARTESIAN_POINT('',(-32.797140385,22.899199104,17.256609332));
#1072=CARTESIAN_POINT('',(-32.888453035,22.76729358,17.317282641));
#1073=CARTESIAN_POINT('',(-32.979765685,22.635388056,17.37795595));
#1074=CARTESIAN_POINT('',(-33.072474131,22.499756594,17.423525779));
#1075=CARTESIAN_POINT('',(-33.165337074,22.362030694,17.453977368));
#1076=CARTESIAN_POINT('',(-33.258200016,22.224304795,17.484428957));
#1077=CARTESIAN_POINT('',(-33.351570036,22.083977378,17.5));
#1078=CARTESIAN_POINT('',(-33.445431079,21.940901073,17.5));
#1079=B_SPLINE_CURVE_WITH_KNOTS('',3,(#1054,#1055,#1056,#1057,#1058,#1059,#1060,#1061,#1062,#1063,#1064,#1065,#1066,#1067,#1068,#1069,#1070,#1071,#1072,#1073,#1074,#1075,#1076,#1077,#1078),.UNSPECIFIED.,.F.,.F.,(4,3,3,3,3,3,3,3,4),(0.009701884,0.010226846,0.010751808,0.01127677,0.011801732,0.012326694,0.012851656,0.013376619,0.013901581),.UNSPECIFIED.);
#1080=EDGE_CURVE('9:2834',#1044,#1053,#1079,.T.);
#1081=ORIENTED_EDGE('',*,*,#1080,.T.);
#1082=CARTESIAN_POINT('',(-35.841376411,17.759384476,17.5));
#1083=VERTEX_POINT('',#1082);
#1084=CARTESIAN_POINT('',(0.,0.,17.5));
#1085=DIRECTION('',(0.,0.,1.));
#1086=DIRECTION('',(1.,0.,-0.));
#1087=AXIS2_PLACEMENT_3D('',#1084,#1085,#1086);
#1088=CIRCLE('',#1087,40.);
#1089=EDGE_CURVE('9:2831',#1053,#1083,#1088,.T.);
#1090=ORIENTED_EDGE('',*,*,#1089,.T.);
#1091=CARTESIAN_POINT('',(-37.02008343,15.149700421,15.));
#1092=VERTEX_POINT('',#1091);
#1093=CARTESIAN_POINT('',(-35.841376411,17.759384476,17.5));
#1094=CARTESIAN_POINT('',(-35.91732594,17.606105759,17.5));
#1095=CARTESIAN_POINT('',(-35.991152795,17.454641065,17.484427395));
#1096=CARTESIAN_POINT('',(-36.062992015,17.304930134,17.453969877));
#1097=CARTESIAN_POINT('',(-36.134831234,17.155219203,17.423512359));
#1098=CARTESIAN_POINT('',(-36.204945668,17.006693538,17.377928683));
#1099=CARTESIAN_POINT('',(-36.272543248,16.861275347,17.317242303));
#1100=CARTESIAN_POINT('',(-36.340140828,16.715857156,17.256555922));
#1101=CARTESIAN_POINT('',(-36.403790833,16.576650464,17.18219196));
#1102=CARTESIAN_POINT('',(-36.463825986,16.443521352,17.094637061));
#1103=CARTESIAN_POINT('',(-36.52386114,16.31039224,17.007082162));
#1104=CARTESIAN_POINT('',(-36.580635573,16.182525022,16.905541575));
#1105=CARTESIAN_POINT('',(-36.633017942,16.063063109,16.791850497));
#1106=CARTESIAN_POINT('',(-36.685400311,15.943601196,16.678159418));
#1107=CARTESIAN_POINT('',(-36.73271325,15.834125261,16.554111623));
#1108=CARTESIAN_POINT('',(-36.775344432,15.734485753,16.419976403));
#1109=CARTESIAN_POINT('',(-36.817975615,15.634846244,16.285841182));
#1110=CARTESIAN_POINT('',(-36.856202612,15.544372506,16.140238226));
#1111=CARTESIAN_POINT('',(-36.888982976,15.466186829,15.987267506));
#1112=CARTESIAN_POINT('',(-36.92176334,15.388001152,15.834296786));
#1113=CARTESIAN_POINT('',(-36.948930352,15.322526693,15.675399247));
#1114=CARTESIAN_POINT('',(-36.970787859,15.26960527,15.510686918));
#1115=CARTESIAN_POINT('',(-36.992645365,15.216683847,15.345974589));
#1116=CARTESIAN_POINT('',(-37.009276871,15.176107525,15.173674922));
#1117=CARTESIAN_POINT('',(-37.020083204,15.149700973,14.999999969));
#1118=B_SPLINE_CURVE_WITH_KNOTS('',3,(#1093,#1094,#1095,#1096,#1097,#1098,#1099,#1100,#1101,#1102,#1103,#1104,#1105,#1106,#1107,#1108,#1109,#1110,#1111,#1112,#1113,#1114,#1115,#1116,#1117),.UNSPECIFIED.,.F.,.F.,(4,3,3,3,3,3,3,3,4),(0.009700923,0.010225729,0.010750535,0.011275341,0.011800146,0.012324952,0.012849758,0.013374564,0.013899369),.UNSPECIFIED.);
#1119=EDGE_CURVE('9:2837',#1083,#1092,#1118,.T.);
#1120=ORIENTED_EDGE('',*,*,#1119,.T.);
#1121=CARTESIAN_POINT('',(-37.038119524,-15.10555203,15.));
#1122=VERTEX_POINT('',#1121);
#1123=CARTESIAN_POINT('',(0.,0.,15.));
#1124=DIRECTION('',(0.,0.,1.));
#1125=DIRECTION('',(1.,0.,-0.));
#1126=AXIS2_PLACEMENT_3D('',#1123,#1124,#1125);
#1127=CIRCLE('',#1126,40.);
#1128=EDGE_CURVE('9:4917',#1092,#1122,#1127,.T.);
#1129=ORIENTED_EDGE('',*,*,#1128,.T.);
#1130=CARTESIAN_POINT('',(-35.862167293,-17.717363152,17.5));
#1131=VERTEX_POINT('',#1130);
#1132=CARTESIAN_POINT('',(-37.038119295,-15.105552591,14.999999968));
#1133=CARTESIAN_POINT('',(-37.027338309,-15.131987072,15.173706082));
#1134=CARTESIAN_POINT('',(-37.010746247,-15.172605053,15.346018619));
#1135=CARTESIAN_POINT('',(-36.988940285,-15.225580337,15.510744399));
#1136=CARTESIAN_POINT('',(-36.967134322,-15.278555622,15.67547018));
#1137=CARTESIAN_POINT('',(-36.940030916,-15.344096946,15.834380517));
#1138=CARTESIAN_POINT('',(-36.907326143,-15.422362887,15.987363373));
#1139=CARTESIAN_POINT('',(-36.874621369,-15.500628827,16.14034623));
#1140=CARTESIAN_POINT('',(-36.836486761,-15.59118333,16.285939608));
#1141=CARTESIAN_POINT('',(-36.793957188,-15.690911842,16.420069822));
#1142=CARTESIAN_POINT('',(-36.751427615,-15.790640355,16.554200036));
#1143=CARTESIAN_POINT('',(-36.704226998,-15.900212175,16.678242143));
#1144=CARTESIAN_POINT('',(-36.651967881,-16.019776855,16.791927279));
#1145=CARTESIAN_POINT('',(-36.599708763,-16.139341535,16.905612416));
#1146=CARTESIAN_POINT('',(-36.54307269,-16.267303894,17.007136357));
#1147=CARTESIAN_POINT('',(-36.483180378,-16.400535037,17.094681182));
#1148=CARTESIAN_POINT('',(-36.423288065,-16.533766181,17.182226008));
#1149=CARTESIAN_POINT('',(-36.359788143,-16.673078075,17.256581828));
#1150=CARTESIAN_POINT('',(-36.292347988,-16.818605101,17.317261841));
#1151=CARTESIAN_POINT('',(-36.224907833,-16.964132127,17.377941855));
#1152=CARTESIAN_POINT('',(-36.154958484,-17.11276015,17.423518796));
#1153=CARTESIAN_POINT('',(-36.08328377,-17.26257896,17.453973457));
#1154=CARTESIAN_POINT('',(-36.011609056,-17.412397771,17.484428118));
#1155=CARTESIAN_POINT('',(-35.93794859,-17.563972293,17.5));
#1156=CARTESIAN_POINT('',(-35.862167293,-17.717363152,17.5));
#1157=B_SPLINE_CURVE_WITH_KNOTS('',3,(#1132,#1133,#1134,#1135,#1136,#1137,#1138,#1139,#1140,#1141,#1142,#1143,#1144,#1145,#1146,#1147,#1148,#1149,#1150,#1151,#1152,#1153,#1154,#1155,#1156),.UNSPECIFIED.,.F.,.F.,(4,3,3,3,3,3,3,3,4),(0.00970138,0.010226263,0.010751145,0.011276028,0.011800911,0.012325793,0.012850676,0.013375558,0.013900441),.UNSPECIFIED.);
#1158=EDGE_CURVE('9:2825',#1122,#1131,#1157,.T.);
#1159=ORIENTED_EDGE('',*,*,#1158,.T.);
#1160=CARTESIAN_POINT('',(-33.471136264,-21.901667452,17.5));
#1161=VERTEX_POINT('',#1160);
#1162=CARTESIAN_POINT('',(0.,0.,17.5));
#1163=DIRECTION('',(0.,0.,1.));
#1164=DIRECTION('',(1.,0.,-0.));
#1165=AXIS2_PLACEMENT_3D('',#1162,#1163,#1164);
#1166=CIRCLE('',#1165,40.);
#1167=EDGE_CURVE('9:2822',#1131,#1161,#1166,.T.);
#1168=ORIENTED_EDGE('',*,*,#1167,.T.);
#1169=CARTESIAN_POINT('',(-31.81798243,-24.240791944,15.));
#1170=VERTEX_POINT('',#1169);
#1171=CARTESIAN_POINT('',(-33.471136264,-21.901667452,17.5));
#1172=CARTESIAN_POINT('',(-33.377457721,-22.044831313,17.5));
#1173=CARTESIAN_POINT('',(-33.284267292,-22.185245857,17.484428118));
#1174=CARTESIAN_POINT('',(-33.191581326,-22.323058237,17.453973457));
#1175=CARTESIAN_POINT('',(-33.09889536,-22.460870618,17.423518796));
#1176=CARTESIAN_POINT('',(-33.006359347,-22.596591976,17.377941855));
#1177=CARTESIAN_POINT('',(-32.915221065,-22.728577215,17.317261841));
#1178=CARTESIAN_POINT('',(-32.824082783,-22.860562454,17.256581828));
#1179=CARTESIAN_POINT('',(-32.736298651,-22.985997657,17.182226008));
#1180=CARTESIAN_POINT('',(-32.651921762,-23.105237614,17.094681182));
#1181=CARTESIAN_POINT('',(-32.567544874,-23.224477572,17.007136357));
#1182=CARTESIAN_POINT('',(-32.486054079,-23.338237232,16.905612416));
#1183=CARTESIAN_POINT('',(-32.409576061,-23.44396254,16.791927279));
#1184=CARTESIAN_POINT('',(-32.333098042,-23.549687848,16.678242143));
#1185=CARTESIAN_POINT('',(-32.262661095,-23.645981765,16.554200036));
#1186=CARTESIAN_POINT('',(-32.198333083,-23.733254027,16.420069822));
#1187=CARTESIAN_POINT('',(-32.13400507,-23.820526289,16.285939608));
#1188=CARTESIAN_POINT('',(-32.07534953,-23.899354545,16.14034623));
#1189=CARTESIAN_POINT('',(-32.024524375,-23.96726598,15.987363373));
#1190=CARTESIAN_POINT('',(-31.973699219,-24.035177416,15.834380517));
#1191=CARTESIAN_POINT('',(-31.930993038,-24.09180287,15.67547018));
#1192=CARTESIAN_POINT('',(-31.896423512,-24.137484689,15.510744399));
#1193=CARTESIAN_POINT('',(-31.861853987,-24.183166509,15.346018619));
#1194=CARTESIAN_POINT('',(-31.835283696,-24.218082645,15.173706082));
#1195=CARTESIAN_POINT('',(-31.817982798,-24.240791462,14.999999968));
#1196=B_SPLINE_CURVE_WITH_KNOTS('',3,(#1171,#1172,#1173,#1174,#1175,#1176,#1177,#1178,#1179,#1180,#1181,#1182,#1183,#1184,#1185,#1186,#1187,#1188,#1189,#1190,#1191,#1192,#1193,#1194,#1195),.UNSPECIFIED.,.F.,.F.,(4,3,3,3,3,3,3,3,4),(0.00970138,0.010226263,0.010751145,0.011276028,0.011800911,0.012325793,0.012850676,0.013375558,0.013900441),.UNSPECIFIED.);
#1197=EDGE_CURVE('9:2828',#1161,#1170,#1196,.T.);
#1198=ORIENTED_EDGE('',*,*,#1197,.T.);
#1199=CARTESIAN_POINT('',(31.81798243,-24.240791944,15.));
#1200=VERTEX_POINT('',#1199);
#1201=CARTESIAN_POINT('',(0.,0.,15.));
#1202=DIRECTION('',(0.,0.,1.));
#1203=DIRECTION('',(1.,0.,-0.));
#1204=AXIS2_PLACEMENT_3D('',#1201,#1202,#1203);
#1205=CIRCLE('',#1204,40.);
#1206=EDGE_CURVE('9:4920',#1170,#1200,#1205,.T.);
#1207=ORIENTED_EDGE('',*,*,#1206,.T.);
#1208=CARTESIAN_POINT('',(33.471136264,-21.901667452,17.5));
#1209=VERTEX_POINT('',#1208);
#1210=CARTESIAN_POINT('',(31.817982798,-24.240791462,14.999999968));
#1211=CARTESIAN_POINT('',(31.835283696,-24.218082645,15.173706082));
#1212=CARTESIAN_POINT('',(31.861853987,-24.183166509,15.346018619));
#1213=CARTESIAN_POINT('',(31.896423512,-24.137484689,15.510744399));
#1214=CARTESIAN_POINT('',(31.930993038,-24.09180287,15.67547018));
#1215=CARTESIAN_POINT('',(31.973699219,-24.035177416,15.834380517));
#1216=CARTESIAN_POINT('',(32.024524375,-23.96726598,15.987363373));
#1217=CARTESIAN_POINT('',(32.07534953,-23.899354545,16.14034623));
#1218=CARTESIAN_POINT('',(32.13400507,-23.820526289,16.285939608));
#1219=CARTESIAN_POINT('',(32.198333083,-23.733254027,16.420069822));
#1220=CARTESIAN_POINT('',(32.262661095,-23.645981765,16.554200036));
#1221=CARTESIAN_POINT('',(32.333098042,-23.549687848,16.678242143));
#1222=CARTESIAN_POINT('',(32.409576061,-23.44396254,16.791927279));
#1223=CARTESIAN_POINT('',(32.486054079,-23.338237232,16.905612416));
#1224=CARTESIAN_POINT('',(32.567544874,-23.224477572,17.007136357));
#1225=CARTESIAN_POINT('',(32.651921762,-23.105237614,17.094681182));
#1226=CARTESIAN_POINT('',(32.736298651,-22.985997657,17.182226008));
#1227=CARTESIAN_POINT('',(32.824082783,-22.860562454,17.256581828));
#1228=CARTESIAN_POINT('',(32.915221065,-22.728577215,17.317261841));
#1229=CARTESIAN_POINT('',(33.006359347,-22.596591976,17.377941855));
#1230=CARTESIAN_POINT('',(33.09889536,-22.460870618,17.423518796));
#1231=CARTESIAN_POINT('',(33.191581326,-22.323058237,17.453973457));
#1232=CARTESIAN_POINT('',(33.284267292,-22.185245857,17.484428118));
#1233=CARTESIAN_POINT('',(33.377457721,-22.044831313,17.5));
#1234=CARTESIAN_POINT('',(33.471136264,-21.901667452,17.5));
#1235=B_SPLINE_CURVE_WITH_KNOTS('',3,(#1210,#1211,#1212,#1213,#1214,#1215,#1216,#1217,#1218,#1219,#1220,#1221,#1222,#1223,#1224,#1225,#1226,#1227,#1228,#1229,#1230,#1231,#1232,#1233,#1234),.UNSPECIFIED.,.F.,.F.,(4,3,3,3,3,3,3,3,4),(0.00970138,0.010226263,0.010751145,0.011276028,0.011800911,0.012325793,0.012850676,0.013375558,0.013900441),.UNSPECIFIED.);
#1236=EDGE_CURVE('9:2852',#1200,#1209,#1235,.T.);
#1237=ORIENTED_EDGE('',*,*,#1236,.T.);
#1238=CARTESIAN_POINT('',(35.862167293,-17.717363152,17.5));
#1239=VERTEX_POINT('',#1238);
#1240=CARTESIAN_POINT('',(0.,0.,17.5));
#1241=DIRECTION('',(0.,0.,1.));
#1242=DIRECTION('',(1.,0.,-0.));
#1243=AXIS2_PLACEMENT_3D('',#1240,#1241,#1242);
#1244=CIRCLE('',#1243,40.);
#1245=EDGE_CURVE('9:2849',#1209,#1239,#1244,.T.);
#1246=ORIENTED_EDGE('',*,*,#1245,.T.);
#1247=CARTESIAN_POINT('',(37.038119524,-15.10555203,15.));
#1248=VERTEX_POINT('',#1247);
#1249=CARTESIAN_POINT('',(35.862167293,-17.717363152,17.5));
#1250=CARTESIAN_POINT('',(35.93794859,-17.563972293,17.5));
#1251=CARTESIAN_POINT('',(36.011609056,-17.412397771,17.484428118));
#1252=CARTESIAN_POINT('',(36.08328377,-17.26257896,17.453973457));
#1253=CARTESIAN_POINT('',(36.154958484,-17.11276015,17.423518796));
#1254=CARTESIAN_POINT('',(36.224907833,-16.964132127,17.377941855));
#1255=CARTESIAN_POINT('',(36.292347988,-16.818605101,17.317261841));
#1256=CARTESIAN_POINT('',(36.359788143,-16.673078075,17.256581828));
#1257=CARTESIAN_POINT('',(36.423288065,-16.533766181,17.182226008));
#1258=CARTESIAN_POINT('',(36.483180378,-16.400535037,17.094681182));
#1259=CARTESIAN_POINT('',(36.54307269,-16.267303894,17.007136357));
#1260=CARTESIAN_POINT('',(36.599708763,-16.139341535,16.905612416));
#1261=CARTESIAN_POINT('',(36.651967881,-16.019776855,16.791927279));
#1262=CARTESIAN_POINT('',(36.704226998,-15.900212175,16.678242143));
#1263=CARTESIAN_POINT('',(36.751427615,-15.790640355,16.554200036));
#1264=CARTESIAN_POINT('',(36.793957188,-15.690911842,16.420069822));
#1265=CARTESIAN_POINT('',(36.836486761,-15.59118333,16.285939608));
#1266=CARTESIAN_POINT('',(36.874621369,-15.500628827,16.14034623));
#1267=CARTESIAN_POINT('',(36.907326143,-15.422362887,15.987363373));
#1268=CARTESIAN_POINT('',(36.940030916,-15.344096946,15.834380517));
#1269=CARTESIAN_POINT('',(36.967134322,-15.278555622,15.67547018));
#1270=CARTESIAN_POINT('',(36.988940285,-15.225580337,15.510744399));
#1271=CARTESIAN_POINT('',(37.010746247,-15.172605053,15.346018619));
#1272=CARTESIAN_POINT('',(37.027338309,-15.131987072,15.173706082));
#1273=CARTESIAN_POINT('',(37.038119295,-15.105552591,14.999999968));
#1274=B_SPLINE_CURVE_WITH_KNOTS('',3,(#1249,#1250,#1251,#1252,#1253,#1254,#1255,#1256,#1257,#1258,#1259,#1260,#1261,#1262,#1263,#1264,#1265,#1266,#1267,#1268,#1269,#1270,#1271,#1272,#1273),.UNSPECIFIED.,.F.,.F.,(4,3,3,3,3,3,3,3,4),(0.00970138,0.010226263,0.010751145,0.011276028,0.011800911,0.012325793,0.012850676,0.013375558,0.013900441),.UNSPECIFIED.);
#1275=EDGE_CURVE('9:2855',#1239,#1248,#1274,.T.);
#1276=ORIENTED_EDGE('',*,*,#1275,.T.);
#1277=CARTESIAN_POINT('',(0.,0.,15.));
#1278=DIRECTION('',(0.,0.,1.));
#1279=DIRECTION('',(1.,0.,-0.));
#1280=AXIS2_PLACEMENT_3D('',#1277,#1278,#1279);
#1281=CIRCLE('',#1280,40.);
#1282=EDGE_CURVE('9:4923',#1248,#958,#1281,.T.);
#1283=ORIENTED_EDGE('',*,*,#1282,.T.);
#1284=ORIENTED_EDGE('',*,*,#963,.F.);
#1285=CARTESIAN_POINT('',(0.,0.,19.));
#1286=DIRECTION('',(-0.,-0.,-1.));
#1287=DIRECTION('',(1.,0.,-0.));
#1288=AXIS2_PLACEMENT_3D('',#1285,#1286,#1287);
#1289=CIRCLE('',#1288,40.);
#1290=EDGE_CURVE('10:861',#956,#956,#1289,.T.);
#1291=ORIENTED_EDGE('',*,*,#1290,.T.);
#1292=EDGE_LOOP('',(#964,#973,#1003,#1012,#1042,#1051,#1081,#1090,#1120,#1129,#1159,#1168,#1198,#1207,#1237,#1246,#1276,#1283,#1284,#1291));
#1293=FACE_BOUND('',#1292,.T.);
#1294=ADVANCED_FACE('3:4955',(#1293),#954,.T.);
#1295=CARTESIAN_POINT('',(0.,0.,20.));
#1296=DIRECTION('',(0.,0.,1.));
#1297=DIRECTION('',(1.,0.,0.));
#1298=AXIS2_PLACEMENT_3D('',#1295,#1296,#1297);
#1299=PLANE('',#1298);
#1300=CARTESIAN_POINT('',(39.,-0.,20.));
#1301=VERTEX_POINT('',#1300);
#1302=CARTESIAN_POINT('',(0.,0.,20.));
#1303=DIRECTION('',(0.,0.,1.));
#1304=DIRECTION('',(1.,0.,-0.));
#1305=AXIS2_PLACEMENT_3D('',#1302,#1303,#1304);
#1306=CIRCLE('',#1305,39.);
#1307=EDGE_CURVE('10:858',#1301,#1301,#1306,.T.);
#1308=ORIENTED_EDGE('',*,*,#1307,.T.);
#1309=EDGE_LOOP('',(#1308));
#1310=FACE_BOUND('',#1309,.T.);
#1311=CARTESIAN_POINT('',(27.,-0.,20.));
#1312=VERTEX_POINT('',#1311);
#1313=CARTESIAN_POINT('',(0.,0.,20.));
#1314=DIRECTION('',(-0.,-0.,-1.));
#1315=DIRECTION('',(1.,0.,-0.));
#1316=AXIS2_PLACEMENT_3D('',#1313,#1314,#1315);
#1317=CIRCLE('',#1316,27.);
#1318=EDGE_CURVE('3:5016',#1312,#1312,#1317,.T.);
#1319=ORIENTED_EDGE('',*,*,#1318,.T.);
#1320=EDGE_LOOP('',(#1319));
#1321=FACE_BOUND('',#1320,.T.);
#1322=ADVANCED_FACE('3:4918',(#1310,#1321),#1299,.T.);
#1323=CARTESIAN_POINT('',(0.,0.,0.));
#1324=DIRECTION('',(0.,0.,1.));
#1325=DIRECTION('',(1.,0.,0.));
#1326=AXIS2_PLACEMENT_3D('',#1323,#1324,#1325);
#1327=PLANE('',#1326);
#1328=CARTESIAN_POINT('',(-89.5,-55.,0.));
#1329=VERTEX_POINT('',#1328);
#1330=CARTESIAN_POINT('',(-89.5,55.,0.));
#1331=VERTEX_POINT('',#1330);
#1332=CARTESIAN_POINT('',(-89.5,-55.,0.));
#1333=DIRECTION('',(-0.,1.,-0.));
#1334=VECTOR('',#1333,110.);
#1335=LINE('',#1332,#1334);
#1336=EDGE_CURVE('10:1705',#1329,#1331,#1335,.T.);
#1337=ORIENTED_EDGE('',*,*,#1336,.T.);
#1338=CARTESIAN_POINT('',(-85.,59.5,0.));
#1339=VERTEX_POINT('',#1338);
#1340=CARTESIAN_POINT('',(-85.,55.,0.));
#1341=DIRECTION('',(-0.,-0.,-1.));
#1342=DIRECTION('',(1.,0.,-0.));
#1343=AXIS2_PLACEMENT_3D('',#1340,#1341,#1342);
#1344=CIRCLE('',#1343,4.5);
#1345=EDGE_CURVE('10:1708',#1331,#1339,#1344,.T.);
#1346=ORIENTED_EDGE('',*,*,#1345,.T.);
#1347=CARTESIAN_POINT('',(85.,59.5,0.));
#1348=VERTEX_POINT('',#1347);
#1349=CARTESIAN_POINT('',(-85.,59.5,0.));
#1350=DIRECTION('',(1.,0.,-0.));
#1351=VECTOR('',#1350,170.);
#1352=LINE('',#1349,#1351);
#1353=EDGE_CURVE('10:1711',#1339,#1348,#1352,.T.);
#1354=ORIENTED_EDGE('',*,*,#1353,.T.);
#1355=CARTESIAN_POINT('',(89.5,55.,0.));
#1356=VERTEX_POINT('',#1355);
#1357=CARTESIAN_POINT('',(85.,55.,0.));
#1358=DIRECTION('',(-0.,-0.,-1.));
#1359=DIRECTION('',(1.,0.,-0.));
#1360=AXIS2_PLACEMENT_3D('',#1357,#1358,#1359);
#1361=CIRCLE('',#1360,4.5);
#1362=EDGE_CURVE('10:1714',#1348,#1356,#1361,.T.);
#1363=ORIENTED_EDGE('',*,*,#1362,.T.);
#1364=CARTESIAN_POINT('',(89.5,-55.,0.));
#1365=VERTEX_POINT('',#1364);
#1366=CARTESIAN_POINT('',(89.5,55.,0.));
#1367=DIRECTION('',(0.,-1.,0.));
#1368=VECTOR('',#1367,110.);
#1369=LINE('',#1366,#1368);
#1370=EDGE_CURVE('10:1717',#1356,#1365,#1369,.T.);
#1371=ORIENTED_EDGE('',*,*,#1370,.T.);
#1372=CARTESIAN_POINT('',(85.,-59.5,0.));
#1373=VERTEX_POINT('',#1372);
#1374=CARTESIAN_POINT('',(85.,-55.,0.));
#1375=DIRECTION('',(-0.,-0.,-1.));
#1376=DIRECTION('',(1.,0.,-0.));
#1377=AXIS2_PLACEMENT_3D('',#1374,#1375,#1376);
#1378=CIRCLE('',#1377,4.5);
#1379=EDGE_CURVE('10:1720',#1365,#1373,#1378,.T.);
#1380=ORIENTED_EDGE('',*,*,#1379,.T.);
#1381=CARTESIAN_POINT('',(-85.,-59.5,0.));
#1382=VERTEX_POINT('',#1381);
#1383=CARTESIAN_POINT('',(85.,-59.5,0.));
#1384=DIRECTION('',(-1.,-0.,0.));
#1385=VECTOR('',#1384,170.);
#1386=LINE('',#1383,#1385);
#1387=EDGE_CURVE('10:1699',#1373,#1382,#1386,.T.);
#1388=ORIENTED_EDGE('',*,*,#1387,.T.);
#1389=CARTESIAN_POINT('',(-85.,-55.,0.));
#1390=DIRECTION('',(-0.,-0.,-1.));
#1391=DIRECTION('',(1.,0.,-0.));
#1392=AXIS2_PLACEMENT_3D('',#1389,#1390,#1391);
#1393=CIRCLE('',#1392,4.5);
#1394=EDGE_CURVE('10:1702',#1382,#1329,#1393,.T.);
#1395=ORIENTED_EDGE('',*,*,#1394,.T.);
#1396=EDGE_LOOP('',(#1337,#1346,#1354,#1363,#1371,#1380,#1388,#1395));
#1397=FACE_BOUND('',#1396,.T.);
#1398=CARTESIAN_POINT('',(76.,-40.,0.));
#1399=VERTEX_POINT('',#1398);
#1400=CARTESIAN_POINT('',(70.,-40.,0.));
#1401=DIRECTION('',(0.,0.,1.));
#1402=DIRECTION('',(1.,0.,-0.));
#1403=AXIS2_PLACEMENT_3D('',#1400,#1401,#1402);
#1404=CIRCLE('',#1403,6.);
#1405=EDGE_CURVE('3:11968',#1399,#1399,#1404,.T.);
#1406=ORIENTED_EDGE('',*,*,#1405,.T.);
#1407=EDGE_LOOP('',(#1406));
#1408=FACE_BOUND('',#1407,.T.);
#1409=CARTESIAN_POINT('',(76.,40.,0.));
#1410=VERTEX_POINT('',#1409);
#1411=CARTESIAN_POINT('',(70.,40.,0.));
#1412=DIRECTION('',(0.,0.,1.));
#1413=DIRECTION('',(1.,0.,-0.));
#1414=AXIS2_PLACEMENT_3D('',#1411,#1412,#1413);
#1415=CIRCLE('',#1414,6.);
#1416=EDGE_CURVE('3:11965',#1410,#1410,#1415,.T.);
#1417=ORIENTED_EDGE('',*,*,#1416,.T.);
#1418=EDGE_LOOP('',(#1417));
#1419=FACE_BOUND('',#1418,.T.);
#1420=CARTESIAN_POINT('',(-64.,40.,0.));
#1421=VERTEX_POINT('',#1420);
#1422=CARTESIAN_POINT('',(-70.,40.,0.));
#1423=DIRECTION('',(0.,0.,1.));
#1424=DIRECTION('',(1.,0.,-0.));
#1425=AXIS2_PLACEMENT_3D('',#1422,#1423,#1424);
#1426=CIRCLE('',#1425,6.);
#1427=EDGE_CURVE('3:11962',#1421,#1421,#1426,.T.);
#1428=ORIENTED_EDGE('',*,*,#1427,.T.);
#1429=EDGE_LOOP('',(#1428));
#1430=FACE_BOUND('',#1429,.T.);
#1431=CARTESIAN_POINT('',(-64.,-40.,0.));
#1432=VERTEX_POINT('',#1431);
#1433=CARTESIAN_POINT('',(-70.,-40.,0.));
#1434=DIRECTION('',(0.,0.,1.));
#1435=DIRECTION('',(1.,0.,-0.));
#1436=AXIS2_PLACEMENT_3D('',#1433,#1434,#1435);
#1437=CIRCLE('',#1436,6.);
#1438=EDGE_CURVE('3:11959',#1432,#1432,#1437,.T.);
#1439=ORIENTED_EDGE('',*,*,#1438,.T.);
#1440=EDGE_LOOP('',(#1439));
#1441=FACE_BOUND('',#1440,.T.);
#1442=CARTESIAN_POINT('',(27.,-0.,0.));
#1443=VERTEX_POINT('',#1442);
#1444=CARTESIAN_POINT('',(0.,0.,0.));
#1445=DIRECTION('',(0.,0.,1.));
#1446=DIRECTION('',(1.,0.,0.));
#1447=AXIS2_PLACEMENT_3D('',#1444,#1445,#1446);
#1448=CIRCLE('',#1447,27.);
#1449=EDGE_CURVE('3:5013',#1443,#1443,#1448,.T.);
#1450=ORIENTED_EDGE('',*,*,#1449,.T.);
#1451=EDGE_LOOP('',(#1450));
#1452=FACE_BOUND('',#1451,.T.);
#1453=ADVANCED_FACE('3:204',(#1397,#1408,#1419,#1430,#1441,#1452),#1327,.F.);
#1454=CARTESIAN_POINT('',(-90.,60.,0.));
#1455=DIRECTION('',(0.,1.,0.));
#1456=DIRECTION('',(0.,0.,1.));
#1457=AXIS2_PLACEMENT_3D('',#1454,#1455,#1456);
#1458=PLANE('',#1457);
#1459=CARTESIAN_POINT('',(85.,60.,11.));
#1460=VERTEX_POINT('',#1459);
#1461=CARTESIAN_POINT('',(85.,60.,0.5));
#1462=VERTEX_POINT('',#1461);
#1463=CARTESIAN_POINT('',(85.,60.,11.));
#1464=DIRECTION('',(-0.,-0.,-1.));
#1465=VECTOR('',#1464,10.5);
#1466=LINE('',#1463,#1465);
#1467=EDGE_CURVE('3:377',#1460,#1462,#1466,.T.);
#1468=ORIENTED_EDGE('',*,*,#1467,.T.);
#1469=CARTESIAN_POINT('',(-85.,60.,0.5));
#1470=VERTEX_POINT('',#1469);
#1471=CARTESIAN_POINT('',(85.,60.,0.5));
#1472=DIRECTION('',(-1.,-0.,0.));
#1473=VECTOR('',#1472,170.);
#1474=LINE('',#1471,#1473);
#1475=EDGE_CURVE('10:1732',#1462,#1470,#1474,.T.);
#1476=ORIENTED_EDGE('',*,*,#1475,.T.);
#1477=CARTESIAN_POINT('',(-85.,60.,11.));
#1478=VERTEX_POINT('',#1477);
#1479=CARTESIAN_POINT('',(-85.,60.,0.5));
#1480=DIRECTION('',(0.,0.,1.));
#1481=VECTOR('',#1480,10.5);
#1482=LINE('',#1479,#1481);
#1483=EDGE_CURVE('3:374',#1470,#1478,#1482,.T.);
#1484=ORIENTED_EDGE('',*,*,#1483,.T.);
#1485=CARTESIAN_POINT('',(-85.,60.,11.));
#1486=DIRECTION('',(1.,-0.,-0.));
#1487=VECTOR('',#1486,170.);
#1488=LINE('',#1485,#1487);
#1489=EDGE_CURVE('10:1385',#1478,#1460,#1488,.T.);
#1490=ORIENTED_EDGE('',*,*,#1489,.T.);
#1491=EDGE_LOOP('',(#1468,#1476,#1484,#1490));
#1492=FACE_BOUND('',#1491,.T.);
#1493=ADVANCED_FACE('3:210',(#1492),#1458,.T.);
#1494=CARTESIAN_POINT('',(-90.,-60.,0.));
#1495=DIRECTION('',(-1.,0.,0.));
#1496=DIRECTION('',(0.,0.,1.));
#1497=AXIS2_PLACEMENT_3D('',#1494,#1495,#1496);
#1498=PLANE('',#1497);
#1499=CARTESIAN_POINT('',(-90.,55.,11.));
#1500=VERTEX_POINT('',#1499);
#1501=CARTESIAN_POINT('',(-90.,55.,0.5));
#1502=VERTEX_POINT('',#1501);
#1503=CARTESIAN_POINT('',(-90.,55.,11.));
#1504=DIRECTION('',(-0.,-0.,-1.));
#1505=VECTOR('',#1504,10.5);
#1506=LINE('',#1503,#1505);
#1507=EDGE_CURVE('3:395',#1500,#1502,#1506,.T.);
#1508=ORIENTED_EDGE('',*,*,#1507,.T.);
#1509=CARTESIAN_POINT('',(-90.,-55.,0.5));
#1510=VERTEX_POINT('',#1509);
#1511=CARTESIAN_POINT('',(-90.,55.,0.5));
#1512=DIRECTION('',(0.,-1.,0.));
#1513=VECTOR('',#1512,110.);
#1514=LINE('',#1511,#1513);
#1515=EDGE_CURVE('10:1738',#1502,#1510,#1514,.T.);
#1516=ORIENTED_EDGE('',*,*,#1515,.T.);
#1517=CARTESIAN_POINT('',(-90.,-55.,11.));
#1518=VERTEX_POINT('',#1517);
#1519=CARTESIAN_POINT('',(-90.,-55.,0.5));
#1520=DIRECTION('',(0.,0.,1.));
#1521=VECTOR('',#1520,10.5);
#1522=LINE('',#1519,#1521);
#1523=EDGE_CURVE('3:392',#1510,#1518,#1522,.T.);
#1524=ORIENTED_EDGE('',*,*,#1523,.T.);
#1525=CARTESIAN_POINT('',(-90.,-55.,11.));
#1526=DIRECTION('',(-0.,1.,-0.));
#1527=VECTOR('',#1526,110.);
#1528=LINE('',#1525,#1527);
#1529=EDGE_CURVE('10:1382',#1518,#1500,#1528,.T.);
#1530=ORIENTED_EDGE('',*,*,#1529,.T.);
#1531=EDGE_LOOP('',(#1508,#1516,#1524,#1530));
#1532=FACE_BOUND('',#1531,.T.);
#1533=ADVANCED_FACE('3:213',(#1532),#1498,.T.);
#1534=CARTESIAN_POINT('',(90.,-60.,0.));
#1535=DIRECTION('',(0.,-1.,0.));
#1536=DIRECTION('',(0.,0.,-1.));
#1537=AXIS2_PLACEMENT_3D('',#1534,#1535,#1536);
#1538=PLANE('',#1537);
#1539=CARTESIAN_POINT('',(-85.,-60.,11.));
#1540=VERTEX_POINT('',#1539);
#1541=CARTESIAN_POINT('',(-85.,-60.,0.5));
#1542=VERTEX_POINT('',#1541);
#1543=CARTESIAN_POINT('',(-85.,-60.,11.));
#1544=DIRECTION('',(-0.,-0.,-1.));
#1545=VECTOR('',#1544,10.5);
#1546=LINE('',#1543,#1545);
#1547=EDGE_CURVE('3:401',#1540,#1542,#1546,.T.);
#1548=ORIENTED_EDGE('',*,*,#1547,.T.);
#1549=CARTESIAN_POINT('',(85.,-60.,0.5));
#1550=VERTEX_POINT('',#1549);
#1551=CARTESIAN_POINT('',(-85.,-60.,0.5));
#1552=DIRECTION('',(1.,0.,-0.));
#1553=VECTOR('',#1552,170.);
#1554=LINE('',#1551,#1553);
#1555=EDGE_CURVE('10:1744',#1542,#1550,#1554,.T.);
#1556=ORIENTED_EDGE('',*,*,#1555,.T.);
#1557=CARTESIAN_POINT('',(85.,-60.,11.));
#1558=VERTEX_POINT('',#1557);
#1559=CARTESIAN_POINT('',(85.,-60.,0.5));
#1560=DIRECTION('',(0.,0.,1.));
#1561=VECTOR('',#1560,10.5);
#1562=LINE('',#1559,#1561);
#1563=EDGE_CURVE('3:398',#1550,#1558,#1562,.T.);
#1564=ORIENTED_EDGE('',*,*,#1563,.T.);
#1565=CARTESIAN_POINT('',(85.,-60.,11.));
#1566=DIRECTION('',(-1.,0.,0.));
#1567=VECTOR('',#1566,170.);
#1568=LINE('',#1565,#1567);
#1569=EDGE_CURVE('10:1397',#1558,#1540,#1568,.T.);
#1570=ORIENTED_EDGE('',*,*,#1569,.T.);
#1571=EDGE_LOOP('',(#1548,#1556,#1564,#1570));
#1572=FACE_BOUND('',#1571,.T.);
#1573=ADVANCED_FACE('3:216',(#1572),#1538,.T.);
#1574=CARTESIAN_POINT('',(90.,60.,0.));
#1575=DIRECTION('',(1.,0.,0.));
#1576=DIRECTION('',(0.,0.,-1.));
#1577=AXIS2_PLACEMENT_3D('',#1574,#1575,#1576);
#1578=PLANE('',#1577);
#1579=CARTESIAN_POINT('',(90.,-55.,11.));
#1580=VERTEX_POINT('',#1579);
#1581=CARTESIAN_POINT('',(90.,-55.,0.5));
#1582=VERTEX_POINT('',#1581);
#1583=CARTESIAN_POINT('',(90.,-55.,11.));
#1584=DIRECTION('',(-0.,-0.,-1.));
#1585=VECTOR('',#1584,10.5);
#1586=LINE('',#1583,#1585);
#1587=EDGE_CURVE('3:356',#1580,#1582,#1586,.T.);
#1588=ORIENTED_EDGE('',*,*,#1587,.T.);
#1589=CARTESIAN_POINT('',(90.,55.,0.5));
#1590=VERTEX_POINT('',#1589);
#1591=CARTESIAN_POINT('',(90.,-55.,0.5));
#1592=DIRECTION('',(-0.,1.,-0.));
#1593=VECTOR('',#1592,110.);
#1594=LINE('',#1591,#1593);
#1595=EDGE_CURVE('10:1726',#1582,#1590,#1594,.T.);
#1596=ORIENTED_EDGE('',*,*,#1595,.T.);
#1597=CARTESIAN_POINT('',(90.,55.,11.));
#1598=VERTEX_POINT('',#1597);
#1599=CARTESIAN_POINT('',(90.,55.,0.5));
#1600=DIRECTION('',(0.,0.,1.));
#1601=VECTOR('',#1600,10.5);
#1602=LINE('',#1599,#1601);
#1603=EDGE_CURVE('3:359',#1590,#1598,#1602,.T.);
#1604=ORIENTED_EDGE('',*,*,#1603,.T.);
#1605=CARTESIAN_POINT('',(90.,55.,11.));
#1606=DIRECTION('',(0.,-1.,0.));
#1607=VECTOR('',#1606,110.);
#1608=LINE('',#1605,#1607);
#1609=EDGE_CURVE('10:1394',#1598,#1580,#1608,.T.);
#1610=ORIENTED_EDGE('',*,*,#1609,.T.);
#1611=EDGE_LOOP('',(#1588,#1596,#1604,#1610));
#1612=FACE_BOUND('',#1611,.T.);
#1613=ADVANCED_FACE('3:219',(#1612),#1578,.T.);
#1614=CARTESIAN_POINT('',(85.,55.,0.));
#1615=DIRECTION('',(0.,0.,1.));
#1616=DIRECTION('',(1.,0.,-0.));
#1617=AXIS2_PLACEMENT_3D('',#1614,#1615,#1616);
#1618=CYLINDRICAL_SURFACE('',#1617,5.);
#1619=ORIENTED_EDGE('',*,*,#1603,.F.);
#1620=CARTESIAN_POINT('',(85.,55.,0.5));
#1621=DIRECTION('',(0.,0.,1.));
#1622=DIRECTION('',(1.,0.,-0.));
#1623=AXIS2_PLACEMENT_3D('',#1620,#1621,#1622);
#1624=CIRCLE('',#1623,5.);
#1625=EDGE_CURVE('10:1729',#1590,#1462,#1624,.T.);
#1626=ORIENTED_EDGE('',*,*,#1625,.T.);
#1627=ORIENTED_EDGE('',*,*,#1467,.F.);
#1628=CARTESIAN_POINT('',(85.,55.,11.));
#1629=DIRECTION('',(-0.,-0.,-1.));
#1630=DIRECTION('',(1.,0.,-0.));
#1631=AXIS2_PLACEMENT_3D('',#1628,#1629,#1630);
#1632=CIRCLE('',#1631,5.);
#1633=EDGE_CURVE('10:1388',#1460,#1598,#1632,.T.);
#1634=ORIENTED_EDGE('',*,*,#1633,.T.);
#1635=EDGE_LOOP('',(#1619,#1626,#1627,#1634));
#1636=FACE_BOUND('',#1635,.T.);
#1637=ADVANCED_FACE('3:280',(#1636),#1618,.T.);
#1638=CARTESIAN_POINT('',(-85.,55.,0.));
#1639=DIRECTION('',(0.,0.,1.));
#1640=DIRECTION('',(1.,0.,-0.));
#1641=AXIS2_PLACEMENT_3D('',#1638,#1639,#1640);
#1642=CYLINDRICAL_SURFACE('',#1641,5.);
#1643=ORIENTED_EDGE('',*,*,#1483,.F.);
#1644=CARTESIAN_POINT('',(-85.,55.,0.5));
#1645=DIRECTION('',(0.,0.,1.));
#1646=DIRECTION('',(1.,0.,-0.));
#1647=AXIS2_PLACEMENT_3D('',#1644,#1645,#1646);
#1648=CIRCLE('',#1647,5.);
#1649=EDGE_CURVE('10:1735',#1470,#1502,#1648,.T.);
#1650=ORIENTED_EDGE('',*,*,#1649,.T.);
#1651=ORIENTED_EDGE('',*,*,#1507,.F.);
#1652=CARTESIAN_POINT('',(-85.,55.,11.));
#1653=DIRECTION('',(-0.,-0.,-1.));
#1654=DIRECTION('',(1.,0.,-0.));
#1655=AXIS2_PLACEMENT_3D('',#1652,#1653,#1654);
#1656=CIRCLE('',#1655,5.);
#1657=EDGE_CURVE('10:1379',#1500,#1478,#1656,.T.);
#1658=ORIENTED_EDGE('',*,*,#1657,.T.);
#1659=EDGE_LOOP('',(#1643,#1650,#1651,#1658));
#1660=FACE_BOUND('',#1659,.T.);
#1661=ADVANCED_FACE('3:283',(#1660),#1642,.T.);
#1662=CARTESIAN_POINT('',(-85.,-55.,0.));
#1663=DIRECTION('',(0.,0.,1.));
#1664=DIRECTION('',(1.,0.,-0.));
#1665=AXIS2_PLACEMENT_3D('',#1662,#1663,#1664);
#1666=CYLINDRICAL_SURFACE('',#1665,5.);
#1667=ORIENTED_EDGE('',*,*,#1523,.F.);
#1668=CARTESIAN_POINT('',(-85.,-55.,0.5));
#1669=DIRECTION('',(0.,0.,1.));
#1670=DIRECTION('',(1.,0.,-0.));
#1671=AXIS2_PLACEMENT_3D('',#1668,#1669,#1670);
#1672=CIRCLE('',#1671,5.);
#1673=EDGE_CURVE('10:1741',#1510,#1542,#1672,.T.);
#1674=ORIENTED_EDGE('',*,*,#1673,.T.);
#1675=ORIENTED_EDGE('',*,*,#1547,.F.);
#1676=CARTESIAN_POINT('',(-85.,-55.,11.));
#1677=DIRECTION('',(-0.,-0.,-1.));
#1678=DIRECTION('',(1.,0.,-0.));
#1679=AXIS2_PLACEMENT_3D('',#1676,#1677,#1678);
#1680=CIRCLE('',#1679,5.);
#1681=EDGE_CURVE('10:1376',#1540,#1518,#1680,.T.);
#1682=ORIENTED_EDGE('',*,*,#1681,.T.);
#1683=EDGE_LOOP('',(#1667,#1674,#1675,#1682));
#1684=FACE_BOUND('',#1683,.T.);
#1685=ADVANCED_FACE('3:286',(#1684),#1666,.T.);
#1686=CARTESIAN_POINT('',(85.,-55.,0.));
#1687=DIRECTION('',(0.,0.,1.));
#1688=DIRECTION('',(1.,0.,-0.));
#1689=AXIS2_PLACEMENT_3D('',#1686,#1687,#1688);
#1690=CYLINDRICAL_SURFACE('',#1689,5.);
#1691=ORIENTED_EDGE('',*,*,#1563,.F.);
#1692=CARTESIAN_POINT('',(85.,-55.,0.5));
#1693=DIRECTION('',(0.,0.,1.));
#1694=DIRECTION('',(1.,0.,-0.));
#1695=AXIS2_PLACEMENT_3D('',#1692,#1693,#1694);
#1696=CIRCLE('',#1695,5.);
#1697=EDGE_CURVE('10:1723',#1550,#1582,#1696,.T.);
#1698=ORIENTED_EDGE('',*,*,#1697,.T.);
#1699=ORIENTED_EDGE('',*,*,#1587,.F.);
#1700=CARTESIAN_POINT('',(85.,-55.,11.));
#1701=DIRECTION('',(-0.,-0.,-1.));
#1702=DIRECTION('',(1.,0.,-0.));
#1703=AXIS2_PLACEMENT_3D('',#1700,#1701,#1702);
#1704=CIRCLE('',#1703,5.);
#1705=EDGE_CURVE('10:1391',#1580,#1558,#1704,.T.);
#1706=ORIENTED_EDGE('',*,*,#1705,.T.);
#1707=EDGE_LOOP('',(#1691,#1698,#1699,#1706));
#1708=FACE_BOUND('',#1707,.T.);
#1709=ADVANCED_FACE('3:289',(#1708),#1690,.T.);
#1710=CARTESIAN_POINT('',(0.,0.,12.));
#1711=DIRECTION('',(0.,0.,-1.));
#1712=DIRECTION('',(-1.,0.,0.));
#1713=AXIS2_PLACEMENT_3D('',#1710,#1711,#1712);
#1714=CYLINDRICAL_SURFACE('',#1713,25.);
#1715=CARTESIAN_POINT('',(-25.,0.,2.));
#1716=VERTEX_POINT('',#1715);
#1717=CARTESIAN_POINT('',(-25.,0.,18.));
#1718=VERTEX_POINT('',#1717);
#1719=CARTESIAN_POINT('',(-25.,0.,2.));
#1720=DIRECTION('',(-0.,-0.,1.));
#1721=VECTOR('',#1720,16.);
#1722=LINE('',#1719,#1721);
#1723=EDGE_CURVE('',#1716,#1718,#1722,.T.);
#1724=ORIENTED_EDGE('',*,*,#1723,.F.);
#1725=CARTESIAN_POINT('',(25.,-0.,2.));
#1726=VERTEX_POINT('',#1725);
#1727=CARTESIAN_POINT('',(0.,0.,2.));
#1728=DIRECTION('',(-0.,-0.,-1.));
#1729=DIRECTION('',(1.,0.,-0.));
#1730=AXIS2_PLACEMENT_3D('',#1727,#1728,#1729);
#1731=CIRCLE('',#1730,25.);
#1732=EDGE_CURVE('3:5010',#1716,#1726,#1731,.T.);
#1733=ORIENTED_EDGE('',*,*,#1732,.T.);
#1734=CARTESIAN_POINT('',(0.,0.,2.));
#1735=DIRECTION('',(-0.,-0.,-1.));
#1736=DIRECTION('',(1.,0.,-0.));
#1737=AXIS2_PLACEMENT_3D('',#1734,#1735,#1736);
#1738=CIRCLE('',#1737,25.);
#1739=EDGE_CURVE('3:5010',#1726,#1716,#1738,.T.);
#1740=ORIENTED_EDGE('',*,*,#1739,.T.);
#1741=ORIENTED_EDGE('',*,*,#1723,.T.);
#1742=CARTESIAN_POINT('',(25.,-0.,18.));
#1743=VERTEX_POINT('',#1742);
#1744=CARTESIAN_POINT('',(0.,0.,18.));
#1745=DIRECTION('',(0.,0.,1.));
#1746=DIRECTION('',(1.,0.,-0.));
#1747=AXIS2_PLACEMENT_3D('',#1744,#1745,#1746);
#1748=CIRCLE('',#1747,25.);
#1749=EDGE_CURVE('3:5007',#1718,#1743,#1748,.T.);
#1750=ORIENTED_EDGE('',*,*,#1749,.T.);
#1751=CARTESIAN_POINT('',(0.,0.,18.));
#1752=DIRECTION('',(0.,0.,1.));
#1753=DIRECTION('',(1.,0.,-0.));
#1754=AXIS2_PLACEMENT_3D('',#1751,#1752,#1753);
#1755=CIRCLE('',#1754,25.);
#1756=EDGE_CURVE('3:5007',#1743,#1718,#1755,.T.);
#1757=ORIENTED_EDGE('',*,*,#1756,.T.);
#1758=EDGE_LOOP('',(#1724,#1733,#1740,#1741,#1750,#1757));
#1759=FACE_BOUND('',#1758,.T.);
#1760=ADVANCED_FACE('3:4728',(#1759),#1714,.F.);
#1761=CARTESIAN_POINT('',(0.,0.,2.));
#1762=DIRECTION('',(0.,0.,1.));
#1763=DIRECTION('',(1.,0.,-0.));
#1764=AXIS2_PLACEMENT_3D('',#1761,#1762,#1763);
#1765=TOROIDAL_SURFACE('',#1764,27.,2.);
#1766=CARTESIAN_POINT('',(27.,0.,2.));
#1767=DIRECTION('',(-0.,1.,-0.));
#1768=DIRECTION('',(1.,0.,0.));
#1769=AXIS2_PLACEMENT_3D('',#1766,#1767,#1768);
#1770=CIRCLE('',#1769,2.);
#1771=EDGE_CURVE('',#1443,#1726,#1770,.T.);
#1772=ORIENTED_EDGE('',*,*,#1771,.T.);
#1773=ORIENTED_EDGE('',*,*,#1732,.F.);
#1774=ORIENTED_EDGE('',*,*,#1739,.F.);
#1775=ORIENTED_EDGE('',*,*,#1771,.F.);
#1776=ORIENTED_EDGE('',*,*,#1449,.F.);
#1777=EDGE_LOOP('',(#1772,#1773,#1774,#1775,#1776));
#1778=FACE_BOUND('',#1777,.T.);
#1779=ADVANCED_FACE('3:4981',(#1778),#1765,.T.);
#1780=CARTESIAN_POINT('',(0.,0.,18.));
#1781=DIRECTION('',(0.,0.,1.));
#1782=DIRECTION('',(1.,0.,-0.));
#1783=AXIS2_PLACEMENT_3D('',#1780,#1781,#1782);
#1784=TOROIDAL_SURFACE('',#1783,27.,2.);
#1785=CARTESIAN_POINT('',(27.,0.,18.));
#1786=DIRECTION('',(-0.,1.,-0.));
#1787=DIRECTION('',(1.,0.,0.));
#1788=AXIS2_PLACEMENT_3D('',#1785,#1786,#1787);
#1789=CIRCLE('',#1788,2.);
#1790=EDGE_CURVE('',#1743,#1312,#1789,.T.);
#1791=ORIENTED_EDGE('',*,*,#1790,.T.);
#1792=ORIENTED_EDGE('',*,*,#1318,.F.);
#1793=ORIENTED_EDGE('',*,*,#1790,.F.);
#1794=ORIENTED_EDGE('',*,*,#1749,.F.);
#1795=ORIENTED_EDGE('',*,*,#1756,.F.);
#1796=EDGE_LOOP('',(#1791,#1792,#1793,#1794,#1795));
#1797=FACE_BOUND('',#1796,.T.);
#1798=ADVANCED_FACE('3:4984',(#1797),#1784,.T.);
#1799=CARTESIAN_POINT('',(-70.,40.,12.));
#1800=DIRECTION('',(0.,0.,-1.));
#1801=DIRECTION('',(-1.,0.,0.));
#1802=AXIS2_PLACEMENT_3D('',#1799,#1800,#1801);
#1803=CYLINDRICAL_SURFACE('',#1802,5.);
#1804=CARTESIAN_POINT('',(-75.,40.,1.));
#1805=VERTEX_POINT('',#1804);
#1806=CARTESIAN_POINT('',(-75.,40.,13.));
#1807=VERTEX_POINT('',#1806);
#1808=CARTESIAN_POINT('',(-75.,40.,1.));
#1809=DIRECTION('',(-0.,-0.,1.));
#1810=VECTOR('',#1809,12.);
#1811=LINE('',#1808,#1810);
#1812=EDGE_CURVE('',#1805,#1807,#1811,.T.);
#1813=ORIENTED_EDGE('',*,*,#1812,.F.);
#1814=CARTESIAN_POINT('',(-65.,40.,1.));
#1815=VERTEX_POINT('',#1814);
#1816=CARTESIAN_POINT('',(-70.,40.,1.));
#1817=DIRECTION('',(-0.,-0.,-1.));
#1818=DIRECTION('',(1.,0.,-0.));
#1819=AXIS2_PLACEMENT_3D('',#1816,#1817,#1818);
#1820=CIRCLE('',#1819,5.);
#1821=EDGE_CURVE('3:11992',#1805,#1815,#1820,.T.);
#1822=ORIENTED_EDGE('',*,*,#1821,.T.);
#1823=CARTESIAN_POINT('',(-70.,40.,1.));
#1824=DIRECTION('',(-0.,-0.,-1.));
#1825=DIRECTION('',(1.,0.,-0.));
#1826=AXIS2_PLACEMENT_3D('',#1823,#1824,#1825);
#1827=CIRCLE('',#1826,5.);
#1828=EDGE_CURVE('3:11992',#1815,#1805,#1827,.T.);
#1829=ORIENTED_EDGE('',*,*,#1828,.T.);
#1830=ORIENTED_EDGE('',*,*,#1812,.T.);
#1831=CARTESIAN_POINT('',(-65.,40.,13.));
#1832=VERTEX_POINT('',#1831);
#1833=CARTESIAN_POINT('',(-70.,40.,13.));
#1834=DIRECTION('',(0.,0.,1.));
#1835=DIRECTION('',(1.,0.,-0.));
#1836=AXIS2_PLACEMENT_3D('',#1833,#1834,#1835);
#1837=CIRCLE('',#1836,5.);
#1838=EDGE_CURVE('3:11989',#1807,#1832,#1837,.T.);
#1839=ORIENTED_EDGE('',*,*,#1838,.T.);
#1840=CARTESIAN_POINT('',(-70.,40.,13.));
#1841=DIRECTION('',(0.,0.,1.));
#1842=DIRECTION('',(1.,0.,-0.));
#1843=AXIS2_PLACEMENT_3D('',#1840,#1841,#1842);
#1844=CIRCLE('',#1843,5.);
#1845=EDGE_CURVE('3:11989',#1832,#1807,#1844,.T.);
#1846=ORIENTED_EDGE('',*,*,#1845,.T.);
#1847=EDGE_LOOP('',(#1813,#1822,#1829,#1830,#1839,#1846));
#1848=FACE_BOUND('',#1847,.T.);
#1849=ADVANCED_FACE('3:11460',(#1848),#1803,.F.);
#1850=CARTESIAN_POINT('',(70.,40.,12.));
#1851=DIRECTION('',(0.,0.,-1.));
#1852=DIRECTION('',(-1.,0.,0.));
#1853=AXIS2_PLACEMENT_3D('',#1850,#1851,#1852);
#1854=CYLINDRICAL_SURFACE('',#1853,5.);
#1855=CARTESIAN_POINT('',(65.,40.,1.));
#1856=VERTEX_POINT('',#1855);
#1857=CARTESIAN_POINT('',(65.,40.,13.));
#1858=VERTEX_POINT('',#1857);
#1859=CARTESIAN_POINT('',(65.,40.,1.));
#1860=DIRECTION('',(-0.,-0.,1.));
#1861=VECTOR('',#1860,12.);
#1862=LINE('',#1859,#1861);
#1863=EDGE_CURVE('',#1856,#1858,#1862,.T.);
#1864=ORIENTED_EDGE('',*,*,#1863,.F.);
#1865=CARTESIAN_POINT('',(75.,40.,1.));
#1866=VERTEX_POINT('',#1865);
#1867=CARTESIAN_POINT('',(70.,40.,1.));
#1868=DIRECTION('',(-0.,-0.,-1.));
#1869=DIRECTION('',(1.,0.,-0.));
#1870=AXIS2_PLACEMENT_3D('',#1867,#1868,#1869);
#1871=CIRCLE('',#1870,5.);
#1872=EDGE_CURVE('3:11986',#1856,#1866,#1871,.T.);
#1873=ORIENTED_EDGE('',*,*,#1872,.T.);
#1874=CARTESIAN_POINT('',(70.,40.,1.));
#1875=DIRECTION('',(-0.,-0.,-1.));
#1876=DIRECTION('',(1.,0.,-0.));
#1877=AXIS2_PLACEMENT_3D('',#1874,#1875,#1876);
#1878=CIRCLE('',#1877,5.);
#1879=EDGE_CURVE('3:11986',#1866,#1856,#1878,.T.);
#1880=ORIENTED_EDGE('',*,*,#1879,.T.);
#1881=ORIENTED_EDGE('',*,*,#1863,.T.);
#1882=CARTESIAN_POINT('',(75.,40.,13.));
#1883=VERTEX_POINT('',#1882);
#1884=CARTESIAN_POINT('',(70.,40.,13.));
#1885=DIRECTION('',(0.,0.,1.));
#1886=DIRECTION('',(1.,0.,-0.));
#1887=AXIS2_PLACEMENT_3D('',#1884,#1885,#1886);
#1888=CIRCLE('',#1887,5.);
#1889=EDGE_CURVE('3:11983',#1858,#1883,#1888,.T.);
#1890=ORIENTED_EDGE('',*,*,#1889,.T.);
#1891=CARTESIAN_POINT('',(70.,40.,13.));
#1892=DIRECTION('',(0.,0.,1.));
#1893=DIRECTION('',(1.,0.,-0.));
#1894=AXIS2_PLACEMENT_3D('',#1891,#1892,#1893);
#1895=CIRCLE('',#1894,5.);
#1896=EDGE_CURVE('3:11983',#1883,#1858,#1895,.T.);
#1897=ORIENTED_EDGE('',*,*,#1896,.T.);
#1898=EDGE_LOOP('',(#1864,#1873,#1880,#1881,#1890,#1897));
#1899=FACE_BOUND('',#1898,.T.);
#1900=ADVANCED_FACE('3:11540',(#1899),#1854,.F.);
#1901=CARTESIAN_POINT('',(70.,-40.,12.));
#1902=DIRECTION('',(0.,0.,-1.));
#1903=DIRECTION('',(-1.,0.,0.));
#1904=AXIS2_PLACEMENT_3D('',#1901,#1902,#1903);
#1905=CYLINDRICAL_SURFACE('',#1904,5.);
#1906=CARTESIAN_POINT('',(65.,-40.,1.));
#1907=VERTEX_POINT('',#1906);
#1908=CARTESIAN_POINT('',(65.,-40.,13.));
#1909=VERTEX_POINT('',#1908);
#1910=CARTESIAN_POINT('',(65.,-40.,1.));
#1911=DIRECTION('',(-0.,-0.,1.));
#1912=VECTOR('',#1911,12.);
#1913=LINE('',#1910,#1912);
#1914=EDGE_CURVE('',#1907,#1909,#1913,.T.);
#1915=ORIENTED_EDGE('',*,*,#1914,.F.);
#1916=CARTESIAN_POINT('',(75.,-40.,1.));
#1917=VERTEX_POINT('',#1916);
#1918=CARTESIAN_POINT('',(70.,-40.,1.));
#1919=DIRECTION('',(-0.,-0.,-1.));
#1920=DIRECTION('',(1.,0.,-0.));
#1921=AXIS2_PLACEMENT_3D('',#1918,#1919,#1920);
#1922=CIRCLE('',#1921,5.);
#1923=EDGE_CURVE('3:11956',#1907,#1917,#1922,.T.);
#1924=ORIENTED_EDGE('',*,*,#1923,.T.);
#1925=CARTESIAN_POINT('',(70.,-40.,1.));
#1926=DIRECTION('',(-0.,-0.,-1.));
#1927=DIRECTION('',(1.,0.,-0.));
#1928=AXIS2_PLACEMENT_3D('',#1925,#1926,#1927);
#1929=CIRCLE('',#1928,5.);
#1930=EDGE_CURVE('3:11956',#1917,#1907,#1929,.T.);
#1931=ORIENTED_EDGE('',*,*,#1930,.T.);
#1932=ORIENTED_EDGE('',*,*,#1914,.T.);
#1933=CARTESIAN_POINT('',(75.,-40.,13.));
#1934=VERTEX_POINT('',#1933);
#1935=CARTESIAN_POINT('',(70.,-40.,13.));
#1936=DIRECTION('',(0.,0.,1.));
#1937=DIRECTION('',(1.,0.,-0.));
#1938=AXIS2_PLACEMENT_3D('',#1935,#1936,#1937);
#1939=CIRCLE('',#1938,5.);
#1940=EDGE_CURVE('3:11953',#1909,#1934,#1939,.T.);
#1941=ORIENTED_EDGE('',*,*,#1940,.T.);
#1942=CARTESIAN_POINT('',(70.,-40.,13.));
#1943=DIRECTION('',(0.,0.,1.));
#1944=DIRECTION('',(1.,0.,-0.));
#1945=AXIS2_PLACEMENT_3D('',#1942,#1943,#1944);
#1946=CIRCLE('',#1945,5.);
#1947=EDGE_CURVE('3:11953',#1934,#1909,#1946,.T.);
#1948=ORIENTED_EDGE('',*,*,#1947,.T.);
#1949=EDGE_LOOP('',(#1915,#1924,#1931,#1932,#1941,#1948));
#1950=FACE_BOUND('',#1949,.T.);
#1951=ADVANCED_FACE('3:11645',(#1950),#1905,.F.);
#1952=CARTESIAN_POINT('',(-70.,-40.,12.));
#1953=DIRECTION('',(0.,0.,-1.));
#1954=DIRECTION('',(-1.,0.,0.));
#1955=AXIS2_PLACEMENT_3D('',#1952,#1953,#1954);
#1956=CYLINDRICAL_SURFACE('',#1955,5.);
#1957=CARTESIAN_POINT('',(-75.,-40.,1.));
#1958=VERTEX_POINT('',#1957);
#1959=CARTESIAN_POINT('',(-75.,-40.,13.));
#1960=VERTEX_POINT('',#1959);
#1961=CARTESIAN_POINT('',(-75.,-40.,1.));
#1962=DIRECTION('',(-0.,-0.,1.));
#1963=VECTOR('',#1962,12.);
#1964=LINE('',#1961,#1963);
#1965=EDGE_CURVE('',#1958,#1960,#1964,.T.);
#1966=ORIENTED_EDGE('',*,*,#1965,.F.);
#1967=CARTESIAN_POINT('',(-65.,-40.,1.));
#1968=VERTEX_POINT('',#1967);
#1969=CARTESIAN_POINT('',(-70.,-40.,1.));
#1970=DIRECTION('',(-0.,-0.,-1.));
#1971=DIRECTION('',(1.,0.,-0.));
#1972=AXIS2_PLACEMENT_3D('',#1969,#1970,#1971);
#1973=CIRCLE('',#1972,5.);
#1974=EDGE_CURVE('3:11998',#1958,#1968,#1973,.T.);
#1975=ORIENTED_EDGE('',*,*,#1974,.T.);
#1976=CARTESIAN_POINT('',(-70.,-40.,1.));
#1977=DIRECTION('',(-0.,-0.,-1.));
#1978=DIRECTION('',(1.,0.,-0.));
#1979=AXIS2_PLACEMENT_3D('',#1976,#1977,#1978);
#1980=CIRCLE('',#1979,5.);
#1981=EDGE_CURVE('3:11998',#1968,#1958,#1980,.T.);
#1982=ORIENTED_EDGE('',*,*,#1981,.T.);
#1983=ORIENTED_EDGE('',*,*,#1965,.T.);
#1984=CARTESIAN_POINT('',(-65.,-40.,13.));
#1985=VERTEX_POINT('',#1984);
#1986=CARTESIAN_POINT('',(-70.,-40.,13.));
#1987=DIRECTION('',(0.,0.,1.));
#1988=DIRECTION('',(1.,0.,-0.));
#1989=AXIS2_PLACEMENT_3D('',#1986,#1987,#1988);
#1990=CIRCLE('',#1989,5.);
#1991=EDGE_CURVE('3:11995',#1960,#1985,#1990,.T.);
#1992=ORIENTED_EDGE('',*,*,#1991,.T.);
#1993=CARTESIAN_POINT('',(-70.,-40.,13.));
#1994=DIRECTION('',(0.,0.,1.));
#1995=DIRECTION('',(1.,0.,-0.));
#1996=AXIS2_PLACEMENT_3D('',#1993,#1994,#1995);
#1997=CIRCLE('',#1996,5.);
#1998=EDGE_CURVE('3:11995',#1985,#1960,#1997,.T.);
#1999=ORIENTED_EDGE('',*,*,#1998,.T.);
#2000=EDGE_LOOP('',(#1966,#1975,#1982,#1983,#1992,#1999));
#2001=FACE_BOUND('',#2000,.T.);
#2002=ADVANCED_FACE('3:11750',(#2001),#1956,.F.);
#2003=CARTESIAN_POINT('',(70.,-40.,1.));
#2004=DIRECTION('',(0.,0.,1.));
#2005=DIRECTION('',(1.,0.,-0.));
#2006=AXIS2_PLACEMENT_3D('',#2003,#2004,#2005);
#2007=TOROIDAL_SURFACE('',#2006,6.,1.);
#2008=CARTESIAN_POINT('',(76.,-40.,1.));
#2009=DIRECTION('',(-0.,1.,-0.));
#2010=DIRECTION('',(1.,0.,0.));
#2011=AXIS2_PLACEMENT_3D('',#2008,#2009,#2010);
#2012=CIRCLE('',#2011,1.);
#2013=EDGE_CURVE('',#1399,#1917,#2012,.T.);
#2014=ORIENTED_EDGE('',*,*,#2013,.T.);
#2015=ORIENTED_EDGE('',*,*,#1923,.F.);
#2016=ORIENTED_EDGE('',*,*,#1930,.F.);
#2017=ORIENTED_EDGE('',*,*,#2013,.F.);
#2018=ORIENTED_EDGE('',*,*,#1405,.F.);
#2019=EDGE_LOOP('',(#2014,#2015,#2016,#2017,#2018));
#2020=FACE_BOUND('',#2019,.T.);
#2021=ADVANCED_FACE('3:11861',(#2020),#2007,.T.);
#2022=CARTESIAN_POINT('',(70.,40.,1.));
#2023=DIRECTION('',(0.,0.,1.));
#2024=DIRECTION('',(1.,0.,-0.));
#2025=AXIS2_PLACEMENT_3D('',#2022,#2023,#2024);
#2026=TOROIDAL_SURFACE('',#2025,6.,1.);
#2027=CARTESIAN_POINT('',(76.,40.,1.));
#2028=DIRECTION('',(-0.,1.,-0.));
#2029=DIRECTION('',(1.,0.,0.));
#2030=AXIS2_PLACEMENT_3D('',#2027,#2028,#2029);
#2031=CIRCLE('',#2030,1.);
#2032=EDGE_CURVE('',#1410,#1866,#2031,.T.);
#2033=ORIENTED_EDGE('',*,*,#2032,.T.);
#2034=ORIENTED_EDGE('',*,*,#1872,.F.);
#2035=ORIENTED_EDGE('',*,*,#1879,.F.);
#2036=ORIENTED_EDGE('',*,*,#2032,.F.);
#2037=ORIENTED_EDGE('',*,*,#1416,.F.);
#2038=EDGE_LOOP('',(#2033,#2034,#2035,#2036,#2037));
#2039=FACE_BOUND('',#2038,.T.);
#2040=ADVANCED_FACE('3:11867',(#2039),#2026,.T.);
#2041=CARTESIAN_POINT('',(-70.,40.,1.));
#2042=DIRECTION('',(0.,0.,1.));
#2043=DIRECTION('',(1.,0.,-0.));
#2044=AXIS2_PLACEMENT_3D('',#2041,#2042,#2043);
#2045=TOROIDAL_SURFACE('',#2044,6.,1.);
#2046=CARTESIAN_POINT('',(-64.,40.,1.));
#2047=DIRECTION('',(-0.,1.,-0.));
#2048=DIRECTION('',(1.,0.,0.));
#2049=AXIS2_PLACEMENT_3D('',#2046,#2047,#2048);
#2050=CIRCLE('',#2049,1.);
#2051=EDGE_CURVE('',#1421,#1815,#2050,.T.);
#2052=ORIENTED_EDGE('',*,*,#2051,.T.);
#2053=ORIENTED_EDGE('',*,*,#1821,.F.);
#2054=ORIENTED_EDGE('',*,*,#1828,.F.);
#2055=ORIENTED_EDGE('',*,*,#2051,.F.);
#2056=ORIENTED_EDGE('',*,*,#1427,.F.);
#2057=EDGE_LOOP('',(#2052,#2053,#2054,#2055,#2056));
#2058=FACE_BOUND('',#2057,.T.);
#2059=ADVANCED_FACE('3:11873',(#2058),#2045,.T.);
#2060=CARTESIAN_POINT('',(-70.,-40.,1.));
#2061=DIRECTION('',(0.,0.,1.));
#2062=DIRECTION('',(1.,0.,-0.));
#2063=AXIS2_PLACEMENT_3D('',#2060,#2061,#2062);
#2064=TOROIDAL_SURFACE('',#2063,6.,1.);
#2065=CARTESIAN_POINT('',(-64.,-40.,1.));
#2066=DIRECTION('',(-0.,1.,-0.));
#2067=DIRECTION('',(1.,0.,0.));
#2068=AXIS2_PLACEMENT_3D('',#2065,#2066,#2067);
#2069=CIRCLE('',#2068,1.);
#2070=EDGE_CURVE('',#1432,#1968,#2069,.T.);
#2071=ORIENTED_EDGE('',*,*,#2070,.T.);
#2072=ORIENTED_EDGE('',*,*,#1974,.F.);
#2073=ORIENTED_EDGE('',*,*,#1981,.F.);
#2074=ORIENTED_EDGE('',*,*,#2070,.F.);
#2075=ORIENTED_EDGE('',*,*,#1438,.F.);
#2076=EDGE_LOOP('',(#2071,#2072,#2073,#2074,#2075));
#2077=FACE_BOUND('',#2076,.T.);
#2078=ADVANCED_FACE('3:11879',(#2077),#2064,.T.);
#2079=CARTESIAN_POINT('',(70.,40.,13.));
#2080=DIRECTION('',(0.,0.,1.));
#2081=DIRECTION('',(1.,0.,-0.));
#2082=AXIS2_PLACEMENT_3D('',#2079,#2080,#2081);
#2083=TOROIDAL_SURFACE('',#2082,6.,1.);
#2084=CARTESIAN_POINT('',(76.,40.,13.));
#2085=DIRECTION('',(-0.,1.,-0.));
#2086=DIRECTION('',(1.,0.,0.));
#2087=AXIS2_PLACEMENT_3D('',#2084,#2085,#2086);
#2088=CIRCLE('',#2087,1.);
#2089=EDGE_CURVE('',#1883,#444,#2088,.T.);
#2090=ORIENTED_EDGE('',*,*,#2089,.T.);
#2091=ORIENTED_EDGE('',*,*,#450,.F.);
#2092=ORIENTED_EDGE('',*,*,#2089,.F.);
#2093=ORIENTED_EDGE('',*,*,#1889,.F.);
#2094=ORIENTED_EDGE('',*,*,#1896,.F.);
#2095=EDGE_LOOP('',(#2090,#2091,#2092,#2093,#2094));
#2096=FACE_BOUND('',#2095,.T.);
#2097=ADVANCED_FACE('3:11870',(#2096),#2083,.T.);
#2098=CARTESIAN_POINT('',(70.,-40.,13.));
#2099=DIRECTION('',(0.,0.,1.));
#2100=DIRECTION('',(1.,0.,-0.));
#2101=AXIS2_PLACEMENT_3D('',#2098,#2099,#2100);
#2102=TOROIDAL_SURFACE('',#2101,6.,1.);
#2103=CARTESIAN_POINT('',(76.,-40.,13.));
#2104=DIRECTION('',(-0.,1.,-0.));
#2105=DIRECTION('',(1.,0.,0.));
#2106=AXIS2_PLACEMENT_3D('',#2103,#2104,#2105);
#2107=CIRCLE('',#2106,1.);
#2108=EDGE_CURVE('',#1934,#424,#2107,.T.);
#2109=ORIENTED_EDGE('',*,*,#2108,.T.);
#2110=ORIENTED_EDGE('',*,*,#430,.F.);
#2111=ORIENTED_EDGE('',*,*,#2108,.F.);
#2112=ORIENTED_EDGE('',*,*,#1940,.F.);
#2113=ORIENTED_EDGE('',*,*,#1947,.F.);
#2114=EDGE_LOOP('',(#2109,#2110,#2111,#2112,#2113));
#2115=FACE_BOUND('',#2114,.T.);
#2116=ADVANCED_FACE('3:11864',(#2115),#2102,.T.);
#2117=CARTESIAN_POINT('',(-70.,-40.,13.));
#2118=DIRECTION('',(0.,0.,1.));
#2119=DIRECTION('',(1.,0.,-0.));
#2120=AXIS2_PLACEMENT_3D('',#2117,#2118,#2119);
#2121=TOROIDAL_SURFACE('',#2120,6.,1.);
#2122=CARTESIAN_POINT('',(-64.,-40.,13.));
#2123=DIRECTION('',(-0.,1.,-0.));
#2124=DIRECTION('',(1.,0.,0.));
#2125=AXIS2_PLACEMENT_3D('',#2122,#2123,#2124);
#2126=CIRCLE('',#2125,1.);
#2127=EDGE_CURVE('',#1985,#484,#2126,.T.);
#2128=ORIENTED_EDGE('',*,*,#2127,.T.);
#2129=ORIENTED_EDGE('',*,*,#490,.F.);
#2130=ORIENTED_EDGE('',*,*,#2127,.F.);
#2131=ORIENTED_EDGE('',*,*,#1991,.F.);
#2132=ORIENTED_EDGE('',*,*,#1998,.F.);
#2133=EDGE_LOOP('',(#2128,#2129,#2130,#2131,#2132));
#2134=FACE_BOUND('',#2133,.T.);
#2135=ADVANCED_FACE('3:11882',(#2134),#2121,.T.);
#2136=CARTESIAN_POINT('',(-70.,40.,13.));
#2137=DIRECTION('',(0.,0.,1.));
#2138=DIRECTION('',(1.,0.,-0.));
#2139=AXIS2_PLACEMENT_3D('',#2136,#2137,#2138);
#2140=TOROIDAL_SURFACE('',#2139,6.,1.);
#2141=CARTESIAN_POINT('',(-64.,40.,13.));
#2142=DIRECTION('',(-0.,1.,-0.));
#2143=DIRECTION('',(1.,0.,0.));
#2144=AXIS2_PLACEMENT_3D('',#2141,#2142,#2143);
#2145=CIRCLE('',#2144,1.);
#2146=EDGE_CURVE('',#1832,#464,#2145,.T.);
#2147=ORIENTED_EDGE('',*,*,#2146,.T.);
#2148=ORIENTED_EDGE('',*,*,#470,.F.);
#2149=ORIENTED_EDGE('',*,*,#2146,.F.);
#2150=ORIENTED_EDGE('',*,*,#1838,.F.);
#2151=ORIENTED_EDGE('',*,*,#1845,.F.);
#2152=EDGE_LOOP('',(#2147,#2148,#2149,#2150,#2151));
#2153=FACE_BOUND('',#2152,.T.);
#2154=ADVANCED_FACE('3:11876',(#2153),#2140,.T.);
#2155=CARTESIAN_POINT('',(-32.745169932,-23.318530103,12.));
#2156=DIRECTION('',(0.496138938,-0.868243142,0.));
#2157=DIRECTION('',(0.868243142,0.496138938,0.));
#2158=AXIS2_PLACEMENT_3D('',#2155,#2156,#2157);
#2159=PLANE('',#2158);
#2160=ORIENTED_EDGE('',*,*,#681,.F.);
#2161=CARTESIAN_POINT('',(-58.133928149,-37.826391942,13.5));
#2162=VERTEX_POINT('',#2161);
#2163=CARTESIAN_POINT('',(-58.19239443,-37.859801245,14.));
#2164=CARTESIAN_POINT('',(-58.19239443,-37.859801245,13.830310342));
#2165=CARTESIAN_POINT('',(-58.172816806,-37.848614031,13.663657459));
#2166=CARTESIAN_POINT('',(-58.133928149,-37.826391942,13.5));
#2167=B_SPLINE_CURVE_WITH_KNOTS('',3,(#2163,#2164,#2165,#2166),.UNSPECIFIED.,.F.,.F.,(4,4),(0.,0.000504514),.UNSPECIFIED.);
#2168=EDGE_CURVE('9:3969',#667,#2162,#2167,.T.);
#2169=ORIENTED_EDGE('',*,*,#2168,.T.);
#2170=CARTESIAN_POINT('',(-32.998007444,-23.463008681,13.5));
#2171=VERTEX_POINT('',#2170);
#2172=CARTESIAN_POINT('',(-58.133928149,-37.826391942,13.5));
#2173=DIRECTION('',(0.868243142,0.496138938,-0.));
#2174=VECTOR('',#2173,28.950324496);
#2175=LINE('',#2172,#2174);
#2176=EDGE_CURVE('9:252',#2162,#2171,#2175,.T.);
#2177=ORIENTED_EDGE('',*,*,#2176,.T.);
#2178=CARTESIAN_POINT('',(-33.729694796,-23.88111574,14.5));
#2179=VERTEX_POINT('',#2178);
#2180=CARTESIAN_POINT('',(-32.998007444,-23.463008681,13.5));
#2181=CARTESIAN_POINT('',(-33.204310986,-23.58089642,13.867282425));
#2182=CARTESIAN_POINT('',(-33.461478949,-23.727849541,14.190930158));
#2183=CARTESIAN_POINT('',(-33.729694796,-23.88111574,14.5));
#2184=B_SPLINE_CURVE_WITH_KNOTS('',3,(#2180,#2181,#2182,#2183),.UNSPECIFIED.,.F.,.F.,(4,4),(0.,0.001308912),.UNSPECIFIED.);
#2185=EDGE_CURVE('9:2861',#2171,#2179,#2184,.T.);
#2186=ORIENTED_EDGE('',*,*,#2185,.T.);
#2187=CARTESIAN_POINT('',(-33.729694796,-23.88111574,14.5));
#2188=DIRECTION('',(-0.868243142,-0.496138938,-0.));
#2189=VECTOR('',#2188,28.174941382);
#2190=LINE('',#2187,#2189);
#2191=EDGE_CURVE('9:1053',#2179,#676,#2190,.T.);
#2192=ORIENTED_EDGE('',*,*,#2191,.T.);
#2193=EDGE_LOOP('',(#2160,#2169,#2177,#2186,#2192));
#2194=FACE_BOUND('',#2193,.T.);
#2195=ADVANCED_FACE('7:28725',(#2194),#2159,.T.);
#2196=CARTESIAN_POINT('',(-61.565638048,-30.573360171,12.));
#2197=DIRECTION('',(-0.496138938,0.868243142,0.));
#2198=DIRECTION('',(-0.868243142,-0.496138938,0.));
#2199=AXIS2_PLACEMENT_3D('',#2196,#2197,#2198);
#2200=PLANE('',#2199);
#2201=CARTESIAN_POINT('',(-36.967118951,-16.517063544,13.5));
#2202=VERTEX_POINT('',#2201);
#2203=CARTESIAN_POINT('',(-62.103039656,-30.880446805,13.5));
#2204=VERTEX_POINT('',#2203);
#2205=CARTESIAN_POINT('',(-36.967118951,-16.517063544,13.5));
#2206=DIRECTION('',(-0.868243142,-0.496138938,-0.));
#2207=VECTOR('',#2206,28.950324496);
#2208=LINE('',#2205,#2207);
#2209=EDGE_CURVE('9:240',#2202,#2204,#2208,.T.);
#2210=ORIENTED_EDGE('',*,*,#2209,.T.);
#2211=CARTESIAN_POINT('',(-62.161505937,-30.913856108,14.));
#2212=VERTEX_POINT('',#2211);
#2213=CARTESIAN_POINT('',(-62.103039656,-30.880446805,13.5));
#2214=CARTESIAN_POINT('',(-62.141928313,-30.902668894,13.663657459));
#2215=CARTESIAN_POINT('',(-62.161505937,-30.913856108,13.830310342));
#2216=CARTESIAN_POINT('',(-62.161505937,-30.913856108,14.));
#2217=B_SPLINE_CURVE_WITH_KNOTS('',3,(#2213,#2214,#2215,#2216),.UNSPECIFIED.,.F.,.F.,(4,4),(0.,0.000504514),.UNSPECIFIED.);
#2218=EDGE_CURVE('9:3978',#2204,#2212,#2217,.T.);
#2219=ORIENTED_EDGE('',*,*,#2218,.T.);
#2220=CARTESIAN_POINT('',(-62.161505937,-30.913856108,14.5));
#2221=VERTEX_POINT('',#2220);
#2222=CARTESIAN_POINT('',(-62.161505937,-30.913856108,14.5));
#2223=DIRECTION('',(-0.,-0.,-1.));
#2224=VECTOR('',#2223,0.5);
#2225=LINE('',#2222,#2224);
#2226=EDGE_CURVE('8:12526',#2221,#2212,#2225,.T.);
#2227=ORIENTED_EDGE('',*,*,#2226,.F.);
#2228=CARTESIAN_POINT('',(-37.698806303,-16.935170603,14.5));
#2229=VERTEX_POINT('',#2228);
#2230=CARTESIAN_POINT('',(-62.161505937,-30.913856108,14.5));
#2231=DIRECTION('',(0.868243142,0.496138938,-0.));
#2232=VECTOR('',#2231,28.174941382);
#2233=LINE('',#2230,#2232);
#2234=EDGE_CURVE('9:1050',#2221,#2229,#2233,.T.);
#2235=ORIENTED_EDGE('',*,*,#2234,.T.);
#2236=CARTESIAN_POINT('',(-37.698806303,-16.935170603,14.5));
#2237=CARTESIAN_POINT('',(-37.430590177,-16.781904887,14.19093016));
#2238=CARTESIAN_POINT('',(-37.173422493,-16.634951283,13.867282425));
#2239=CARTESIAN_POINT('',(-36.967118951,-16.517063544,13.5));
#2240=B_SPLINE_CURVE_WITH_KNOTS('',3,(#2236,#2237,#2238,#2239),.UNSPECIFIED.,.F.,.F.,(4,4),(0.,0.001308912),.UNSPECIFIED.);
#2241=EDGE_CURVE('9:2897',#2229,#2202,#2240,.T.);
#2242=ORIENTED_EDGE('',*,*,#2241,.T.);
#2243=EDGE_LOOP('',(#2210,#2219,#2227,#2235,#2242));
#2244=FACE_BOUND('',#2243,.T.);
#2245=ADVANCED_FACE('7:28731',(#2244),#2200,.T.);
#2246=CARTESIAN_POINT('',(-61.559419352,30.569806631,12.));
#2247=DIRECTION('',(-0.494587629,-0.869127768,0.));
#2248=DIRECTION('',(0.869127768,-0.494587629,0.));
#2249=AXIS2_PLACEMENT_3D('',#2246,#2247,#2248);
#2250=PLANE('',#2249);
#2251=ORIENTED_EDGE('',*,*,#528,.F.);
#2252=CARTESIAN_POINT('',(-62.103936219,30.879670515,13.5));
#2253=VERTEX_POINT('',#2252);
#2254=CARTESIAN_POINT('',(-62.162501186,30.912997615,14.));
#2255=CARTESIAN_POINT('',(-62.162501186,30.912997615,13.830306299));
#2256=CARTESIAN_POINT('',(-62.142889444,30.901837317,13.663653601));
#2257=CARTESIAN_POINT('',(-62.103936219,30.879670515,13.5));
#2258=B_SPLINE_CURVE_WITH_KNOTS('',3,(#2254,#2255,#2256,#2257),.UNSPECIFIED.,.F.,.F.,(4,4),(0.,0.00050452),.UNSPECIFIED.);
#2259=EDGE_CURVE('9:3984',#514,#2253,#2258,.T.);
#2260=ORIENTED_EDGE('',*,*,#2259,.T.);
#2261=CARTESIAN_POINT('',(-36.948840408,16.564860131,13.5));
#2262=VERTEX_POINT('',#2261);
#2263=CARTESIAN_POINT('',(-62.103936219,30.879670515,13.5));
#2264=DIRECTION('',(0.869127768,-0.494587629,0.));
#2265=VECTOR('',#2264,28.942920405);
#2266=LINE('',#2263,#2265);
#2267=EDGE_CURVE('9:228',#2253,#2262,#2266,.T.);
#2268=ORIENTED_EDGE('',*,*,#2267,.T.);
#2269=CARTESIAN_POINT('',(-37.682461279,16.982335928,14.5));
#2270=VERTEX_POINT('',#2269);
#2271=CARTESIAN_POINT('',(-36.948840408,16.564860131,13.5));
#2272=CARTESIAN_POINT('',(-37.155945395,16.68271572,13.867173335));
#2273=CARTESIAN_POINT('',(-37.413799011,16.829450427,14.190734277));
#2274=CARTESIAN_POINT('',(-37.682461279,16.982335928,14.5));
#2275=B_SPLINE_CURVE_WITH_KNOTS('',3,(#2271,#2272,#2273,#2274),.UNSPECIFIED.,.F.,.F.,(4,4),(0.,0.001309771),.UNSPECIFIED.);
#2276=EDGE_CURVE('9:2870',#2262,#2270,#2275,.T.);
#2277=ORIENTED_EDGE('',*,*,#2276,.T.);
#2278=CARTESIAN_POINT('',(-37.682461279,16.982335928,14.5));
#2279=DIRECTION('',(-0.869127768,0.494587629,-0.));
#2280=VECTOR('',#2279,28.166215381);
#2281=LINE('',#2278,#2280);
#2282=EDGE_CURVE('9:996',#2270,#523,#2281,.T.);
#2283=ORIENTED_EDGE('',*,*,#2282,.T.);
#2284=EDGE_LOOP('',(#2251,#2260,#2268,#2277,#2283));
#2285=FACE_BOUND('',#2284,.T.);
#2286=ADVANCED_FACE('7:28626',(#2285),#2250,.T.);
#2287=CARTESIAN_POINT('',(-32.72615317,23.36651962,12.));
#2288=DIRECTION('',(0.494587629,0.869127768,0.));
#2289=DIRECTION('',(-0.869127768,0.494587629,0.));
#2290=AXIS2_PLACEMENT_3D('',#2287,#2288,#2289);
#2291=PLANE('',#2290);
#2292=CARTESIAN_POINT('',(-32.966032458,23.50302582,13.5));
#2293=VERTEX_POINT('',#2292);
#2294=CARTESIAN_POINT('',(-58.134139178,37.825240218,13.5));
#2295=VERTEX_POINT('',#2294);
#2296=CARTESIAN_POINT('',(-32.966032458,23.50302582,13.5));
#2297=DIRECTION('',(-0.869127768,0.494587629,0.));
#2298=VECTOR('',#2297,28.957890482);
#2299=LINE('',#2296,#2298);
#2300=EDGE_CURVE('9:237',#2293,#2295,#2299,.T.);
#2301=ORIENTED_EDGE('',*,*,#2300,.T.);
#2302=CARTESIAN_POINT('',(-58.192626198,37.858522962,14.));
#2303=VERTEX_POINT('',#2302);
#2304=CARTESIAN_POINT('',(-58.134139178,37.825240218,13.5));
#2305=CARTESIAN_POINT('',(-58.173042692,37.847378731,13.663661286));
#2306=CARTESIAN_POINT('',(-58.192626198,37.858522962,13.830314352));
#2307=CARTESIAN_POINT('',(-58.192626198,37.858522962,14.));
#2308=B_SPLINE_CURVE_WITH_KNOTS('',3,(#2304,#2305,#2306,#2307),.UNSPECIFIED.,.F.,.F.,(4,4),(0.,0.000504508),.UNSPECIFIED.);
#2309=EDGE_CURVE('9:3993',#2295,#2303,#2308,.T.);
#2310=ORIENTED_EDGE('',*,*,#2309,.T.);
#2311=CARTESIAN_POINT('',(-58.192626198,37.858522962,14.5));
#2312=VERTEX_POINT('',#2311);
#2313=CARTESIAN_POINT('',(-58.192626198,37.858522962,14.5));
#2314=DIRECTION('',(-0.,-0.,-1.));
#2315=VECTOR('',#2314,0.5);
#2316=LINE('',#2313,#2315);
#2317=EDGE_CURVE('8:12822',#2312,#2303,#2316,.T.);
#2318=ORIENTED_EDGE('',*,*,#2317,.F.);
#2319=CARTESIAN_POINT('',(-33.697279073,23.919150517,14.5));
#2320=VERTEX_POINT('',#2319);
#2321=CARTESIAN_POINT('',(-58.192626198,37.858522962,14.5));
#2322=DIRECTION('',(0.869127768,-0.494587629,-0.));
#2323=VECTOR('',#2322,28.183827542);
#2324=LINE('',#2321,#2323);
#2325=EDGE_CURVE('9:999',#2312,#2320,#2324,.T.);
#2326=ORIENTED_EDGE('',*,*,#2325,.T.);
#2327=CARTESIAN_POINT('',(-33.697279073,23.919150517,14.5));
#2328=CARTESIAN_POINT('',(-33.428962866,23.766461292,14.191125458));
#2329=CARTESIAN_POINT('',(-33.171955652,23.620208895,13.867390859));
#2330=CARTESIAN_POINT('',(-32.966032458,23.50302582,13.5));
#2331=B_SPLINE_CURVE_WITH_KNOTS('',3,(#2327,#2328,#2329,#2330),.UNSPECIFIED.,.F.,.F.,(4,4),(0.,0.001308057),.UNSPECIFIED.);
#2332=EDGE_CURVE('9:2906',#2320,#2293,#2331,.T.);
#2333=ORIENTED_EDGE('',*,*,#2332,.T.);
#2334=EDGE_LOOP('',(#2301,#2310,#2318,#2326,#2333));
#2335=FACE_BOUND('',#2334,.T.);
#2336=ADVANCED_FACE('7:28632',(#2335),#2291,.T.);
#2337=CARTESIAN_POINT('',(61.565638048,30.573360171,12.));
#2338=DIRECTION('',(0.496138938,-0.868243142,0.));
#2339=DIRECTION('',(0.868243142,0.496138938,0.));
#2340=AXIS2_PLACEMENT_3D('',#2337,#2338,#2339);
#2341=PLANE('',#2340);
#2342=CARTESIAN_POINT('',(36.967118951,16.517063544,13.5));
#2343=VERTEX_POINT('',#2342);
#2344=CARTESIAN_POINT('',(62.103039656,30.880446805,13.5));
#2345=VERTEX_POINT('',#2344);
#2346=CARTESIAN_POINT('',(36.967118951,16.517063544,13.5));
#2347=DIRECTION('',(0.868243142,0.496138938,-0.));
#2348=VECTOR('',#2347,28.950324496);
#2349=LINE('',#2346,#2348);
#2350=EDGE_CURVE('9:207',#2343,#2345,#2349,.T.);
#2351=ORIENTED_EDGE('',*,*,#2350,.T.);
#2352=CARTESIAN_POINT('',(62.161505937,30.913856108,14.));
#2353=VERTEX_POINT('',#2352);
#2354=CARTESIAN_POINT('',(62.103039656,30.880446805,13.5));
#2355=CARTESIAN_POINT('',(62.141928313,30.902668894,13.663657459));
#2356=CARTESIAN_POINT('',(62.161505937,30.913856108,13.830310342));
#2357=CARTESIAN_POINT('',(62.161505937,30.913856108,14.));
#2358=B_SPLINE_CURVE_WITH_KNOTS('',3,(#2354,#2355,#2356,#2357),.UNSPECIFIED.,.F.,.F.,(4,4),(0.,0.000504514),.UNSPECIFIED.);
#2359=EDGE_CURVE('9:3963',#2345,#2353,#2358,.T.);
#2360=ORIENTED_EDGE('',*,*,#2359,.T.);
#2361=CARTESIAN_POINT('',(62.161505937,30.913856108,14.5));
#2362=VERTEX_POINT('',#2361);
#2363=CARTESIAN_POINT('',(62.161505937,30.913856108,14.5));
#2364=DIRECTION('',(-0.,-0.,-1.));
#2365=VECTOR('',#2364,0.5);
#2366=LINE('',#2363,#2365);
#2367=EDGE_CURVE('8:13123',#2362,#2353,#2366,.T.);
#2368=ORIENTED_EDGE('',*,*,#2367,.F.);
#2369=CARTESIAN_POINT('',(37.698806303,16.935170603,14.5));
#2370=VERTEX_POINT('',#2369);
#2371=CARTESIAN_POINT('',(62.161505937,30.913856108,14.5));
#2372=DIRECTION('',(-0.868243142,-0.496138938,-0.));
#2373=VECTOR('',#2372,28.174941382);
#2374=LINE('',#2371,#2373);
#2375=EDGE_CURVE('9:1017',#2362,#2370,#2374,.T.);
#2376=ORIENTED_EDGE('',*,*,#2375,.T.);
#2377=CARTESIAN_POINT('',(37.698806303,16.935170603,14.5));
#2378=CARTESIAN_POINT('',(37.430590177,16.781904887,14.19093016));
#2379=CARTESIAN_POINT('',(37.173422493,16.634951283,13.867282425));
#2380=CARTESIAN_POINT('',(36.967118951,16.517063544,13.5));
#2381=B_SPLINE_CURVE_WITH_KNOTS('',3,(#2377,#2378,#2379,#2380),.UNSPECIFIED.,.F.,.F.,(4,4),(0.,0.001308912),.UNSPECIFIED.);
#2382=EDGE_CURVE('9:2915',#2370,#2343,#2381,.T.);
#2383=ORIENTED_EDGE('',*,*,#2382,.T.);
#2384=EDGE_LOOP('',(#2351,#2360,#2368,#2376,#2383));
#2385=FACE_BOUND('',#2384,.T.);
#2386=ADVANCED_FACE('7:28917',(#2385),#2341,.T.);
#2387=CARTESIAN_POINT('',(32.745169932,23.318530103,12.));
#2388=DIRECTION('',(-0.496138938,0.868243142,0.));
#2389=DIRECTION('',(-0.868243142,-0.496138938,0.));
#2390=AXIS2_PLACEMENT_3D('',#2387,#2388,#2389);
#2391=PLANE('',#2390);
#2392=ORIENTED_EDGE('',*,*,#579,.F.);
#2393=CARTESIAN_POINT('',(58.133928149,37.826391942,13.5));
#2394=VERTEX_POINT('',#2393);
#2395=CARTESIAN_POINT('',(58.19239443,37.859801245,14.));
#2396=CARTESIAN_POINT('',(58.19239443,37.859801245,13.830310342));
#2397=CARTESIAN_POINT('',(58.172816806,37.848614031,13.663657459));
#2398=CARTESIAN_POINT('',(58.133928149,37.826391942,13.5));
#2399=B_SPLINE_CURVE_WITH_KNOTS('',3,(#2395,#2396,#2397,#2398),.UNSPECIFIED.,.F.,.F.,(4,4),(0.,0.000504514),.UNSPECIFIED.);
#2400=EDGE_CURVE('9:3954',#565,#2394,#2399,.T.);
#2401=ORIENTED_EDGE('',*,*,#2400,.T.);
#2402=CARTESIAN_POINT('',(32.998007444,23.463008681,13.5));
#2403=VERTEX_POINT('',#2402);
#2404=CARTESIAN_POINT('',(58.133928149,37.826391942,13.5));
#2405=DIRECTION('',(-0.868243142,-0.496138938,-0.));
#2406=VECTOR('',#2405,28.950324496);
#2407=LINE('',#2404,#2406);
#2408=EDGE_CURVE('9:225',#2394,#2403,#2407,.T.);
#2409=ORIENTED_EDGE('',*,*,#2408,.T.);
#2410=CARTESIAN_POINT('',(33.729694796,23.88111574,14.5));
#2411=VERTEX_POINT('',#2410);
#2412=CARTESIAN_POINT('',(32.998007444,23.463008681,13.5));
#2413=CARTESIAN_POINT('',(33.204310986,23.58089642,13.867282425));
#2414=CARTESIAN_POINT('',(33.461478949,23.727849541,14.190930158));
#2415=CARTESIAN_POINT('',(33.729694796,23.88111574,14.5));
#2416=B_SPLINE_CURVE_WITH_KNOTS('',3,(#2412,#2413,#2414,#2415),.UNSPECIFIED.,.F.,.F.,(4,4),(0.,0.001308912),.UNSPECIFIED.);
#2417=EDGE_CURVE('9:2879',#2403,#2411,#2416,.T.);
#2418=ORIENTED_EDGE('',*,*,#2417,.T.);
#2419=CARTESIAN_POINT('',(33.729694796,23.88111574,14.5));
#2420=DIRECTION('',(0.868243142,0.496138938,-0.));
#2421=VECTOR('',#2420,28.174941382);
#2422=LINE('',#2419,#2421);
#2423=EDGE_CURVE('9:1014',#2411,#574,#2422,.T.);
#2424=ORIENTED_EDGE('',*,*,#2423,.T.);
#2425=EDGE_LOOP('',(#2392,#2401,#2409,#2418,#2424));
#2426=FACE_BOUND('',#2425,.T.);
#2427=ADVANCED_FACE('7:28923',(#2426),#2391,.T.);
#2428=CARTESIAN_POINT('',(57.596526541,-37.519305308,12.));
#2429=DIRECTION('',(-0.496138938,-0.868243142,0.));
#2430=DIRECTION('',(0.868243142,-0.496138938,0.));
#2431=AXIS2_PLACEMENT_3D('',#2428,#2429,#2430);
#2432=PLANE('',#2431);
#2433=CARTESIAN_POINT('',(32.998007444,-23.463008681,13.5));
#2434=VERTEX_POINT('',#2433);
#2435=CARTESIAN_POINT('',(58.133928149,-37.826391942,13.5));
#2436=VERTEX_POINT('',#2435);
#2437=CARTESIAN_POINT('',(32.998007444,-23.463008681,13.5));
#2438=DIRECTION('',(0.868243142,-0.496138938,-0.));
#2439=VECTOR('',#2438,28.950324496);
#2440=LINE('',#2437,#2439);
#2441=EDGE_CURVE('9:249',#2434,#2436,#2440,.T.);
#2442=ORIENTED_EDGE('',*,*,#2441,.T.);
#2443=CARTESIAN_POINT('',(58.19239443,-37.859801245,14.));
#2444=VERTEX_POINT('',#2443);
#2445=CARTESIAN_POINT('',(58.133928149,-37.826391942,13.5));
#2446=CARTESIAN_POINT('',(58.172816806,-37.848614031,13.663657459));
#2447=CARTESIAN_POINT('',(58.19239443,-37.859801245,13.830310342));
#2448=CARTESIAN_POINT('',(58.19239443,-37.859801245,14.));
#2449=B_SPLINE_CURVE_WITH_KNOTS('',3,(#2445,#2446,#2447,#2448),.UNSPECIFIED.,.F.,.F.,(4,4),(0.,0.000504514),.UNSPECIFIED.);
#2450=EDGE_CURVE('9:3948',#2436,#2444,#2449,.T.);
#2451=ORIENTED_EDGE('',*,*,#2450,.T.);
#2452=CARTESIAN_POINT('',(58.19239443,-37.859801245,14.5));
#2453=VERTEX_POINT('',#2452);
#2454=CARTESIAN_POINT('',(58.19239443,-37.859801245,14.5));
#2455=DIRECTION('',(-0.,-0.,-1.));
#2456=VECTOR('',#2455,0.5);
#2457=LINE('',#2454,#2456);
#2458=EDGE_CURVE('8:13422',#2453,#2444,#2457,.T.);
#2459=ORIENTED_EDGE('',*,*,#2458,.F.);
#2460=CARTESIAN_POINT('',(33.729694796,-23.88111574,14.5));
#2461=VERTEX_POINT('',#2460);
#2462=CARTESIAN_POINT('',(58.19239443,-37.859801245,14.5));
#2463=DIRECTION('',(-0.868243142,0.496138938,-0.));
#2464=VECTOR('',#2463,28.174941382);
#2465=LINE('',#2462,#2464);
#2466=EDGE_CURVE('9:1032',#2453,#2461,#2465,.T.);
#2467=ORIENTED_EDGE('',*,*,#2466,.T.);
#2468=CARTESIAN_POINT('',(33.729694796,-23.88111574,14.5));
#2469=CARTESIAN_POINT('',(33.461479223,-23.727849057,14.19093016));
#2470=CARTESIAN_POINT('',(33.204310986,-23.58089642,13.867282425));
#2471=CARTESIAN_POINT('',(32.998007444,-23.463008681,13.5));
#2472=B_SPLINE_CURVE_WITH_KNOTS('',3,(#2468,#2469,#2470,#2471),.UNSPECIFIED.,.F.,.F.,(4,4),(0.,0.001308912),.UNSPECIFIED.);
#2473=EDGE_CURVE('9:2924',#2461,#2434,#2472,.T.);
#2474=ORIENTED_EDGE('',*,*,#2473,.T.);
#2475=EDGE_LOOP('',(#2442,#2451,#2459,#2467,#2474));
#2476=FACE_BOUND('',#2475,.T.);
#2477=ADVANCED_FACE('7:28821',(#2476),#2432,.T.);
#2478=CARTESIAN_POINT('',(36.714281438,-16.372584966,12.));
#2479=DIRECTION('',(0.496138938,0.868243142,0.));
#2480=DIRECTION('',(-0.868243142,0.496138938,0.));
#2481=AXIS2_PLACEMENT_3D('',#2478,#2479,#2480);
#2482=PLANE('',#2481);
#2483=ORIENTED_EDGE('',*,*,#630,.F.);
#2484=CARTESIAN_POINT('',(62.103039656,-30.880446805,13.5));
#2485=VERTEX_POINT('',#2484);
#2486=CARTESIAN_POINT('',(62.161505937,-30.913856108,14.));
#2487=CARTESIAN_POINT('',(62.161505937,-30.913856108,13.830310342));
#2488=CARTESIAN_POINT('',(62.141928313,-30.902668894,13.663657459));
#2489=CARTESIAN_POINT('',(62.103039656,-30.880446805,13.5));
#2490=B_SPLINE_CURVE_WITH_KNOTS('',3,(#2486,#2487,#2488,#2489),.UNSPECIFIED.,.F.,.F.,(4,4),(0.,0.000504514),.UNSPECIFIED.);
#2491=EDGE_CURVE('9:3927',#616,#2485,#2490,.T.);
#2492=ORIENTED_EDGE('',*,*,#2491,.T.);
#2493=CARTESIAN_POINT('',(36.967118951,-16.517063544,13.5));
#2494=VERTEX_POINT('',#2493);
#2495=CARTESIAN_POINT('',(62.103039656,-30.880446805,13.5));
#2496=DIRECTION('',(-0.868243142,0.496138938,-0.));
#2497=VECTOR('',#2496,28.950324496);
#2498=LINE('',#2495,#2497);
#2499=EDGE_CURVE('9:222',#2485,#2494,#2498,.T.);
#2500=ORIENTED_EDGE('',*,*,#2499,.T.);
#2501=CARTESIAN_POINT('',(37.698806303,-16.935170603,14.5));
#2502=VERTEX_POINT('',#2501);
#2503=CARTESIAN_POINT('',(36.967118951,-16.517063544,13.5));
#2504=CARTESIAN_POINT('',(37.173422493,-16.634951283,13.867282425));
#2505=CARTESIAN_POINT('',(37.430590456,-16.781904404,14.190930158));
#2506=CARTESIAN_POINT('',(37.698806303,-16.935170603,14.5));
#2507=B_SPLINE_CURVE_WITH_KNOTS('',3,(#2503,#2504,#2505,#2506),.UNSPECIFIED.,.F.,.F.,(4,4),(0.,0.001308912),.UNSPECIFIED.);
#2508=EDGE_CURVE('9:2888',#2494,#2502,#2507,.T.);
#2509=ORIENTED_EDGE('',*,*,#2508,.T.);
#2510=CARTESIAN_POINT('',(37.698806303,-16.935170603,14.5));
#2511=DIRECTION('',(0.868243142,-0.496138938,-0.));
#2512=VECTOR('',#2511,28.174941382);
#2513=LINE('',#2510,#2512);
#2514=EDGE_CURVE('9:1035',#2502,#625,#2513,.T.);
#2515=ORIENTED_EDGE('',*,*,#2514,.T.);
#2516=EDGE_LOOP('',(#2483,#2492,#2500,#2509,#2515));
#2517=FACE_BOUND('',#2516,.T.);
#2518=ADVANCED_FACE('7:28827',(#2517),#2482,.T.);
#2519=CARTESIAN_POINT('',(2.728764161,-4.775337282,13.5));
#2520=DIRECTION('',(0.868243142,0.496138938,0.));
#2521=DIRECTION('',(-0.496138938,0.868243142,0.));
#2522=AXIS2_PLACEMENT_3D('',#2519,#2520,#2521);
#2523=CYLINDRICAL_SURFACE('',#2522,1.5);
#2524=CARTESIAN_POINT('',(36.927987415,16.492816975,13.429935495));
#2525=VERTEX_POINT('',#2524);
#2526=CARTESIAN_POINT('',(36.967118951,16.517063544,13.5));
#2527=CARTESIAN_POINT('',(36.95390498,16.509512704,13.476475154));
#2528=CARTESIAN_POINT('',(36.940827943,16.501404792,13.453147783));
#2529=CARTESIAN_POINT('',(36.927987414,16.492816975,13.429935495));
#2530=B_SPLINE_CURVE_WITH_KNOTS('',3,(#2526,#2527,#2528,#2529),.UNSPECIFIED.,.F.,.F.,(4,4),(0.,0.000083136),.UNSPECIFIED.);
#2531=EDGE_CURVE('9:2918',#2343,#2525,#2530,.T.);
#2532=ORIENTED_EDGE('',*,*,#2531,.T.);
#2533=CARTESIAN_POINT('',(36.927987415,16.492816975,13.429935495));
#2534=CARTESIAN_POINT('',(36.994621866,16.524428276,13.309884902));
#2535=CARTESIAN_POINT('',(37.072839336,16.546708012,13.197636067));
#2536=CARTESIAN_POINT('',(37.16081871,16.562684631,13.092220564));
#2537=CARTESIAN_POINT('',(37.248798084,16.57866125,12.986805061));
#2538=CARTESIAN_POINT('',(37.347358311,16.588276494,12.887595457));
#2539=CARTESIAN_POINT('',(37.453218748,16.592993331,12.796415699));
#2540=CARTESIAN_POINT('',(37.664939623,16.602427006,12.614056184));
#2541=CARTESIAN_POINT('',(37.899329752,16.593006518,12.467204182));
#2542=CARTESIAN_POINT('',(38.151894497,16.573772497,12.348625114));
#2543=CARTESIAN_POINT('',(38.404459242,16.554538476,12.230046046));
#2544=CARTESIAN_POINT('',(38.666257095,16.525824399,12.144347942));
#2545=CARTESIAN_POINT('',(38.93449061,16.49276661,12.086784726));
#2546=CARTESIAN_POINT('',(39.202724126,16.459708822,12.02922151));
#2547=CARTESIAN_POINT('',(39.479702272,16.421757866,12.));
#2548=CARTESIAN_POINT('',(39.756560373,16.383403411,12.));
#2549=B_SPLINE_CURVE_WITH_KNOTS('',3,(#2533,#2534,#2535,#2536,#2537,#2538,#2539,#2540,#2541,#2542,#2543,#2544,#2545,#2546,#2547,#2548),.UNSPECIFIED.,.F.,.F.,(4,3,3,3,3,4),(0.,0.000414608,0.000829217,0.001658434,0.002487651,0.003316868),.UNSPECIFIED.);
#2550=EDGE_CURVE('9:4956',#2525,#148,#2549,.T.);
#2551=ORIENTED_EDGE('',*,*,#2550,.T.);
#2552=ORIENTED_EDGE('',*,*,#153,.F.);
#2553=CARTESIAN_POINT('',(61.550660565,28.837174949,12.));
#2554=CARTESIAN_POINT('',(61.570912245,28.953232369,12.));
#2555=CARTESIAN_POINT('',(61.59128951,29.068562373,12.008179167));
#2556=CARTESIAN_POINT('',(61.612052436,29.183005122,12.024464558));
#2557=CARTESIAN_POINT('',(61.632815361,29.297447871,12.040749948));
#2558=CARTESIAN_POINT('',(61.653964625,29.411008961,12.065256192));
#2559=CARTESIAN_POINT('',(61.67528421,29.521154782,12.097522224));
#2560=CARTESIAN_POINT('',(61.696603796,29.631300604,12.129788256));
#2561=CARTESIAN_POINT('',(61.718202148,29.738678693,12.169869912));
#2562=CARTESIAN_POINT('',(61.740342147,29.843055628,12.218288599));
#2563=CARTESIAN_POINT('',(61.762482145,29.947432562,12.266707287));
#2564=CARTESIAN_POINT('',(61.785166603,30.048724217,12.323614653));
#2565=CARTESIAN_POINT('',(61.808012013,30.143578835,12.387899179));
#2566=CARTESIAN_POINT('',(61.853702833,30.333288073,12.516468232));
#2567=CARTESIAN_POINT('',(61.901211958,30.502718391,12.678459274));
#2568=CARTESIAN_POINT('',(61.95006578,30.631798808,12.867248478));
#2569=CARTESIAN_POINT('',(61.97449269,30.696339017,12.96164308));
#2570=CARTESIAN_POINT('',(61.999663172,30.751582901,13.064230105));
#2571=CARTESIAN_POINT('',(62.024974788,30.793537433,13.17010088));
#2572=CARTESIAN_POINT('',(62.050286405,30.835491966,13.275971655));
#2573=CARTESIAN_POINT('',(62.075919902,30.864949802,13.385870315));
#2574=CARTESIAN_POINT('',(62.103039656,30.880446805,13.5));
#2575=B_SPLINE_CURVE_WITH_KNOTS('',3,(#2553,#2554,#2555,#2556,#2557,#2558,#2559,#2560,#2561,#2562,#2563,#2564,#2565,#2566,#2567,#2568,#2569,#2570,#2571,#2572,#2573,#2574),.UNSPECIFIED.,.F.,.F.,(4,3,3,3,3,3,3,4),(0.,0.000349378,0.000698755,0.001048133,0.001397511,0.002096266,0.002445644,0.002795022),.UNSPECIFIED.);
#2576=EDGE_CURVE('9:3960',#139,#2345,#2575,.T.);
#2577=ORIENTED_EDGE('',*,*,#2576,.T.);
#2578=ORIENTED_EDGE('',*,*,#2350,.F.);
#2579=EDGE_LOOP('',(#2532,#2551,#2552,#2577,#2578));
#2580=FACE_BOUND('',#2579,.T.);
#2581=ADVANCED_FACE('9:3',(#2580),#2523,.F.);
#2582=CARTESIAN_POINT('',(2.728764161,4.775337282,13.5));
#2583=DIRECTION('',(-0.868243142,0.496138938,0.));
#2584=DIRECTION('',(-0.496138938,-0.868243142,0.));
#2585=AXIS2_PLACEMENT_3D('',#2582,#2583,#2584);
#2586=CYLINDRICAL_SURFACE('',#2585,1.5);
#2587=ORIENTED_EDGE('',*,*,#179,.F.);
#2588=CARTESIAN_POINT('',(36.927987415,-16.492816975,13.429935495));
#2589=VERTEX_POINT('',#2588);
#2590=CARTESIAN_POINT('',(39.756560373,-16.383403411,12.));
#2591=CARTESIAN_POINT('',(39.479702543,-16.421759818,12.));
#2592=CARTESIAN_POINT('',(39.202724126,-16.459708822,12.02922151));
#2593=CARTESIAN_POINT('',(38.93449061,-16.49276661,12.086784726));
#2594=CARTESIAN_POINT('',(38.666257095,-16.525824399,12.144347942));
#2595=CARTESIAN_POINT('',(38.404459242,-16.554538476,12.230046046));
#2596=CARTESIAN_POINT('',(38.151894497,-16.573772497,12.348625114));
#2597=CARTESIAN_POINT('',(37.899329752,-16.593006518,12.467204182));
#2598=CARTESIAN_POINT('',(37.664939623,-16.602427006,12.614056184));
#2599=CARTESIAN_POINT('',(37.453218748,-16.592993331,12.796415699));
#2600=CARTESIAN_POINT('',(37.347358311,-16.588276494,12.887595457));
#2601=CARTESIAN_POINT('',(37.248798084,-16.57866125,12.986805061));
#2602=CARTESIAN_POINT('',(37.16081871,-16.562684631,13.092220564));
#2603=CARTESIAN_POINT('',(37.072839336,-16.546708012,13.197636067));
#2604=CARTESIAN_POINT('',(36.994621866,-16.524428276,13.309884902));
#2605=CARTESIAN_POINT('',(36.927987415,-16.492816975,13.429935495));
#2606=B_SPLINE_CURVE_WITH_KNOTS('',3,(#2590,#2591,#2592,#2593,#2594,#2595,#2596,#2597,#2598,#2599,#2600,#2601,#2602,#2603,#2604,#2605),.UNSPECIFIED.,.F.,.F.,(4,3,3,3,3,4),(0.,0.000829217,0.001658434,0.002487651,0.002902259,0.003316868),.UNSPECIFIED.);
#2607=EDGE_CURVE('9:4959',#165,#2589,#2606,.T.);
#2608=ORIENTED_EDGE('',*,*,#2607,.T.);
#2609=CARTESIAN_POINT('',(36.927987415,-16.492816975,13.429935495));
#2610=CARTESIAN_POINT('',(36.940833737,-16.501408605,13.453158722));
#2611=CARTESIAN_POINT('',(36.953910989,-16.509516137,13.476485851));
#2612=CARTESIAN_POINT('',(36.967118951,-16.517063544,13.5));
#2613=B_SPLINE_CURVE_WITH_KNOTS('',3,(#2609,#2610,#2611,#2612),.UNSPECIFIED.,.F.,.F.,(4,4),(0.001269142,0.001352111),.UNSPECIFIED.);
#2614=EDGE_CURVE('9:2885',#2589,#2494,#2613,.T.);
#2615=ORIENTED_EDGE('',*,*,#2614,.T.);
#2616=ORIENTED_EDGE('',*,*,#2499,.F.);
#2617=CARTESIAN_POINT('',(62.103039656,-30.880446805,13.5));
#2618=CARTESIAN_POINT('',(62.075919902,-30.864949802,13.385870315));
#2619=CARTESIAN_POINT('',(62.050286405,-30.835491966,13.275971655));
#2620=CARTESIAN_POINT('',(62.024974788,-30.793537433,13.17010088));
#2621=CARTESIAN_POINT('',(61.999663172,-30.751582901,13.064230105));
#2622=CARTESIAN_POINT('',(61.97449269,-30.696339017,12.96164308));
#2623=CARTESIAN_POINT('',(61.95006578,-30.631798808,12.867248478));
#2624=CARTESIAN_POINT('',(61.901211958,-30.502718391,12.678459274));
#2625=CARTESIAN_POINT('',(61.853702833,-30.333288073,12.516468232));
#2626=CARTESIAN_POINT('',(61.808012013,-30.143578835,12.387899179));
#2627=CARTESIAN_POINT('',(61.785166603,-30.048724217,12.323614653));
#2628=CARTESIAN_POINT('',(61.762482145,-29.947432562,12.266707287));
#2629=CARTESIAN_POINT('',(61.740342147,-29.843055628,12.218288599));
#2630=CARTESIAN_POINT('',(61.718202148,-29.738678693,12.169869912));
#2631=CARTESIAN_POINT('',(61.696603796,-29.631300604,12.129788256));
#2632=CARTESIAN_POINT('',(61.67528421,-29.521154782,12.097522224));
#2633=CARTESIAN_POINT('',(61.653964625,-29.411008961,12.065256192));
#2634=CARTESIAN_POINT('',(61.632815361,-29.297447871,12.040749948));
#2635=CARTESIAN_POINT('',(61.612052436,-29.183005122,12.024464558));
#2636=CARTESIAN_POINT('',(61.59128951,-29.068562373,12.008179167));
#2637=CARTESIAN_POINT('',(61.570913318,-28.953232182,12.));
#2638=CARTESIAN_POINT('',(61.550660565,-28.837174949,12.));
#2639=B_SPLINE_CURVE_WITH_KNOTS('',3,(#2617,#2618,#2619,#2620,#2621,#2622,#2623,#2624,#2625,#2626,#2627,#2628,#2629,#2630,#2631,#2632,#2633,#2634,#2635,#2636,#2637,#2638),.UNSPECIFIED.,.F.,.F.,(4,3,3,3,3,3,3,4),(0.,0.000349378,0.000698755,0.001397511,0.001746888,0.002096266,0.002445644,0.002795022),.UNSPECIFIED.);
#2640=EDGE_CURVE('9:3930',#2485,#174,#2639,.T.);
#2641=ORIENTED_EDGE('',*,*,#2640,.T.);
#2642=EDGE_LOOP('',(#2587,#2608,#2615,#2616,#2641));
#2643=FACE_BOUND('',#2642,.T.);
#2644=ADVANCED_FACE('9:6',(#2643),#2586,.F.);
#2645=CARTESIAN_POINT('',(-2.728764161,4.775337282,13.5));
#2646=DIRECTION('',(-0.868243142,-0.496138938,0.));
#2647=DIRECTION('',(0.496138938,-0.868243142,0.));
#2648=AXIS2_PLACEMENT_3D('',#2645,#2646,#2647);
#2649=CYLINDRICAL_SURFACE('',#2648,1.5);
#2650=ORIENTED_EDGE('',*,*,#127,.F.);
#2651=CARTESIAN_POINT('',(32.957251313,23.441605155,13.429935495));
#2652=VERTEX_POINT('',#2651);
#2653=CARTESIAN_POINT('',(34.299032051,25.934077974,12.));
#2654=CARTESIAN_POINT('',(34.19151898,25.676081052,12.));
#2655=CARTESIAN_POINT('',(34.083593695,25.418187076,12.02922151));
#2656=CARTESIAN_POINT('',(33.975894159,25.1703104,12.086784726));
#2657=CARTESIAN_POINT('',(33.868194623,24.922433725,12.144347942));
#2658=CARTESIAN_POINT('',(33.760020148,24.68230689,12.230046046));
#2659=CARTESIAN_POINT('',(33.648365819,24.454947684,12.348625114));
#2660=CARTESIAN_POINT('',(33.53671149,24.227588477,12.467204182));
#2661=CARTESIAN_POINT('',(33.425829537,24.020869657,12.614056184));
#2662=CARTESIAN_POINT('',(33.310213004,23.843253384,12.796415699));
#2663=CARTESIAN_POINT('',(33.252404737,23.754445248,12.887595457));
#2664=CARTESIAN_POINT('',(33.194082565,23.674413407,12.986805061));
#2665=CARTESIAN_POINT('',(33.135651642,23.606726999,13.092220564));
#2666=CARTESIAN_POINT('',(33.077220719,23.539040591,13.197636067));
#2667=CARTESIAN_POINT('',(33.018315462,23.482964483,13.309884902));
#2668=CARTESIAN_POINT('',(32.957251313,23.441605155,13.429935495));
#2669=B_SPLINE_CURVE_WITH_KNOTS('',3,(#2653,#2654,#2655,#2656,#2657,#2658,#2659,#2660,#2661,#2662,#2663,#2664,#2665,#2666,#2667,#2668),.UNSPECIFIED.,.F.,.F.,(4,3,3,3,3,4),(0.,0.000829217,0.001658434,0.002487651,0.002902259,0.003316868),.UNSPECIFIED.);
#2670=EDGE_CURVE('9:4947',#113,#2652,#2669,.T.);
#2671=ORIENTED_EDGE('',*,*,#2670,.T.);
#2672=CARTESIAN_POINT('',(32.957251312,23.441605154,13.429935495));
#2673=CARTESIAN_POINT('',(32.971175311,23.448310851,13.453158722));
#2674=CARTESIAN_POINT('',(32.984799482,23.455461274,13.476485851));
#2675=CARTESIAN_POINT('',(32.998007444,23.463008681,13.5));
#2676=B_SPLINE_CURVE_WITH_KNOTS('',3,(#2672,#2673,#2674,#2675),.UNSPECIFIED.,.F.,.F.,(4,4),(0.001269142,0.001352111),.UNSPECIFIED.);
#2677=EDGE_CURVE('9:2876',#2652,#2403,#2676,.T.);
#2678=ORIENTED_EDGE('',*,*,#2677,.T.);
#2679=ORIENTED_EDGE('',*,*,#2408,.F.);
#2680=CARTESIAN_POINT('',(58.133928149,37.826391942,13.5));
#2681=CARTESIAN_POINT('',(58.106808395,37.810894939,13.385870315));
#2682=CARTESIAN_POINT('',(58.068415407,37.803766212,13.275971655));
#2683=CARTESIAN_POINT('',(58.019419451,37.803259275,13.17010088));
#2684=CARTESIAN_POINT('',(57.970423494,37.802752337,13.064230105));
#2685=CARTESIAN_POINT('',(57.910049903,37.809113894,12.96164308));
#2686=CARTESIAN_POINT('',(57.842044677,37.820835738,12.867248478));
#2687=CARTESIAN_POINT('',(57.706034223,37.844279427,12.678459274));
#2688=CARTESIAN_POINT('',(57.53594347,37.889366958,12.516468232));
#2689=CARTESIAN_POINT('',(57.349304788,37.946316479,12.387899179));
#2690=CARTESIAN_POINT('',(57.255985446,37.97479124,12.323614653));
#2691=CARTESIAN_POINT('',(57.157202066,38.006672701,12.266707287));
#2692=CARTESIAN_POINT('',(57.056037015,38.040589608,12.218288599));
#2693=CARTESIAN_POINT('',(56.954871965,38.074506514,12.169869912));
#2694=CARTESIAN_POINT('',(56.851396293,38.110413733,12.129788256));
#2695=CARTESIAN_POINT('',(56.745677642,38.147966276,12.097522224));
#2696=CARTESIAN_POINT('',(56.639958991,38.18551882,12.065256192));
#2697=CARTESIAN_POINT('',(56.531384426,38.224952007,12.040749948));
#2698=CARTESIAN_POINT('',(56.422246419,38.265165652,12.024464558));
#2699=CARTESIAN_POINT('',(56.313108411,38.305379297,12.008179167));
#2700=CARTESIAN_POINT('',(56.203402179,38.346376674,12.));
#2701=CARTESIAN_POINT('',(56.093132243,38.387849513,12.));
#2702=B_SPLINE_CURVE_WITH_KNOTS('',3,(#2680,#2681,#2682,#2683,#2684,#2685,#2686,#2687,#2688,#2689,#2690,#2691,#2692,#2693,#2694,#2695,#2696,#2697,#2698,#2699,#2700,#2701),.UNSPECIFIED.,.F.,.F.,(4,3,3,3,3,3,3,4),(0.,0.000349378,0.000698755,0.001397511,0.001746888,0.002096266,0.002445644,0.002795022),.UNSPECIFIED.);
#2703=EDGE_CURVE('9:3957',#2394,#122,#2702,.T.);
#2704=ORIENTED_EDGE('',*,*,#2703,.T.);
#2705=EDGE_LOOP('',(#2650,#2671,#2678,#2679,#2704));
#2706=FACE_BOUND('',#2705,.T.);
#2707=ADVANCED_FACE('9:9',(#2706),#2649,.F.);
#2708=CARTESIAN_POINT('',(-62.301300796,29.266114979,13.5));
#2709=DIRECTION('',(-0.869127768,0.494587629,0.));
#2710=DIRECTION('',(-0.494587629,-0.869127768,0.));
#2711=AXIS2_PLACEMENT_3D('',#2708,#2709,#2710);
#2712=CYLINDRICAL_SURFACE('',#2711,1.5);
#2713=ORIENTED_EDGE('',*,*,#265,.F.);
#2714=CARTESIAN_POINT('',(-36.908372854,16.539832726,13.427828222));
#2715=VERTEX_POINT('',#2714);
#2716=CARTESIAN_POINT('',(-39.738727452,16.426610744,12.));
#2717=CARTESIAN_POINT('',(-39.461884231,16.465217099,12.));
#2718=CARTESIAN_POINT('',(-39.184941016,16.503411017,12.029155015));
#2719=CARTESIAN_POINT('',(-38.916704906,16.536724322,12.08658926));
#2720=CARTESIAN_POINT('',(-38.648468796,16.570037626,12.144023504));
#2721=CARTESIAN_POINT('',(-38.386577784,16.599024357,12.229553276));
#2722=CARTESIAN_POINT('',(-38.133920216,16.618558168,12.347891502));
#2723=CARTESIAN_POINT('',(-37.881262649,16.638091979,12.466229728));
#2724=CARTESIAN_POINT('',(-37.646690113,16.647837631,12.612809639));
#2725=CARTESIAN_POINT('',(-37.434694107,16.638779167,12.794902794));
#2726=CARTESIAN_POINT('',(-37.328696104,16.634249936,12.885949372));
#2727=CARTESIAN_POINT('',(-37.229971009,16.624832883,12.985033542));
#2728=CARTESIAN_POINT('',(-37.141807493,16.609061233,13.090345764));
#2729=CARTESIAN_POINT('',(-37.053643978,16.593289584,13.195657986));
#2730=CARTESIAN_POINT('',(-36.975222413,16.571223174,13.307823694));
#2731=CARTESIAN_POINT('',(-36.908372854,16.539832726,13.427828222));
#2732=B_SPLINE_CURVE_WITH_KNOTS('',3,(#2716,#2717,#2718,#2719,#2720,#2721,#2722,#2723,#2724,#2725,#2726,#2727,#2728,#2729,#2730,#2731),.UNSPECIFIED.,.F.,.F.,(4,3,3,3,3,4),(0.,0.000829307,0.001658614,0.00248792,0.002902574,0.003317227),.UNSPECIFIED.);
#2733=EDGE_CURVE('9:4983',#251,#2715,#2732,.T.);
#2734=ORIENTED_EDGE('',*,*,#2733,.T.);
#2735=CARTESIAN_POINT('',(-36.908372854,16.539832726,13.427828222));
#2736=CARTESIAN_POINT('',(-36.921650244,16.548714232,13.451747246));
#2737=CARTESIAN_POINT('',(-36.935175851,16.55708415,13.47577431));
#2738=CARTESIAN_POINT('',(-36.948840408,16.564860131,13.5));
#2739=B_SPLINE_CURVE_WITH_KNOTS('',3,(#2735,#2736,#2737,#2738),.UNSPECIFIED.,.F.,.F.,(4,4),(0.00127043,0.001355996),.UNSPECIFIED.);
#2740=EDGE_CURVE('9:2867',#2715,#2262,#2739,.T.);
#2741=ORIENTED_EDGE('',*,*,#2740,.T.);
#2742=ORIENTED_EDGE('',*,*,#2267,.F.);
#2743=CARTESIAN_POINT('',(-62.103936219,30.879670515,13.5));
#2744=CARTESIAN_POINT('',(-62.07678137,30.864217721,13.385914742));
#2745=CARTESIAN_POINT('',(-62.051103276,30.834821432,13.276051));
#2746=CARTESIAN_POINT('',(-62.025738161,30.792940992,13.170208238));
#2747=CARTESIAN_POINT('',(-62.000373046,30.751060552,13.064365477));
#2748=CARTESIAN_POINT('',(-61.975138446,30.695903038,12.961795664));
#2749=CARTESIAN_POINT('',(-61.950639469,30.631450139,12.867407716));
#2750=CARTESIAN_POINT('',(-61.901641516,30.50254434,12.67863182));
#2751=CARTESIAN_POINT('',(-61.853953616,30.333297694,12.516619456));
#2752=CARTESIAN_POINT('',(-61.808063658,30.143757126,12.388024108));
#2753=CARTESIAN_POINT('',(-61.785118679,30.048986842,12.323726435));
#2754=CARTESIAN_POINT('',(-61.762328664,29.947779966,12.266805031));
#2755=CARTESIAN_POINT('',(-61.740077475,29.84347354,12.218368792));
#2756=CARTESIAN_POINT('',(-61.717826285,29.739167114,12.169932552));
#2757=CARTESIAN_POINT('',(-61.696114237,29.631859266,12.129836945));
#2758=CARTESIAN_POINT('',(-61.674677998,29.521784036,12.097559709));
#2759=CARTESIAN_POINT('',(-61.65324176,29.411708806,12.065282473));
#2760=CARTESIAN_POINT('',(-61.63197218,29.298219063,12.040767272));
#2761=CARTESIAN_POINT('',(-61.611085664,29.183837111,12.024474818));
#2762=CARTESIAN_POINT('',(-61.590199149,29.069455158,12.008182364));
#2763=CARTESIAN_POINT('',(-61.569698078,28.954186053,12.));
#2764=CARTESIAN_POINT('',(-61.54931889,28.838190614,12.));
#2765=B_SPLINE_CURVE_WITH_KNOTS('',3,(#2743,#2744,#2745,#2746,#2747,#2748,#2749,#2750,#2751,#2752,#2753,#2754,#2755,#2756,#2757,#2758,#2759,#2760,#2761,#2762,#2763,#2764),.UNSPECIFIED.,.F.,.F.,(4,3,3,3,3,3,3,4),(0.,0.00034926,0.00069852,0.001397041,0.001746301,0.002095561,0.002444822,0.002794082),.UNSPECIFIED.);
#2766=EDGE_CURVE('9:3987',#2253,#260,#2765,.T.);
#2767=ORIENTED_EDGE('',*,*,#2766,.T.);
#2768=EDGE_LOOP('',(#2713,#2734,#2741,#2742,#2767));
#2769=FACE_BOUND('',#2768,.T.);
#2770=ADVANCED_FACE('9:12',(#2769),#2712,.F.);
#2771=CARTESIAN_POINT('',(-31.984271726,24.670211272,13.5));
#2772=DIRECTION('',(0.869127768,-0.494587629,0.));
#2773=DIRECTION('',(0.494587629,0.869127768,0.));
#2774=AXIS2_PLACEMENT_3D('',#2771,#2772,#2773);
#2775=CYLINDRICAL_SURFACE('',#2774,1.5);
#2776=CARTESIAN_POINT('',(-32.926624137,23.482371816,13.432049078));
#2777=VERTEX_POINT('',#2776);
#2778=CARTESIAN_POINT('',(-32.966032458,23.50302582,13.5));
#2779=CARTESIAN_POINT('',(-32.953246698,23.495749929,13.477188723));
#2780=CARTESIAN_POINT('',(-32.940074776,23.488851147,13.454563536));
#2781=CARTESIAN_POINT('',(-32.926624137,23.482371816,13.432049078));
#2782=B_SPLINE_CURVE_WITH_KNOTS('',3,(#2778,#2779,#2780,#2781),.UNSPECIFIED.,.F.,.F.,(4,4),(0.,0.000080538),.UNSPECIFIED.);
#2783=EDGE_CURVE('9:2909',#2293,#2777,#2782,.T.);
#2784=ORIENTED_EDGE('',*,*,#2783,.T.);
#2785=CARTESIAN_POINT('',(-32.926624137,23.482371816,13.432049078));
#2786=CARTESIAN_POINT('',(-32.987769979,23.523433693,13.311952474));
#2787=CARTESIAN_POINT('',(-33.046755961,23.579225637,13.199620464));
#2788=CARTESIAN_POINT('',(-33.105270505,23.646649329,13.094101523));
#2789=CARTESIAN_POINT('',(-33.16378505,23.714073021,12.988582582));
#2790=CARTESIAN_POINT('',(-33.22219478,23.793862236,12.889247248));
#2791=CARTESIAN_POINT('',(-33.280095278,23.882456603,12.797934023));
#2792=CARTESIAN_POINT('',(-33.395896275,24.059645337,12.615307573));
#2793=CARTESIAN_POINT('',(-33.50696662,24.26604225,12.468182535));
#2794=CARTESIAN_POINT('',(-33.6188331,24.493170068,12.349361663));
#2795=CARTESIAN_POINT('',(-33.73069958,24.720297886,12.23054079));
#2796=CARTESIAN_POINT('',(-33.839062361,24.960206838,12.144673738));
#2797=CARTESIAN_POINT('',(-33.946981766,25.207952974,12.086980959));
#2798=CARTESIAN_POINT('',(-34.054901171,25.45569911,12.029288179));
#2799=CARTESIAN_POINT('',(-34.163054133,25.713500368,12.));
#2800=CARTESIAN_POINT('',(-34.270792725,25.971383599,12.));
#2801=B_SPLINE_CURVE_WITH_KNOTS('',3,(#2785,#2786,#2787,#2788,#2789,#2790,#2791,#2792,#2793,#2794,#2795,#2796,#2797,#2798,#2799,#2800),.UNSPECIFIED.,.F.,.F.,(4,3,3,3,3,4),(0.,0.000414566,0.000829133,0.001658266,0.002487399,0.003316532),.UNSPECIFIED.);
#2802=EDGE_CURVE('9:4932',#2777,#105,#2801,.T.);
#2803=ORIENTED_EDGE('',*,*,#2802,.T.);
#2804=ORIENTED_EDGE('',*,*,#110,.F.);
#2805=CARTESIAN_POINT('',(-56.092936661,38.389537557,12.));
#2806=CARTESIAN_POINT('',(-56.203195179,38.347923337,12.));
#2807=CARTESIAN_POINT('',(-56.312890948,38.306788315,12.008175971));
#2808=CARTESIAN_POINT('',(-56.422018519,38.266437265,12.024454304));
#2809=CARTESIAN_POINT('',(-56.531146091,38.226086216,12.040732637));
#2810=CARTESIAN_POINT('',(-56.639720883,38.186513097,12.065229907));
#2811=CARTESIAN_POINT('',(-56.745441068,38.14882413,12.097484738));
#2812=CARTESIAN_POINT('',(-56.851161252,38.111135163,12.12973957));
#2813=CARTESIAN_POINT('',(-56.954639665,38.07509425,12.169807283));
#2814=CARTESIAN_POINT('',(-57.055808967,38.041045674,12.21820843));
#2815=CARTESIAN_POINT('',(-57.15697827,38.006997098,12.266609578));
#2816=CARTESIAN_POINT('',(-57.255780932,37.974981589,12.32350284));
#2817=CARTESIAN_POINT('',(-57.349122341,37.94637813,12.387774215));
#2818=CARTESIAN_POINT('',(-57.535805158,37.889171211,12.516316964));
#2819=CARTESIAN_POINT('',(-57.705963288,37.843836208,12.678286601));
#2820=CARTESIAN_POINT('',(-57.842051032,37.82017951,12.867089104));
#2821=CARTESIAN_POINT('',(-57.910094904,37.808351161,12.961490356));
#2822=CARTESIAN_POINT('',(-57.970510371,37.801890433,13.064094575));
#2823=CARTESIAN_POINT('',(-58.01954304,37.802313613,13.169993391));
#2824=CARTESIAN_POINT('',(-58.068575709,37.802736793,13.275892206));
#2825=CARTESIAN_POINT('',(-58.106999122,37.809795842,13.385825827));
#2826=CARTESIAN_POINT('',(-58.134139178,37.825240218,13.5));
#2827=B_SPLINE_CURVE_WITH_KNOTS('',3,(#2805,#2806,#2807,#2808,#2809,#2810,#2811,#2812,#2813,#2814,#2815,#2816,#2817,#2818,#2819,#2820,#2821,#2822,#2823,#2824,#2825,#2826),.UNSPECIFIED.,.F.,.F.,(4,3,3,3,3,3,3,4),(0.,0.000349495,0.000698991,0.001048486,0.001397982,0.002096973,0.002446468,0.002795964),.UNSPECIFIED.);
#2828=EDGE_CURVE('9:3990',#103,#2295,#2827,.T.);
#2829=ORIENTED_EDGE('',*,*,#2828,.T.);
#2830=ORIENTED_EDGE('',*,*,#2300,.F.);
#2831=EDGE_LOOP('',(#2784,#2803,#2804,#2829,#2830));
#2832=FACE_BOUND('',#2831,.T.);
#2833=ADVANCED_FACE('9:15',(#2832),#2775,.F.);
#2834=CARTESIAN_POINT('',(-2.728764161,4.775337282,13.5));
#2835=DIRECTION('',(-0.868243142,-0.496138938,0.));
#2836=DIRECTION('',(0.496138938,-0.868243142,0.));
#2837=AXIS2_PLACEMENT_3D('',#2834,#2835,#2836);
#2838=CYLINDRICAL_SURFACE('',#2837,1.5);
#2839=CARTESIAN_POINT('',(-36.927987415,-16.492816975,13.429935495));
#2840=VERTEX_POINT('',#2839);
#2841=CARTESIAN_POINT('',(-36.967118951,-16.517063544,13.5));
#2842=CARTESIAN_POINT('',(-36.95390498,-16.509512704,13.476475154));
#2843=CARTESIAN_POINT('',(-36.940827943,-16.501404792,13.453147783));
#2844=CARTESIAN_POINT('',(-36.927987414,-16.492816975,13.429935495));
#2845=B_SPLINE_CURVE_WITH_KNOTS('',3,(#2841,#2842,#2843,#2844),.UNSPECIFIED.,.F.,.F.,(4,4),(0.,0.000083136),.UNSPECIFIED.);
#2846=EDGE_CURVE('9:2900',#2202,#2840,#2845,.T.);
#2847=ORIENTED_EDGE('',*,*,#2846,.T.);
#2848=CARTESIAN_POINT('',(-36.927987415,-16.492816975,13.429935495));
#2849=CARTESIAN_POINT('',(-36.994621866,-16.524428276,13.309884902));
#2850=CARTESIAN_POINT('',(-37.072839336,-16.546708012,13.197636067));
#2851=CARTESIAN_POINT('',(-37.16081871,-16.562684631,13.092220564));
#2852=CARTESIAN_POINT('',(-37.248798084,-16.57866125,12.986805061));
#2853=CARTESIAN_POINT('',(-37.347358311,-16.588276494,12.887595457));
#2854=CARTESIAN_POINT('',(-37.453218748,-16.592993331,12.796415699));
#2855=CARTESIAN_POINT('',(-37.664939623,-16.602427006,12.614056184));
#2856=CARTESIAN_POINT('',(-37.899329752,-16.593006518,12.467204182));
#2857=CARTESIAN_POINT('',(-38.151894497,-16.573772497,12.348625114));
#2858=CARTESIAN_POINT('',(-38.404459242,-16.554538476,12.230046046));
#2859=CARTESIAN_POINT('',(-38.666257095,-16.525824399,12.144347942));
#2860=CARTESIAN_POINT('',(-38.93449061,-16.49276661,12.086784726));
#2861=CARTESIAN_POINT('',(-39.202724126,-16.459708822,12.02922151));
#2862=CARTESIAN_POINT('',(-39.479702272,-16.421757866,12.));
#2863=CARTESIAN_POINT('',(-39.756560373,-16.383403411,12.));
#2864=B_SPLINE_CURVE_WITH_KNOTS('',3,(#2848,#2849,#2850,#2851,#2852,#2853,#2854,#2855,#2856,#2857,#2858,#2859,#2860,#2861,#2862,#2863),.UNSPECIFIED.,.F.,.F.,(4,3,3,3,3,4),(0.,0.000414608,0.000829217,0.001658434,0.002487651,0.003316868),.UNSPECIFIED.);
#2865=EDGE_CURVE('9:4980',#2840,#243,#2864,.T.);
#2866=ORIENTED_EDGE('',*,*,#2865,.T.);
#2867=ORIENTED_EDGE('',*,*,#248,.F.);
#2868=CARTESIAN_POINT('',(-61.550660565,-28.837174949,12.));
#2869=CARTESIAN_POINT('',(-61.570912245,-28.953232369,12.));
#2870=CARTESIAN_POINT('',(-61.59128951,-29.068562373,12.008179167));
#2871=CARTESIAN_POINT('',(-61.612052436,-29.183005122,12.024464558));
#2872=CARTESIAN_POINT('',(-61.632815361,-29.297447871,12.040749948));
#2873=CARTESIAN_POINT('',(-61.653964625,-29.411008961,12.065256192));
#2874=CARTESIAN_POINT('',(-61.67528421,-29.521154782,12.097522224));
#2875=CARTESIAN_POINT('',(-61.696603796,-29.631300604,12.129788256));
#2876=CARTESIAN_POINT('',(-61.718202148,-29.738678693,12.169869912));
#2877=CARTESIAN_POINT('',(-61.740342147,-29.843055628,12.218288599));
#2878=CARTESIAN_POINT('',(-61.762482145,-29.947432562,12.266707287));
#2879=CARTESIAN_POINT('',(-61.785166603,-30.048724217,12.323614653));
#2880=CARTESIAN_POINT('',(-61.808012013,-30.143578835,12.387899179));
#2881=CARTESIAN_POINT('',(-61.853702833,-30.333288073,12.516468232));
#2882=CARTESIAN_POINT('',(-61.901211958,-30.502718391,12.678459274));
#2883=CARTESIAN_POINT('',(-61.95006578,-30.631798808,12.867248478));
#2884=CARTESIAN_POINT('',(-61.97449269,-30.696339017,12.96164308));
#2885=CARTESIAN_POINT('',(-61.999663172,-30.751582901,13.064230105));
#2886=CARTESIAN_POINT('',(-62.024974788,-30.793537433,13.17010088));
#2887=CARTESIAN_POINT('',(-62.050286405,-30.835491966,13.275971655));
#2888=CARTESIAN_POINT('',(-62.075919902,-30.864949802,13.385870315));
#2889=CARTESIAN_POINT('',(-62.103039656,-30.880446805,13.5));
#2890=B_SPLINE_CURVE_WITH_KNOTS('',3,(#2868,#2869,#2870,#2871,#2872,#2873,#2874,#2875,#2876,#2877,#2878,#2879,#2880,#2881,#2882,#2883,#2884,#2885,#2886,#2887,#2888,#2889),.UNSPECIFIED.,.F.,.F.,(4,3,3,3,3,3,3,4),(0.,0.000349378,0.000698755,0.001048133,0.001397511,0.002096266,0.002445644,0.002795022),.UNSPECIFIED.);
#2891=EDGE_CURVE('9:3975',#234,#2204,#2890,.T.);
#2892=ORIENTED_EDGE('',*,*,#2891,.T.);
#2893=ORIENTED_EDGE('',*,*,#2209,.F.);
#2894=EDGE_LOOP('',(#2847,#2866,#2867,#2892,#2893));
#2895=FACE_BOUND('',#2894,.T.);
#2896=ADVANCED_FACE('9:18',(#2895),#2838,.F.);
#2897=CARTESIAN_POINT('',(-2.728764161,-4.775337282,13.5));
#2898=DIRECTION('',(0.868243142,-0.496138938,0.));
#2899=DIRECTION('',(0.496138938,0.868243142,0.));
#2900=AXIS2_PLACEMENT_3D('',#2897,#2898,#2899);
#2901=CYLINDRICAL_SURFACE('',#2900,1.5);
#2902=CARTESIAN_POINT('',(32.957251313,-23.441605155,13.429935495));
#2903=VERTEX_POINT('',#2902);
#2904=CARTESIAN_POINT('',(32.998007444,-23.463008681,13.5));
#2905=CARTESIAN_POINT('',(32.984793473,-23.455457841,13.476475154));
#2906=CARTESIAN_POINT('',(32.971169084,-23.448307795,13.453147783));
#2907=CARTESIAN_POINT('',(32.957251312,-23.441605154,13.429935495));
#2908=B_SPLINE_CURVE_WITH_KNOTS('',3,(#2904,#2905,#2906,#2907),.UNSPECIFIED.,.F.,.F.,(4,4),(0.,0.000083136),.UNSPECIFIED.);
#2909=EDGE_CURVE('9:2927',#2434,#2903,#2908,.T.);
#2910=ORIENTED_EDGE('',*,*,#2909,.T.);
#2911=CARTESIAN_POINT('',(32.957251313,-23.441605155,13.429935495));
#2912=CARTESIAN_POINT('',(33.018315462,-23.482964483,13.309884902));
#2913=CARTESIAN_POINT('',(33.077220719,-23.539040591,13.197636067));
#2914=CARTESIAN_POINT('',(33.135651642,-23.606726999,13.092220564));
#2915=CARTESIAN_POINT('',(33.194082565,-23.674413407,12.986805061));
#2916=CARTESIAN_POINT('',(33.252404737,-23.754445248,12.887595457));
#2917=CARTESIAN_POINT('',(33.310213004,-23.843253384,12.796415699));
#2918=CARTESIAN_POINT('',(33.425829537,-24.020869657,12.614056184));
#2919=CARTESIAN_POINT('',(33.53671149,-24.227588477,12.467204182));
#2920=CARTESIAN_POINT('',(33.648365819,-24.454947684,12.348625114));
#2921=CARTESIAN_POINT('',(33.760020148,-24.68230689,12.230046046));
#2922=CARTESIAN_POINT('',(33.868194623,-24.922433725,12.144347942));
#2923=CARTESIAN_POINT('',(33.975894159,-25.1703104,12.086784726));
#2924=CARTESIAN_POINT('',(34.083593695,-25.418187076,12.02922151));
#2925=CARTESIAN_POINT('',(34.191517161,-25.67608181,12.));
#2926=CARTESIAN_POINT('',(34.299032051,-25.934077974,12.));
#2927=B_SPLINE_CURVE_WITH_KNOTS('',3,(#2911,#2912,#2913,#2914,#2915,#2916,#2917,#2918,#2919,#2920,#2921,#2922,#2923,#2924,#2925,#2926),.UNSPECIFIED.,.F.,.F.,(4,3,3,3,3,4),(0.,0.000414608,0.000829217,0.001658434,0.002487651,0.003316868),.UNSPECIFIED.);
#2928=EDGE_CURVE('9:4968',#2903,#200,#2927,.T.);
#2929=ORIENTED_EDGE('',*,*,#2928,.T.);
#2930=ORIENTED_EDGE('',*,*,#205,.F.);
#2931=CARTESIAN_POINT('',(56.093132243,-38.387849513,12.));
#2932=CARTESIAN_POINT('',(56.203401796,-38.346375655,12.));
#2933=CARTESIAN_POINT('',(56.313108411,-38.305379297,12.008179167));
#2934=CARTESIAN_POINT('',(56.422246419,-38.265165652,12.024464558));
#2935=CARTESIAN_POINT('',(56.531384426,-38.224952007,12.040749948));
#2936=CARTESIAN_POINT('',(56.639958991,-38.18551882,12.065256192));
#2937=CARTESIAN_POINT('',(56.745677642,-38.147966276,12.097522224));
#2938=CARTESIAN_POINT('',(56.851396293,-38.110413733,12.129788256));
#2939=CARTESIAN_POINT('',(56.954871965,-38.074506514,12.169869912));
#2940=CARTESIAN_POINT('',(57.056037015,-38.040589608,12.218288599));
#2941=CARTESIAN_POINT('',(57.157202066,-38.006672701,12.266707287));
#2942=CARTESIAN_POINT('',(57.255985446,-37.97479124,12.323614653));
#2943=CARTESIAN_POINT('',(57.349304788,-37.946316479,12.387899179));
#2944=CARTESIAN_POINT('',(57.53594347,-37.889366958,12.516468232));
#2945=CARTESIAN_POINT('',(57.706034223,-37.844279427,12.678459274));
#2946=CARTESIAN_POINT('',(57.842044677,-37.820835738,12.867248478));
#2947=CARTESIAN_POINT('',(57.910049903,-37.809113894,12.96164308));
#2948=CARTESIAN_POINT('',(57.970423494,-37.802752337,13.064230105));
#2949=CARTESIAN_POINT('',(58.019419451,-37.803259275,13.17010088));
#2950=CARTESIAN_POINT('',(58.068415407,-37.803766212,13.275971655));
#2951=CARTESIAN_POINT('',(58.106808395,-37.810894939,13.385870315));
#2952=CARTESIAN_POINT('',(58.133928149,-37.826391942,13.5));
#2953=B_SPLINE_CURVE_WITH_KNOTS('',3,(#2931,#2932,#2933,#2934,#2935,#2936,#2937,#2938,#2939,#2940,#2941,#2942,#2943,#2944,#2945,#2946,#2947,#2948,#2949,#2950,#2951,#2952),.UNSPECIFIED.,.F.,.F.,(4,3,3,3,3,3,3,4),(0.,0.000349378,0.000698755,0.001048133,0.001397511,0.002096266,0.002445644,0.002795022),.UNSPECIFIED.);
#2954=EDGE_CURVE('9:3945',#191,#2436,#2953,.T.);
#2955=ORIENTED_EDGE('',*,*,#2954,.T.);
#2956=ORIENTED_EDGE('',*,*,#2441,.F.);
#2957=EDGE_LOOP('',(#2910,#2929,#2930,#2955,#2956));
#2958=FACE_BOUND('',#2957,.T.);
#2959=ADVANCED_FACE('9:21',(#2958),#2901,.F.);
#2960=CARTESIAN_POINT('',(2.728764161,-4.775337282,13.5));
#2961=DIRECTION('',(0.868243142,0.496138938,0.));
#2962=DIRECTION('',(-0.496138938,0.868243142,0.));
#2963=AXIS2_PLACEMENT_3D('',#2960,#2961,#2962);
#2964=CYLINDRICAL_SURFACE('',#2963,1.5);
#2965=ORIENTED_EDGE('',*,*,#222,.F.);
#2966=CARTESIAN_POINT('',(-32.957251313,-23.441605155,13.429935495));
#2967=VERTEX_POINT('',#2966);
#2968=CARTESIAN_POINT('',(-34.299032051,-25.934077974,12.));
#2969=CARTESIAN_POINT('',(-34.19151898,-25.676081052,12.));
#2970=CARTESIAN_POINT('',(-34.083593695,-25.418187076,12.02922151));
#2971=CARTESIAN_POINT('',(-33.975894159,-25.1703104,12.086784726));
#2972=CARTESIAN_POINT('',(-33.868194623,-24.922433725,12.144347942));
#2973=CARTESIAN_POINT('',(-33.760020148,-24.68230689,12.230046046));
#2974=CARTESIAN_POINT('',(-33.648365819,-24.454947684,12.348625114));
#2975=CARTESIAN_POINT('',(-33.53671149,-24.227588477,12.467204182));
#2976=CARTESIAN_POINT('',(-33.425829537,-24.020869657,12.614056184));
#2977=CARTESIAN_POINT('',(-33.310213004,-23.843253384,12.796415699));
#2978=CARTESIAN_POINT('',(-33.252404737,-23.754445248,12.887595457));
#2979=CARTESIAN_POINT('',(-33.194082565,-23.674413407,12.986805061));
#2980=CARTESIAN_POINT('',(-33.135651642,-23.606726999,13.092220564));
#2981=CARTESIAN_POINT('',(-33.077220719,-23.539040591,13.197636067));
#2982=CARTESIAN_POINT('',(-33.018315462,-23.482964483,13.309884902));
#2983=CARTESIAN_POINT('',(-32.957251313,-23.441605155,13.429935495));
#2984=B_SPLINE_CURVE_WITH_KNOTS('',3,(#2968,#2969,#2970,#2971,#2972,#2973,#2974,#2975,#2976,#2977,#2978,#2979,#2980,#2981,#2982,#2983),.UNSPECIFIED.,.F.,.F.,(4,3,3,3,3,4),(0.,0.000829217,0.001658434,0.002487651,0.002902259,0.003316868),.UNSPECIFIED.);
#2985=EDGE_CURVE('9:4971',#208,#2967,#2984,.T.);
#2986=ORIENTED_EDGE('',*,*,#2985,.T.);
#2987=CARTESIAN_POINT('',(-32.957251312,-23.441605154,13.429935495));
#2988=CARTESIAN_POINT('',(-32.971175311,-23.448310851,13.453158722));
#2989=CARTESIAN_POINT('',(-32.984799482,-23.455461274,13.476485851));
#2990=CARTESIAN_POINT('',(-32.998007444,-23.463008681,13.5));
#2991=B_SPLINE_CURVE_WITH_KNOTS('',3,(#2987,#2988,#2989,#2990),.UNSPECIFIED.,.F.,.F.,(4,4),(0.001269142,0.001352111),.UNSPECIFIED.);
#2992=EDGE_CURVE('9:2858',#2967,#2171,#2991,.T.);
#2993=ORIENTED_EDGE('',*,*,#2992,.T.);
#2994=ORIENTED_EDGE('',*,*,#2176,.F.);
#2995=CARTESIAN_POINT('',(-58.133928149,-37.826391942,13.5));
#2996=CARTESIAN_POINT('',(-58.106808395,-37.810894939,13.385870315));
#2997=CARTESIAN_POINT('',(-58.068415407,-37.803766212,13.275971655));
#2998=CARTESIAN_POINT('',(-58.019419451,-37.803259275,13.17010088));
#2999=CARTESIAN_POINT('',(-57.970423494,-37.802752337,13.064230105));
#3000=CARTESIAN_POINT('',(-57.910049903,-37.809113894,12.96164308));
#3001=CARTESIAN_POINT('',(-57.842044677,-37.820835738,12.867248478));
#3002=CARTESIAN_POINT('',(-57.706034223,-37.844279427,12.678459274));
#3003=CARTESIAN_POINT('',(-57.53594347,-37.889366958,12.516468232));
#3004=CARTESIAN_POINT('',(-57.349304788,-37.946316479,12.387899179));
#3005=CARTESIAN_POINT('',(-57.255985446,-37.97479124,12.323614653));
#3006=CARTESIAN_POINT('',(-57.157202066,-38.006672701,12.266707287));
#3007=CARTESIAN_POINT('',(-57.056037015,-38.040589608,12.218288599));
#3008=CARTESIAN_POINT('',(-56.954871965,-38.074506514,12.169869912));
#3009=CARTESIAN_POINT('',(-56.851396293,-38.110413733,12.129788256));
#3010=CARTESIAN_POINT('',(-56.745677642,-38.147966276,12.097522224));
#3011=CARTESIAN_POINT('',(-56.639958991,-38.18551882,12.065256192));
#3012=CARTESIAN_POINT('',(-56.531384426,-38.224952007,12.040749948));
#3013=CARTESIAN_POINT('',(-56.422246419,-38.265165652,12.024464558));
#3014=CARTESIAN_POINT('',(-56.313108411,-38.305379297,12.008179167));
#3015=CARTESIAN_POINT('',(-56.203402179,-38.346376674,12.));
#3016=CARTESIAN_POINT('',(-56.093132243,-38.387849513,12.));
#3017=B_SPLINE_CURVE_WITH_KNOTS('',3,(#2995,#2996,#2997,#2998,#2999,#3000,#3001,#3002,#3003,#3004,#3005,#3006,#3007,#3008,#3009,#3010,#3011,#3012,#3013,#3014,#3015,#3016),.UNSPECIFIED.,.F.,.F.,(4,3,3,3,3,3,3,4),(0.,0.000349378,0.000698755,0.001397511,0.001746888,0.002096266,0.002445644,0.002795022),.UNSPECIFIED.);
#3018=EDGE_CURVE('9:3972',#2162,#217,#3017,.T.);
#3019=ORIENTED_EDGE('',*,*,#3018,.T.);
#3020=EDGE_LOOP('',(#2965,#2986,#2993,#2994,#3019));
#3021=FACE_BOUND('',#3020,.T.);
#3022=ADVANCED_FACE('9:24',(#3021),#2964,.F.);
#3023=CARTESIAN_POINT('',(-1.17586204,-2.066316037,14.5));
#3024=DIRECTION('',(0.869127768,-0.494587629,0.));
#3025=DIRECTION('',(0.494587629,0.869127768,0.));
#3026=AXIS2_PLACEMENT_3D('',#3023,#3024,#3025);
#3027=CYLINDRICAL_SURFACE('',#3026,1.5);
#3028=ORIENTED_EDGE('',*,*,#2282,.F.);
#3029=CARTESIAN_POINT('',(-37.6824772,16.982344988,14.499999942));
#3030=CARTESIAN_POINT('',(-37.682477204,16.982344977,14.598046363));
#3031=CARTESIAN_POINT('',(-37.679928641,16.991847821,14.695607771));
#3032=CARTESIAN_POINT('',(-37.674716831,17.011098962,14.792670574));
#3033=CARTESIAN_POINT('',(-37.669505021,17.030350103,14.889733378));
#3034=CARTESIAN_POINT('',(-37.661698895,17.059082929,14.984309139));
#3035=CARTESIAN_POINT('',(-37.651310907,17.0962803,15.074647874));
#3036=CARTESIAN_POINT('',(-37.640922918,17.13347767,15.164986609));
#3037=CARTESIAN_POINT('',(-37.627784286,17.179735191,15.252398744));
#3038=CARTESIAN_POINT('',(-37.611922182,17.233824072,15.334353488));
#3039=CARTESIAN_POINT('',(-37.596060078,17.287912954,15.416308233));
#3040=CARTESIAN_POINT('',(-37.577729906,17.348931362,15.491769994));
#3041=CARTESIAN_POINT('',(-37.556628098,17.416512358,15.560910611));
#3042=CARTESIAN_POINT('',(-37.53552629,17.484093355,15.630051228));
#3043=CARTESIAN_POINT('',(-37.511354192,17.559109298,15.693332816));
#3044=CARTESIAN_POINT('',(-37.484925027,17.637794616,15.747693003));
#3045=CARTESIAN_POINT('',(-37.458495863,17.716479935,15.802053189));
#3046=CARTESIAN_POINT('',(-37.429721272,17.799154791,15.848082434));
#3047=CARTESIAN_POINT('',(-37.398281315,17.885704465,15.885703171));
#3048=CARTESIAN_POINT('',(-37.366841359,17.972254139,15.923323908));
#3049=CARTESIAN_POINT('',(-37.332791372,18.062413292,15.952152529));
#3050=CARTESIAN_POINT('',(-37.2973115,18.152498222,15.971207022));
#3051=CARTESIAN_POINT('',(-37.261831628,18.242583151,15.990261516));
#3052=CARTESIAN_POINT('',(-37.224586528,18.333536315,16.));
#3053=CARTESIAN_POINT('',(-37.185428027,18.425361394,16.));
#3054=B_SPLINE_CURVE_WITH_KNOTS('',3,(#3029,#3030,#3031,#3032,#3033,#3034,#3035,#3036,#3037,#3038,#3039,#3040,#3041,#3042,#3043,#3044,#3045,#3046,#3047,#3048,#3049,#3050,#3051,#3052,#3053),.UNSPECIFIED.,.F.,.F.,(4,3,3,3,3,3,3,3,4),(0.009700923,0.010288412,0.010875901,0.011463389,0.012050878,0.012638367,0.013225855,0.013813344,0.014400833),.UNSPECIFIED.);
#3055=EDGE_CURVE('9:2873',#2270,#925,#3054,.T.);
#3056=ORIENTED_EDGE('',*,*,#3055,.T.);
#3057=ORIENTED_EDGE('',*,*,#930,.F.);
#3058=CARTESIAN_POINT('',(-61.941218208,32.512942098,16.));
#3059=CARTESIAN_POINT('',(-61.937003169,32.346670594,16.));
#3060=CARTESIAN_POINT('',(-61.934440172,32.180359074,15.979669384));
#3061=CARTESIAN_POINT('',(-61.935187518,32.020689716,15.938577281));
#3062=CARTESIAN_POINT('',(-61.93556119,31.940855037,15.91803123));
#3063=CARTESIAN_POINT('',(-61.936744359,31.862545157,15.892310664));
#3064=CARTESIAN_POINT('',(-61.938998515,31.785907743,15.860921235));
#3065=CARTESIAN_POINT('',(-61.941252671,31.709270329,15.829531807));
#3066=CARTESIAN_POINT('',(-61.944586906,31.634555711,15.792470112));
#3067=CARTESIAN_POINT('',(-61.949224824,31.563839349,15.750202043));
#3068=CARTESIAN_POINT('',(-61.958500659,31.422406626,15.665665905));
#3069=CARTESIAN_POINT('',(-61.973134561,31.293321336,15.557833086));
#3070=CARTESIAN_POINT('',(-61.996010955,31.190498458,15.430544421));
#3071=CARTESIAN_POINT('',(-62.007449152,31.139087019,15.366900088));
#3072=CARTESIAN_POINT('',(-62.021177542,31.093600743,15.297431543));
#3073=CARTESIAN_POINT('',(-62.037263421,31.056965329,15.225401926));
#3074=CARTESIAN_POINT('',(-62.053349299,31.020329915,15.153372308));
#3075=CARTESIAN_POINT('',(-62.071833963,30.991945751,15.078269552));
#3076=CARTESIAN_POINT('',(-62.093870266,30.972646421,15.));
#3077=B_SPLINE_CURVE_WITH_KNOTS('',3,(#3058,#3059,#3060,#3061,#3062,#3063,#3064,#3065,#3066,#3067,#3068,#3069,#3070,#3071,#3072,#3073,#3074,#3075,#3076),.UNSPECIFIED.,.F.,.F.,(4,3,3,3,3,3,4),(0.,0.000493592,0.000740389,0.000987185,0.001480777,0.001727574,0.00197437),.UNSPECIFIED.);
#3078=EDGE_CURVE('10:391',#916,#531,#3077,.T.);
#3079=ORIENTED_EDGE('',*,*,#3078,.T.);
#3080=ORIENTED_EDGE('',*,*,#537,.F.);
#3081=EDGE_LOOP('',(#3028,#3056,#3057,#3079,#3080));
#3082=FACE_BOUND('',#3081,.T.);
#3083=ADVANCED_FACE('9:594',(#3082),#3027,.T.);
#3084=CARTESIAN_POINT('',(1.297076106,2.279322803,14.5));
#3085=DIRECTION('',(-0.869127768,0.494587629,0.));
#3086=DIRECTION('',(-0.494587629,-0.869127768,0.));
#3087=AXIS2_PLACEMENT_3D('',#3084,#3085,#3086);
#3088=CYLINDRICAL_SURFACE('',#3087,1.5);
#3089=ORIENTED_EDGE('',*,*,#945,.F.);
#3090=CARTESIAN_POINT('',(-34.699634745,22.763684864,16.));
#3091=CARTESIAN_POINT('',(-34.639673133,22.843662129,16.));
#3092=CARTESIAN_POINT('',(-34.579502392,22.921555634,15.990263163));
#3093=CARTESIAN_POINT('',(-34.519193869,22.997494792,15.971213904));
#3094=CARTESIAN_POINT('',(-34.458885346,23.073433951,15.952164644));
#3095=CARTESIAN_POINT('',(-34.397791102,23.148181184,15.923346118));
#3096=CARTESIAN_POINT('',(-34.338506331,23.218872506,15.885736142));
#3097=CARTESIAN_POINT('',(-34.27922156,23.289563828,15.848126166));
#3098=CARTESIAN_POINT('',(-34.221953683,23.356011775,15.802110534));
#3099=CARTESIAN_POINT('',(-34.166963536,23.418433406,15.747767028));
#3100=CARTESIAN_POINT('',(-34.11197339,23.480855036,15.693423522));
#3101=CARTESIAN_POINT('',(-34.059022168,23.539493833,15.630156368));
#3102=CARTESIAN_POINT('',(-34.010973541,23.591745687,15.56102625));
#3103=CARTESIAN_POINT('',(-33.962924914,23.643997541,15.491896131));
#3104=CARTESIAN_POINT('',(-33.919174421,23.69055693,15.416444747));
#3105=CARTESIAN_POINT('',(-33.880194497,23.731499028,15.334499482));
#3106=CARTESIAN_POINT('',(-33.841214574,23.772441126,15.252554217));
#3107=CARTESIAN_POINT('',(-33.807649191,23.807102026,15.1651232));
#3108=CARTESIAN_POINT('',(-33.780571711,23.834818054,15.074774171));
#3109=CARTESIAN_POINT('',(-33.753494231,23.862534083,14.984425142));
#3110=CARTESIAN_POINT('',(-33.732469063,23.883754515,14.889852967));
#3111=CARTESIAN_POINT('',(-33.718367937,23.897961495,14.792757013));
#3112=CARTESIAN_POINT('',(-33.70426681,23.912168476,14.695661058));
#3113=CARTESIAN_POINT('',(-33.697295067,23.919159633,14.598070829));
#3114=CARTESIAN_POINT('',(-33.697295075,23.919159624,14.49999994));
#3115=B_SPLINE_CURVE_WITH_KNOTS('',3,(#3090,#3091,#3092,#3093,#3094,#3095,#3096,#3097,#3098,#3099,#3100,#3101,#3102,#3103,#3104,#3105,#3106,#3107,#3108,#3109,#3110,#3111,#3112,#3113,#3114),.UNSPECIFIED.,.F.,.F.,(4,3,3,3,3,3,3,3,4),(0.009701884,0.010289527,0.010877171,0.011464814,0.012052457,0.012640101,0.013227744,0.013815387,0.014403031),.UNSPECIFIED.);
#3116=EDGE_CURVE('9:2903',#933,#2320,#3115,.T.);
#3117=ORIENTED_EDGE('',*,*,#3116,.T.);
#3118=ORIENTED_EDGE('',*,*,#2325,.F.);
#3119=CARTESIAN_POINT('',(-58.209169691,37.769233177,15.));
#3120=VERTEX_POINT('',#3119);
#3121=CARTESIAN_POINT('',(-58.209169691,37.769233177,15.));
#3122=CARTESIAN_POINT('',(-58.198192025,37.827256181,14.842007395));
#3123=CARTESIAN_POINT('',(-58.192626198,37.858522962,14.671399159));
#3124=CARTESIAN_POINT('',(-58.192626198,37.858522962,14.5));
#3125=B_SPLINE_CURVE_WITH_KNOTS('',3,(#3121,#3122,#3123,#3124),.UNSPECIFIED.,.F.,.F.,(4,4),(0.001879676,0.002386002),.UNSPECIFIED.);
#3126=EDGE_CURVE('9:1062',#3120,#2312,#3125,.T.);
#3127=ORIENTED_EDGE('',*,*,#3126,.F.);
#3128=CARTESIAN_POINT('',(-58.209169691,37.769233177,15.));
#3129=CARTESIAN_POINT('',(-58.214613547,37.740459402,15.078348989));
#3130=CARTESIAN_POINT('',(-58.229711464,37.710105979,15.153513953));
#3131=CARTESIAN_POINT('',(-58.253150326,37.677607649,15.225593059));
#3132=CARTESIAN_POINT('',(-58.276589189,37.645109318,15.297672165));
#3133=CARTESIAN_POINT('',(-58.308864167,37.610127344,15.367171899));
#3134=CARTESIAN_POINT('',(-58.347406743,37.574099386,15.43082916));
#3135=CARTESIAN_POINT('',(-58.424491895,37.502043471,15.558143681));
#3136=CARTESIAN_POINT('',(-58.52839325,37.423704601,15.66594325));
#3137=CARTESIAN_POINT('',(-58.645628955,37.343699496,15.750432989));
#3138=CARTESIAN_POINT('',(-58.704246807,37.303696944,15.792677859));
#3139=CARTESIAN_POINT('',(-58.766973313,37.26277846,15.829715529));
#3140=CARTESIAN_POINT('',(-58.831882505,37.221823633,15.86107379));
#3141=CARTESIAN_POINT('',(-58.896791697,37.180868806,15.892432051));
#3142=CARTESIAN_POINT('',(-58.963685242,37.139983127,15.918126387));
#3143=CARTESIAN_POINT('',(-59.032303639,37.099017775,15.938650685));
#3144=CARTESIAN_POINT('',(-59.169540435,37.017087071,15.979699281));
#3145=CARTESIAN_POINT('',(-59.314158545,36.934634494,16.));
#3146=CARTESIAN_POINT('',(-59.459583956,36.853632313,16.));
#3147=B_SPLINE_CURVE_WITH_KNOTS('',3,(#3128,#3129,#3130,#3131,#3132,#3133,#3134,#3135,#3136,#3137,#3138,#3139,#3140,#3141,#3142,#3143,#3144,#3145,#3146),.UNSPECIFIED.,.F.,.F.,(4,3,3,3,3,3,4),(0.,0.000247004,0.000494008,0.000988016,0.001235021,0.001482025,0.001976033),.UNSPECIFIED.);
#3148=EDGE_CURVE('10:394',#3120,#905,#3147,.T.);
#3149=ORIENTED_EDGE('',*,*,#3148,.T.);
#3150=EDGE_LOOP('',(#3089,#3117,#3118,#3127,#3149));
#3151=FACE_BOUND('',#3150,.T.);
#3152=ADVANCED_FACE('9:597',(#3151),#3088,.T.);
#3153=CARTESIAN_POINT('',(-1.240347346,2.170607855,14.5));
#3154=DIRECTION('',(-0.868243142,-0.496138938,0.));
#3155=DIRECTION('',(0.496138938,-0.868243142,0.));
#3156=AXIS2_PLACEMENT_3D('',#3153,#3154,#3155);
#3157=CYLINDRICAL_SURFACE('',#3156,1.5);
#3158=ORIENTED_EDGE('',*,*,#2423,.F.);
#3159=CARTESIAN_POINT('',(33.729710741,23.881124851,14.499999941));
#3160=CARTESIAN_POINT('',(33.729710733,23.88112486,14.598058384));
#3161=CARTESIAN_POINT('',(33.736643086,23.874119266,14.695633956));
#3162=CARTESIAN_POINT('',(33.750663207,23.859884053,14.792713055));
#3163=CARTESIAN_POINT('',(33.764683328,23.84564884,14.889792153));
#3164=CARTESIAN_POINT('',(33.785591293,23.824382501,14.984366146));
#3165=CARTESIAN_POINT('',(33.812516173,23.796607582,15.074709915));
#3166=CARTESIAN_POINT('',(33.839441054,23.768832662,15.165053683));
#3167=CARTESIAN_POINT('',(33.872814342,23.734100641,15.252475093));
#3168=CARTESIAN_POINT('',(33.91157713,23.693066858,15.334425145));
#3169=CARTESIAN_POINT('',(33.950339919,23.652033075,15.416375197));
#3170=CARTESIAN_POINT('',(33.993846473,23.605368493,15.491831826));
#3171=CARTESIAN_POINT('',(34.041625453,23.552997905,15.56096726));
#3172=CARTESIAN_POINT('',(34.089404434,23.500627316,15.630102693));
#3173=CARTESIAN_POINT('',(34.142058069,23.441853368,15.693377179));
#3174=CARTESIAN_POINT('',(34.196738933,23.379284247,15.747729171));
#3175=CARTESIAN_POINT('',(34.251419797,23.316715126,15.802081163));
#3176=CARTESIAN_POINT('',(34.308362719,23.250109799,15.848103737));
#3177=CARTESIAN_POINT('',(34.367306648,23.179251035,15.885719214));
#3178=CARTESIAN_POINT('',(34.426250576,23.10839227,15.92333469));
#3179=CARTESIAN_POINT('',(34.486991609,23.033464944,15.952158389));
#3180=CARTESIAN_POINT('',(34.546944832,22.957344552,15.971210343));
#3181=CARTESIAN_POINT('',(34.606898056,22.88122416,15.990262298));
#3182=CARTESIAN_POINT('',(34.666708304,22.803145794,16.));
#3183=CARTESIAN_POINT('',(34.726303874,22.722979981,16.));
#3184=B_SPLINE_CURVE_WITH_KNOTS('',3,(#3159,#3160,#3161,#3162,#3163,#3164,#3165,#3166,#3167,#3168,#3169,#3170,#3171,#3172,#3173,#3174,#3175,#3176,#3177,#3178,#3179,#3180,#3181,#3182,#3183),.UNSPECIFIED.,.F.,.F.,(4,3,3,3,3,3,3,3,4),(0.00970138,0.010288945,0.01087651,0.011464074,0.012051639,0.012639204,0.013226768,0.013814333,0.014401898),.UNSPECIFIED.);
#3185=EDGE_CURVE('9:2882',#2411,#863,#3184,.T.);
#3186=ORIENTED_EDGE('',*,*,#3185,.T.);
#3187=ORIENTED_EDGE('',*,*,#868,.F.);
#3188=CARTESIAN_POINT('',(59.458908267,36.855896777,16.));
#3189=CARTESIAN_POINT('',(59.31350144,36.936790248,16.));
#3190=CARTESIAN_POINT('',(59.168899384,37.019128993,15.979684326));
#3191=CARTESIAN_POINT('',(59.031690065,37.100947548,15.938613976));
#3192=CARTESIAN_POINT('',(58.963085405,37.141856825,15.918078801));
#3193=CARTESIAN_POINT('',(58.896205497,37.182687905,15.892371351));
#3194=CARTESIAN_POINT('',(58.831310079,37.223590356,15.860997509));
#3195=CARTESIAN_POINT('',(58.76641466,37.264492806,15.829623667));
#3196=CARTESIAN_POINT('',(58.70371299,37.305354279,15.792573954));
#3197=CARTESIAN_POINT('',(58.645118954,37.3453044,15.750317481));
#3198=CARTESIAN_POINT('',(58.527930884,37.425204642,15.665804535));
#3199=CARTESIAN_POINT('',(58.42408899,37.50344551,15.557988304));
#3200=CARTESIAN_POINT('',(58.347060592,37.575428885,15.430686711));
#3201=CARTESIAN_POINT('',(58.308546393,37.611420572,15.367035915));
#3202=CARTESIAN_POINT('',(58.276299726,37.646371737,15.29755177));
#3203=CARTESIAN_POINT('',(58.252882236,37.67884986,15.225497423));
#3204=CARTESIAN_POINT('',(58.229464747,37.711327984,15.153443077));
#3205=CARTESIAN_POINT('',(58.214381033,37.74167244,15.078309239));
#3206=CARTESIAN_POINT('',(58.208939374,37.770450874,15.));
#3207=B_SPLINE_CURVE_WITH_KNOTS('',3,(#3188,#3189,#3190,#3191,#3192,#3193,#3194,#3195,#3196,#3197,#3198,#3199,#3200,#3201,#3202,#3203,#3204,#3205,#3206),.UNSPECIFIED.,.F.,.F.,(4,3,3,3,3,3,4),(0.,0.0004938,0.0007407,0.0009876,0.0014814,0.0017283,0.0019752),.UNSPECIFIED.);
#3208=EDGE_CURVE('10:379',#854,#582,#3207,.T.);
#3209=ORIENTED_EDGE('',*,*,#3208,.T.);
#3210=ORIENTED_EDGE('',*,*,#588,.F.);
#3211=EDGE_LOOP('',(#3158,#3186,#3187,#3209,#3210));
#3212=FACE_BOUND('',#3211,.T.);
#3213=ADVANCED_FACE('9:600',(#3212),#3157,.T.);
#3214=CARTESIAN_POINT('',(1.240347346,-2.170607855,14.5));
#3215=DIRECTION('',(0.868243142,0.496138938,0.));
#3216=DIRECTION('',(-0.496138938,0.868243142,0.));
#3217=AXIS2_PLACEMENT_3D('',#3214,#3215,#3216);
#3218=CYLINDRICAL_SURFACE('',#3217,1.5);
#3219=ORIENTED_EDGE('',*,*,#883,.F.);
#3220=CARTESIAN_POINT('',(37.206998566,18.381764271,16.));
#3221=CARTESIAN_POINT('',(37.245808284,18.289720828,16.));
#3222=CARTESIAN_POINT('',(37.282710597,18.198552213,15.990262298));
#3223=CARTESIAN_POINT('',(37.317853452,18.108254468,15.971210343));
#3224=CARTESIAN_POINT('',(37.352996307,18.017956723,15.952158389));
#3225=CARTESIAN_POINT('',(37.386711326,17.927585959,15.92333469));
#3226=CARTESIAN_POINT('',(37.417833497,17.840829048,15.885719214));
#3227=CARTESIAN_POINT('',(37.448955669,17.754072137,15.848103737));
#3228=CARTESIAN_POINT('',(37.477429237,17.671198607,15.802081163));
#3229=CARTESIAN_POINT('',(37.503573887,17.592323079,15.747729171));
#3230=CARTESIAN_POINT('',(37.529718537,17.51344755,15.693377179));
#3231=CARTESIAN_POINT('',(37.553622708,17.438245336,15.630102693));
#3232=CARTESIAN_POINT('',(37.574484964,17.370493762,15.56096726));
#3233=CARTESIAN_POINT('',(37.595347219,17.302742188,15.491831826));
#3234=CARTESIAN_POINT('',(37.613462608,17.241568369,15.416375197));
#3235=CARTESIAN_POINT('',(37.629135221,17.1873402,15.334425145));
#3236=CARTESIAN_POINT('',(37.644807833,17.13311203,15.252475093));
#3237=CARTESIAN_POINT('',(37.657787444,17.08672648,15.165053683));
#3238=CARTESIAN_POINT('',(37.668047051,17.049428546,15.074709915));
#3239=CARTESIAN_POINT('',(37.678306658,17.012130613,14.984366146));
#3240=CARTESIAN_POINT('',(37.686013613,16.98332084,14.889792153));
#3241=CARTESIAN_POINT('',(37.691159889,16.964014859,14.792713055));
#3242=CARTESIAN_POINT('',(37.696306165,16.944708878,14.695633956));
#3243=CARTESIAN_POINT('',(37.698822252,16.935179703,14.598058384));
#3244=CARTESIAN_POINT('',(37.698822248,16.935179714,14.499999941));
#3245=B_SPLINE_CURVE_WITH_KNOTS('',3,(#3220,#3221,#3222,#3223,#3224,#3225,#3226,#3227,#3228,#3229,#3230,#3231,#3232,#3233,#3234,#3235,#3236,#3237,#3238,#3239,#3240,#3241,#3242,#3243,#3244),.UNSPECIFIED.,.F.,.F.,(4,3,3,3,3,3,3,3,4),(0.00970138,0.010288945,0.01087651,0.011464074,0.012051639,0.012639204,0.013226768,0.013814333,0.014401898),.UNSPECIFIED.);
#3246=EDGE_CURVE('9:2912',#871,#2370,#3245,.T.);
#3247=ORIENTED_EDGE('',*,*,#3246,.T.);
#3248=ORIENTED_EDGE('',*,*,#2375,.F.);
#3249=CARTESIAN_POINT('',(62.092926896,30.973472709,15.));
#3250=VERTEX_POINT('',#3249);
#3251=CARTESIAN_POINT('',(62.092926896,30.973472709,15.));
#3252=CARTESIAN_POINT('',(62.137372577,30.934539104,14.842018009));
#3253=CARTESIAN_POINT('',(62.161505937,30.913856108,14.671407192));
#3254=CARTESIAN_POINT('',(62.161505937,30.913856108,14.5));
#3255=B_SPLINE_CURVE_WITH_KNOTS('',3,(#3251,#3252,#3253,#3254),.UNSPECIFIED.,.F.,.F.,(4,4),(0.00188028,0.002386622),.UNSPECIFIED.);
#3256=EDGE_CURVE('9:1074',#3250,#2362,#3255,.T.);
#3257=ORIENTED_EDGE('',*,*,#3256,.F.);
#3258=CARTESIAN_POINT('',(62.092926896,30.973472709,15.));
#3259=CARTESIAN_POINT('',(62.070895857,30.992771497,15.078309239));
#3260=CARTESIAN_POINT('',(62.052410827,31.021172344,15.153443077));
#3261=CARTESIAN_POINT('',(62.036318554,31.057836305,15.225497423));
#3262=CARTESIAN_POINT('',(62.02022628,31.094500266,15.29755177));
#3263=CARTESIAN_POINT('',(62.006485892,31.140026448,15.367035915));
#3264=CARTESIAN_POINT('',(61.995031032,31.191480615,15.430686711));
#3265=CARTESIAN_POINT('',(61.972121311,31.294388948,15.557988304));
#3266=CARTESIAN_POINT('',(61.957433525,31.423575021,15.665804535));
#3267=CARTESIAN_POINT('',(61.948091875,31.565101788,15.750317481));
#3268=CARTESIAN_POINT('',(61.943421051,31.635865172,15.792573954));
#3269=CARTESIAN_POINT('',(61.940050476,31.710630129,15.829623667));
#3270=CARTESIAN_POINT('',(61.937758347,31.787305887,15.860997509));
#3271=CARTESIAN_POINT('',(61.935466217,31.863981646,15.892371351));
#3272=CARTESIAN_POINT('',(61.934243086,31.942330884,15.918078801));
#3273=CARTESIAN_POINT('',(61.933828228,32.022205762,15.938613976));
#3274=CARTESIAN_POINT('',(61.932998512,32.181955519,15.979684326));
#3275=CARTESIAN_POINT('',(61.935471869,32.348338549,16.));
#3276=CARTESIAN_POINT('',(61.939602959,32.514681066,16.));
#3277=B_SPLINE_CURVE_WITH_KNOTS('',3,(#3258,#3259,#3260,#3261,#3262,#3263,#3264,#3265,#3266,#3267,#3268,#3269,#3270,#3271,#3272,#3273,#3274,#3275,#3276),.UNSPECIFIED.,.F.,.F.,(4,3,3,3,3,3,4),(0.,0.0002469,0.0004938,0.0009876,0.0012345,0.0014814,0.0019752),.UNSPECIFIED.);
#3278=EDGE_CURVE('10:382',#3250,#843,#3277,.T.);
#3279=ORIENTED_EDGE('',*,*,#3278,.T.);
#3280=EDGE_LOOP('',(#3219,#3247,#3248,#3257,#3279));
#3281=FACE_BOUND('',#3280,.T.);
#3282=ADVANCED_FACE('9:603',(#3281),#3218,.T.);
#3283=CARTESIAN_POINT('',(-1.240347346,-2.170607855,14.5));
#3284=DIRECTION('',(0.868243142,-0.496138938,0.));
#3285=DIRECTION('',(0.496138938,0.868243142,0.));
#3286=AXIS2_PLACEMENT_3D('',#3283,#3284,#3285);
#3287=CYLINDRICAL_SURFACE('',#3286,1.5);
#3288=ORIENTED_EDGE('',*,*,#821,.F.);
#3289=CARTESIAN_POINT('',(34.726303874,-22.722979981,16.));
#3290=CARTESIAN_POINT('',(34.666708304,-22.803145794,16.));
#3291=CARTESIAN_POINT('',(34.606898056,-22.88122416,15.990262298));
#3292=CARTESIAN_POINT('',(34.546944832,-22.957344552,15.971210343));
#3293=CARTESIAN_POINT('',(34.486991609,-23.033464944,15.952158389));
#3294=CARTESIAN_POINT('',(34.426250576,-23.10839227,15.92333469));
#3295=CARTESIAN_POINT('',(34.367306648,-23.179251035,15.885719214));
#3296=CARTESIAN_POINT('',(34.308362719,-23.250109799,15.848103737));
#3297=CARTESIAN_POINT('',(34.251419797,-23.316715126,15.802081163));
#3298=CARTESIAN_POINT('',(34.196738933,-23.379284247,15.747729171));
#3299=CARTESIAN_POINT('',(34.142058069,-23.441853368,15.693377179));
#3300=CARTESIAN_POINT('',(34.089404434,-23.500627316,15.630102693));
#3301=CARTESIAN_POINT('',(34.041625453,-23.552997905,15.56096726));
#3302=CARTESIAN_POINT('',(33.993846473,-23.605368493,15.491831826));
#3303=CARTESIAN_POINT('',(33.950339919,-23.652033075,15.416375197));
#3304=CARTESIAN_POINT('',(33.91157713,-23.693066858,15.334425145));
#3305=CARTESIAN_POINT('',(33.872814342,-23.734100641,15.252475093));
#3306=CARTESIAN_POINT('',(33.839441054,-23.768832662,15.165053683));
#3307=CARTESIAN_POINT('',(33.812516173,-23.796607582,15.074709915));
#3308=CARTESIAN_POINT('',(33.785591293,-23.824382501,14.984366146));
#3309=CARTESIAN_POINT('',(33.764683328,-23.84564884,14.889792153));
#3310=CARTESIAN_POINT('',(33.750663207,-23.859884053,14.792713055));
#3311=CARTESIAN_POINT('',(33.736643086,-23.874119266,14.695633956));
#3312=CARTESIAN_POINT('',(33.729710733,-23.88112486,14.598058384));
#3313=CARTESIAN_POINT('',(33.729710741,-23.881124851,14.499999941));
#3314=B_SPLINE_CURVE_WITH_KNOTS('',3,(#3289,#3290,#3291,#3292,#3293,#3294,#3295,#3296,#3297,#3298,#3299,#3300,#3301,#3302,#3303,#3304,#3305,#3306,#3307,#3308,#3309,#3310,#3311,#3312,#3313),.UNSPECIFIED.,.F.,.F.,(4,3,3,3,3,3,3,3,4),(0.00970138,0.010288945,0.01087651,0.011464074,0.012051639,0.012639204,0.013226768,0.013814333,0.014401898),.UNSPECIFIED.);
#3315=EDGE_CURVE('9:2921',#809,#2461,#3314,.T.);
#3316=ORIENTED_EDGE('',*,*,#3315,.T.);
#3317=ORIENTED_EDGE('',*,*,#2466,.F.);
#3318=CARTESIAN_POINT('',(58.208939374,-37.770450874,15.));
#3319=VERTEX_POINT('',#3318);
#3320=CARTESIAN_POINT('',(58.208939374,-37.770450874,15.));
#3321=CARTESIAN_POINT('',(58.197961306,-37.828508829,14.842018009));
#3322=CARTESIAN_POINT('',(58.19239443,-37.859801245,14.671407192));
#3323=CARTESIAN_POINT('',(58.19239443,-37.859801245,14.5));
#3324=B_SPLINE_CURVE_WITH_KNOTS('',3,(#3320,#3321,#3322,#3323),.UNSPECIFIED.,.F.,.F.,(4,4),(0.00188028,0.002386622),.UNSPECIFIED.);
#3325=EDGE_CURVE('9:1080',#3319,#2453,#3324,.T.);
#3326=ORIENTED_EDGE('',*,*,#3325,.F.);
#3327=CARTESIAN_POINT('',(58.208939374,-37.770450874,15.));
#3328=CARTESIAN_POINT('',(58.214381033,-37.74167244,15.078309239));
#3329=CARTESIAN_POINT('',(58.229464747,-37.711327984,15.153443077));
#3330=CARTESIAN_POINT('',(58.252882236,-37.67884986,15.225497423));
#3331=CARTESIAN_POINT('',(58.276299726,-37.646371737,15.29755177));
#3332=CARTESIAN_POINT('',(58.308546393,-37.611420572,15.367035915));
#3333=CARTESIAN_POINT('',(58.347060592,-37.575428885,15.430686711));
#3334=CARTESIAN_POINT('',(58.42408899,-37.50344551,15.557988304));
#3335=CARTESIAN_POINT('',(58.527930884,-37.425204642,15.665804535));
#3336=CARTESIAN_POINT('',(58.645118954,-37.3453044,15.750317481));
#3337=CARTESIAN_POINT('',(58.70371299,-37.305354279,15.792573954));
#3338=CARTESIAN_POINT('',(58.76641466,-37.264492806,15.829623667));
#3339=CARTESIAN_POINT('',(58.831310079,-37.223590356,15.860997509));
#3340=CARTESIAN_POINT('',(58.896205497,-37.182687905,15.892371351));
#3341=CARTESIAN_POINT('',(58.963085405,-37.141856825,15.918078801));
#3342=CARTESIAN_POINT('',(59.031690065,-37.100947548,15.938613976));
#3343=CARTESIAN_POINT('',(59.168899384,-37.019128993,15.979684326));
#3344=CARTESIAN_POINT('',(59.313500467,-36.9367885,16.));
#3345=CARTESIAN_POINT('',(59.458908267,-36.855896777,16.));
#3346=B_SPLINE_CURVE_WITH_KNOTS('',3,(#3327,#3328,#3329,#3330,#3331,#3332,#3333,#3334,#3335,#3336,#3337,#3338,#3339,#3340,#3341,#3342,#3343,#3344,#3345),.UNSPECIFIED.,.F.,.F.,(4,3,3,3,3,3,4),(0.,0.0002469,0.0004938,0.0009876,0.0012345,0.0014814,0.0019752),.UNSPECIFIED.);
#3347=EDGE_CURVE('10:388',#3319,#781,#3346,.T.);
#3348=ORIENTED_EDGE('',*,*,#3347,.T.);
#3349=EDGE_LOOP('',(#3288,#3316,#3317,#3326,#3348));
#3350=FACE_BOUND('',#3349,.T.);
#3351=ADVANCED_FACE('9:606',(#3350),#3287,.T.);
#3352=CARTESIAN_POINT('',(1.240347346,2.170607855,14.5));
#3353=DIRECTION('',(-0.868243142,0.496138938,0.));
#3354=DIRECTION('',(-0.496138938,-0.868243142,0.));
#3355=AXIS2_PLACEMENT_3D('',#3352,#3353,#3354);
#3356=CYLINDRICAL_SURFACE('',#3355,1.5);
#3357=ORIENTED_EDGE('',*,*,#2514,.F.);
#3358=CARTESIAN_POINT('',(37.698822248,-16.935179714,14.499999941));
#3359=CARTESIAN_POINT('',(37.698822252,-16.935179703,14.598058384));
#3360=CARTESIAN_POINT('',(37.696306165,-16.944708878,14.695633956));
#3361=CARTESIAN_POINT('',(37.691159889,-16.964014859,14.792713055));
#3362=CARTESIAN_POINT('',(37.686013613,-16.98332084,14.889792153));
#3363=CARTESIAN_POINT('',(37.678306658,-17.012130613,14.984366146));
#3364=CARTESIAN_POINT('',(37.668047051,-17.049428546,15.074709915));
#3365=CARTESIAN_POINT('',(37.657787444,-17.08672648,15.165053683));
#3366=CARTESIAN_POINT('',(37.644807833,-17.13311203,15.252475093));
#3367=CARTESIAN_POINT('',(37.629135221,-17.1873402,15.334425145));
#3368=CARTESIAN_POINT('',(37.613462608,-17.241568369,15.416375197));
#3369=CARTESIAN_POINT('',(37.595347219,-17.302742188,15.491831826));
#3370=CARTESIAN_POINT('',(37.574484964,-17.370493762,15.56096726));
#3371=CARTESIAN_POINT('',(37.553622708,-17.438245336,15.630102693));
#3372=CARTESIAN_POINT('',(37.529718537,-17.51344755,15.693377179));
#3373=CARTESIAN_POINT('',(37.503573887,-17.592323079,15.747729171));
#3374=CARTESIAN_POINT('',(37.477429237,-17.671198607,15.802081163));
#3375=CARTESIAN_POINT('',(37.448955669,-17.754072137,15.848103737));
#3376=CARTESIAN_POINT('',(37.417833497,-17.840829048,15.885719214));
#3377=CARTESIAN_POINT('',(37.386711326,-17.927585959,15.92333469));
#3378=CARTESIAN_POINT('',(37.352996307,-18.017956723,15.952158389));
#3379=CARTESIAN_POINT('',(37.317853452,-18.108254468,15.971210343));
#3380=CARTESIAN_POINT('',(37.282710597,-18.198552213,15.990262298));
#3381=CARTESIAN_POINT('',(37.245808284,-18.289720828,16.));
#3382=CARTESIAN_POINT('',(37.206998566,-18.381764271,16.));
#3383=B_SPLINE_CURVE_WITH_KNOTS('',3,(#3358,#3359,#3360,#3361,#3362,#3363,#3364,#3365,#3366,#3367,#3368,#3369,#3370,#3371,#3372,#3373,#3374,#3375,#3376,#3377,#3378,#3379,#3380,#3381,#3382),.UNSPECIFIED.,.F.,.F.,(4,3,3,3,3,3,3,3,4),(0.00970138,0.010288945,0.01087651,0.011464074,0.012051639,0.012639204,0.013226768,0.013814333,0.014401898),.UNSPECIFIED.);
#3384=EDGE_CURVE('9:2891',#2502,#801,#3383,.T.);
#3385=ORIENTED_EDGE('',*,*,#3384,.T.);
#3386=ORIENTED_EDGE('',*,*,#806,.F.);
#3387=CARTESIAN_POINT('',(61.939602959,-32.514681066,16.));
#3388=CARTESIAN_POINT('',(61.935473868,-32.348338499,16.));
#3389=CARTESIAN_POINT('',(61.932998512,-32.181955519,15.979684326));
#3390=CARTESIAN_POINT('',(61.933828228,-32.022205762,15.938613976));
#3391=CARTESIAN_POINT('',(61.934243086,-31.942330884,15.918078801));
#3392=CARTESIAN_POINT('',(61.935466217,-31.863981646,15.892371351));
#3393=CARTESIAN_POINT('',(61.937758347,-31.787305887,15.860997509));
#3394=CARTESIAN_POINT('',(61.940050476,-31.710630129,15.829623667));
#3395=CARTESIAN_POINT('',(61.943421051,-31.635865172,15.792573954));
#3396=CARTESIAN_POINT('',(61.948091875,-31.565101788,15.750317481));
#3397=CARTESIAN_POINT('',(61.957433525,-31.423575021,15.665804535));
#3398=CARTESIAN_POINT('',(61.972121311,-31.294388948,15.557988304));
#3399=CARTESIAN_POINT('',(61.995031032,-31.191480615,15.430686711));
#3400=CARTESIAN_POINT('',(62.006485892,-31.140026448,15.367035915));
#3401=CARTESIAN_POINT('',(62.02022628,-31.094500266,15.29755177));
#3402=CARTESIAN_POINT('',(62.036318554,-31.057836305,15.225497423));
#3403=CARTESIAN_POINT('',(62.052410827,-31.021172344,15.153443077));
#3404=CARTESIAN_POINT('',(62.070895857,-30.992771497,15.078309239));
#3405=CARTESIAN_POINT('',(62.092926896,-30.973472709,15.));
#3406=B_SPLINE_CURVE_WITH_KNOTS('',3,(#3387,#3388,#3389,#3390,#3391,#3392,#3393,#3394,#3395,#3396,#3397,#3398,#3399,#3400,#3401,#3402,#3403,#3404,#3405),.UNSPECIFIED.,.F.,.F.,(4,3,3,3,3,3,4),(0.,0.0004938,0.0007407,0.0009876,0.0014814,0.0017283,0.0019752),.UNSPECIFIED.);
#3407=EDGE_CURVE('10:385',#792,#633,#3406,.T.);
#3408=ORIENTED_EDGE('',*,*,#3407,.T.);
#3409=ORIENTED_EDGE('',*,*,#639,.F.);
#3410=EDGE_LOOP('',(#3357,#3385,#3386,#3408,#3409));
#3411=FACE_BOUND('',#3410,.T.);
#3412=ADVANCED_FACE('9:609',(#3411),#3356,.T.);
#3413=CARTESIAN_POINT('',(-1.240347346,2.170607855,14.5));
#3414=DIRECTION('',(-0.868243142,-0.496138938,0.));
#3415=DIRECTION('',(0.496138938,-0.868243142,0.));
#3416=AXIS2_PLACEMENT_3D('',#3413,#3414,#3415);
#3417=CYLINDRICAL_SURFACE('',#3416,1.5);
#3418=ORIENTED_EDGE('',*,*,#759,.F.);
#3419=CARTESIAN_POINT('',(-37.206998566,-18.381764271,16.));
#3420=CARTESIAN_POINT('',(-37.245808284,-18.289720828,16.));
#3421=CARTESIAN_POINT('',(-37.282710597,-18.198552213,15.990262298));
#3422=CARTESIAN_POINT('',(-37.317853452,-18.108254468,15.971210343));
#3423=CARTESIAN_POINT('',(-37.352996307,-18.017956723,15.952158389));
#3424=CARTESIAN_POINT('',(-37.386711326,-17.927585959,15.92333469));
#3425=CARTESIAN_POINT('',(-37.417833497,-17.840829048,15.885719214));
#3426=CARTESIAN_POINT('',(-37.448955669,-17.754072137,15.848103737));
#3427=CARTESIAN_POINT('',(-37.477429237,-17.671198607,15.802081163));
#3428=CARTESIAN_POINT('',(-37.503573887,-17.592323079,15.747729171));
#3429=CARTESIAN_POINT('',(-37.529718537,-17.51344755,15.693377179));
#3430=CARTESIAN_POINT('',(-37.553622708,-17.438245336,15.630102693));
#3431=CARTESIAN_POINT('',(-37.574484964,-17.370493762,15.56096726));
#3432=CARTESIAN_POINT('',(-37.595347219,-17.302742188,15.491831826));
#3433=CARTESIAN_POINT('',(-37.613462608,-17.241568369,15.416375197));
#3434=CARTESIAN_POINT('',(-37.629135221,-17.1873402,15.334425145));
#3435=CARTESIAN_POINT('',(-37.644807833,-17.13311203,15.252475093));
#3436=CARTESIAN_POINT('',(-37.657787444,-17.08672648,15.165053683));
#3437=CARTESIAN_POINT('',(-37.668047051,-17.049428546,15.074709915));
#3438=CARTESIAN_POINT('',(-37.678306658,-17.012130613,14.984366146));
#3439=CARTESIAN_POINT('',(-37.686013613,-16.98332084,14.889792153));
#3440=CARTESIAN_POINT('',(-37.691159889,-16.964014859,14.792713055));
#3441=CARTESIAN_POINT('',(-37.696306165,-16.944708878,14.695633956));
#3442=CARTESIAN_POINT('',(-37.698822252,-16.935179703,14.598058384));
#3443=CARTESIAN_POINT('',(-37.698822248,-16.935179714,14.499999941));
#3444=B_SPLINE_CURVE_WITH_KNOTS('',3,(#3419,#3420,#3421,#3422,#3423,#3424,#3425,#3426,#3427,#3428,#3429,#3430,#3431,#3432,#3433,#3434,#3435,#3436,#3437,#3438,#3439,#3440,#3441,#3442,#3443),.UNSPECIFIED.,.F.,.F.,(4,3,3,3,3,3,3,3,4),(0.00970138,0.010288945,0.01087651,0.011464074,0.012051639,0.012639204,0.013226768,0.013814333,0.014401898),.UNSPECIFIED.);
#3445=EDGE_CURVE('9:2894',#747,#2229,#3444,.T.);
#3446=ORIENTED_EDGE('',*,*,#3445,.T.);
#3447=ORIENTED_EDGE('',*,*,#2234,.F.);
#3448=CARTESIAN_POINT('',(-62.092926896,-30.973472709,15.));
#3449=VERTEX_POINT('',#3448);
#3450=CARTESIAN_POINT('',(-62.092926896,-30.973472709,15.));
#3451=CARTESIAN_POINT('',(-62.137372577,-30.934539104,14.842018009));
#3452=CARTESIAN_POINT('',(-62.161505937,-30.913856108,14.671407192));
#3453=CARTESIAN_POINT('',(-62.161505937,-30.913856108,14.5));
#3454=B_SPLINE_CURVE_WITH_KNOTS('',3,(#3450,#3451,#3452,#3453),.UNSPECIFIED.,.F.,.F.,(4,4),(0.00188028,0.002386622),.UNSPECIFIED.);
#3455=EDGE_CURVE('9:1092',#3449,#2221,#3454,.T.);
#3456=ORIENTED_EDGE('',*,*,#3455,.F.);
#3457=CARTESIAN_POINT('',(-62.092926896,-30.973472709,15.));
#3458=CARTESIAN_POINT('',(-62.070895857,-30.992771497,15.078309239));
#3459=CARTESIAN_POINT('',(-62.052410827,-31.021172344,15.153443077));
#3460=CARTESIAN_POINT('',(-62.036318554,-31.057836305,15.225497423));
#3461=CARTESIAN_POINT('',(-62.02022628,-31.094500266,15.29755177));
#3462=CARTESIAN_POINT('',(-62.006485892,-31.140026448,15.367035915));
#3463=CARTESIAN_POINT('',(-61.995031032,-31.191480615,15.430686711));
#3464=CARTESIAN_POINT('',(-61.972121311,-31.294388948,15.557988304));
#3465=CARTESIAN_POINT('',(-61.957433525,-31.423575021,15.665804535));
#3466=CARTESIAN_POINT('',(-61.948091875,-31.565101788,15.750317481));
#3467=CARTESIAN_POINT('',(-61.943421051,-31.635865172,15.792573954));
#3468=CARTESIAN_POINT('',(-61.940050476,-31.710630129,15.829623667));
#3469=CARTESIAN_POINT('',(-61.937758347,-31.787305887,15.860997509));
#3470=CARTESIAN_POINT('',(-61.935466217,-31.863981646,15.892371351));
#3471=CARTESIAN_POINT('',(-61.934243086,-31.942330884,15.918078801));
#3472=CARTESIAN_POINT('',(-61.933828228,-32.022205762,15.938613976));
#3473=CARTESIAN_POINT('',(-61.932998512,-32.181955519,15.979684326));
#3474=CARTESIAN_POINT('',(-61.935471869,-32.348338549,16.));
#3475=CARTESIAN_POINT('',(-61.939602959,-32.514681066,16.));
#3476=B_SPLINE_CURVE_WITH_KNOTS('',3,(#3457,#3458,#3459,#3460,#3461,#3462,#3463,#3464,#3465,#3466,#3467,#3468,#3469,#3470,#3471,#3472,#3473,#3474,#3475),.UNSPECIFIED.,.F.,.F.,(4,3,3,3,3,3,4),(0.,0.0002469,0.0004938,0.0009876,0.0012345,0.0014814,0.0019752),.UNSPECIFIED.);
#3477=EDGE_CURVE('10:400',#3449,#719,#3476,.T.);
#3478=ORIENTED_EDGE('',*,*,#3477,.T.);
#3479=EDGE_LOOP('',(#3418,#3446,#3447,#3456,#3478));
#3480=FACE_BOUND('',#3479,.T.);
#3481=ADVANCED_FACE('9:612',(#3480),#3417,.T.);
#3482=CARTESIAN_POINT('',(1.240347346,-2.170607855,14.5));
#3483=DIRECTION('',(0.868243142,0.496138938,0.));
#3484=DIRECTION('',(-0.496138938,0.868243142,0.));
#3485=AXIS2_PLACEMENT_3D('',#3482,#3483,#3484);
#3486=CYLINDRICAL_SURFACE('',#3485,1.5);
#3487=ORIENTED_EDGE('',*,*,#2191,.F.);
#3488=CARTESIAN_POINT('',(-33.729710741,-23.881124851,14.499999941));
#3489=CARTESIAN_POINT('',(-33.729710733,-23.88112486,14.598058384));
#3490=CARTESIAN_POINT('',(-33.736643086,-23.874119266,14.695633956));
#3491=CARTESIAN_POINT('',(-33.750663207,-23.859884053,14.792713055));
#3492=CARTESIAN_POINT('',(-33.764683328,-23.84564884,14.889792153));
#3493=CARTESIAN_POINT('',(-33.785591293,-23.824382501,14.984366146));
#3494=CARTESIAN_POINT('',(-33.812516173,-23.796607582,15.074709915));
#3495=CARTESIAN_POINT('',(-33.839441054,-23.768832662,15.165053683));
#3496=CARTESIAN_POINT('',(-33.872814342,-23.734100641,15.252475093));
#3497=CARTESIAN_POINT('',(-33.91157713,-23.693066858,15.334425145));
#3498=CARTESIAN_POINT('',(-33.950339919,-23.652033075,15.416375197));
#3499=CARTESIAN_POINT('',(-33.993846473,-23.605368493,15.491831826));
#3500=CARTESIAN_POINT('',(-34.041625453,-23.552997905,15.56096726));
#3501=CARTESIAN_POINT('',(-34.089404434,-23.500627316,15.630102693));
#3502=CARTESIAN_POINT('',(-34.142058069,-23.441853368,15.693377179));
#3503=CARTESIAN_POINT('',(-34.196738933,-23.379284247,15.747729171));
#3504=CARTESIAN_POINT('',(-34.251419797,-23.316715126,15.802081163));
#3505=CARTESIAN_POINT('',(-34.308362719,-23.250109799,15.848103737));
#3506=CARTESIAN_POINT('',(-34.367306648,-23.179251035,15.885719214));
#3507=CARTESIAN_POINT('',(-34.426250576,-23.10839227,15.92333469));
#3508=CARTESIAN_POINT('',(-34.486991609,-23.033464944,15.952158389));
#3509=CARTESIAN_POINT('',(-34.546944832,-22.957344552,15.971210343));
#3510=CARTESIAN_POINT('',(-34.606898056,-22.88122416,15.990262298));
#3511=CARTESIAN_POINT('',(-34.666708304,-22.803145794,16.));
#3512=CARTESIAN_POINT('',(-34.726303874,-22.722979981,16.));
#3513=B_SPLINE_CURVE_WITH_KNOTS('',3,(#3488,#3489,#3490,#3491,#3492,#3493,#3494,#3495,#3496,#3497,#3498,#3499,#3500,#3501,#3502,#3503,#3504,#3505,#3506,#3507,#3508,#3509,#3510,#3511,#3512),.UNSPECIFIED.,.F.,.F.,(4,3,3,3,3,3,3,3,4),(0.00970138,0.010288945,0.01087651,0.011464074,0.012051639,0.012639204,0.013226768,0.013814333,0.014401898),.UNSPECIFIED.);
#3514=EDGE_CURVE('9:2864',#2179,#739,#3513,.T.);
#3515=ORIENTED_EDGE('',*,*,#3514,.T.);
#3516=ORIENTED_EDGE('',*,*,#744,.F.);
#3517=CARTESIAN_POINT('',(-59.458908267,-36.855896777,16.));
#3518=CARTESIAN_POINT('',(-59.31350144,-36.936790248,16.));
#3519=CARTESIAN_POINT('',(-59.168899384,-37.019128993,15.979684326));
#3520=CARTESIAN_POINT('',(-59.031690065,-37.100947548,15.938613976));
#3521=CARTESIAN_POINT('',(-58.963085405,-37.141856825,15.918078801));
#3522=CARTESIAN_POINT('',(-58.896205497,-37.182687905,15.892371351));
#3523=CARTESIAN_POINT('',(-58.831310079,-37.223590356,15.860997509));
#3524=CARTESIAN_POINT('',(-58.76641466,-37.264492806,15.829623667));
#3525=CARTESIAN_POINT('',(-58.70371299,-37.305354279,15.792573954));
#3526=CARTESIAN_POINT('',(-58.645118954,-37.3453044,15.750317481));
#3527=CARTESIAN_POINT('',(-58.527930884,-37.425204642,15.665804535));
#3528=CARTESIAN_POINT('',(-58.42408899,-37.50344551,15.557988304));
#3529=CARTESIAN_POINT('',(-58.347060592,-37.575428885,15.430686711));
#3530=CARTESIAN_POINT('',(-58.308546393,-37.611420572,15.367035915));
#3531=CARTESIAN_POINT('',(-58.276299726,-37.646371737,15.29755177));
#3532=CARTESIAN_POINT('',(-58.252882236,-37.67884986,15.225497423));
#3533=CARTESIAN_POINT('',(-58.229464747,-37.711327984,15.153443077));
#3534=CARTESIAN_POINT('',(-58.214381033,-37.74167244,15.078309239));
#3535=CARTESIAN_POINT('',(-58.208939374,-37.770450874,15.));
#3536=B_SPLINE_CURVE_WITH_KNOTS('',3,(#3517,#3518,#3519,#3520,#3521,#3522,#3523,#3524,#3525,#3526,#3527,#3528,#3529,#3530,#3531,#3532,#3533,#3534,#3535),.UNSPECIFIED.,.F.,.F.,(4,3,3,3,3,3,4),(0.,0.0004938,0.0007407,0.0009876,0.0014814,0.0017283,0.0019752),.UNSPECIFIED.);
#3537=EDGE_CURVE('10:397',#730,#684,#3536,.T.);
#3538=ORIENTED_EDGE('',*,*,#3537,.T.);
#3539=ORIENTED_EDGE('',*,*,#690,.F.);
#3540=EDGE_LOOP('',(#3487,#3515,#3516,#3538,#3539));
#3541=FACE_BOUND('',#3540,.T.);
#3542=ADVANCED_FACE('9:615',(#3541),#3486,.T.);
#3543=CARTESIAN_POINT('',(-37.206998566,-18.381764271,16.));
#3544=CARTESIAN_POINT('',(-37.030960564,-18.294794368,16.));
#3545=CARTESIAN_POINT('',(-36.854991826,-18.207858683,16.039040985));
#3546=CARTESIAN_POINT('',(-36.529716011,-18.047159257,16.189320417));
#3547=CARTESIAN_POINT('',(-36.380536918,-17.973458743,16.300499736));
#3548=CARTESIAN_POINT('',(-36.131581588,-17.850464726,16.57817992));
#3549=CARTESIAN_POINT('',(-36.031903305,-17.801219617,16.744571529));
#3550=CARTESIAN_POINT('',(-35.897169651,-17.734655735,17.107378173));
#3551=CARTESIAN_POINT('',(-35.862167293,-17.717363152,17.303650459));
#3552=CARTESIAN_POINT('',(-35.862167293,-17.717363152,17.5));
#3553=CARTESIAN_POINT('',(-37.240280594,-18.302830628,16.));
#3554=CARTESIAN_POINT('',(-37.064268261,-18.216772654,16.000670633));
#3555=CARTESIAN_POINT('',(-36.889422796,-18.128826368,16.040210119));
#3556=CARTESIAN_POINT('',(-36.568306695,-17.962357303,16.191092163));
#3557=CARTESIAN_POINT('',(-36.422161296,-17.883899476,16.302375868));
#3558=CARTESIAN_POINT('',(-36.180628199,-17.748315679,16.579926479));
#3559=CARTESIAN_POINT('',(-36.085334685,-17.691242638,16.746085128));
#3560=CARTESIAN_POINT('',(-35.959993116,-17.607105134,17.108231213));
#3561=CARTESIAN_POINT('',(-35.929993918,-17.580073548,17.304077397));
#3562=CARTESIAN_POINT('',(-35.93491593,-17.570110778,17.5));
#3563=CARTESIAN_POINT('',(-37.272158689,-18.224543247,15.992820424));
#3564=CARTESIAN_POINT('',(-37.09631049,-18.139318413,15.994285589));
#3565=CARTESIAN_POINT('',(-36.92269571,-18.050336751,16.034228275));
#3566=CARTESIAN_POINT('',(-36.605856994,-17.878147982,16.185103975));
#3567=CARTESIAN_POINT('',(-36.462755345,-17.795007371,16.295978751));
#3568=CARTESIAN_POINT('',(-36.228553595,-17.647052742,16.572046468));
#3569=CARTESIAN_POINT('',(-36.137543869,-17.582295893,16.737132854));
#3570=CARTESIAN_POINT('',(-36.021293196,-17.48089952,17.096760626));
#3571=CARTESIAN_POINT('',(-35.996097085,-17.444299213,17.291163206));
#3572=CARTESIAN_POINT('',(-36.005709422,-17.424533532,17.485640848));
#3573=CARTESIAN_POINT('',(-37.333300198,-18.069240018,15.964737211));
#3574=CARTESIAN_POINT('',(-37.158087826,-17.985422909,15.967931341));
#3575=CARTESIAN_POINT('',(-36.987168158,-17.894240708,16.008425042));
#3576=CARTESIAN_POINT('',(-36.679139636,-17.710604942,16.158034753));
#3577=CARTESIAN_POINT('',(-36.542146874,-17.618220625,16.26709437));
#3578=CARTESIAN_POINT('',(-36.322420895,-17.44595842,16.537627461));
#3579=CARTESIAN_POINT('',(-36.239770472,-17.366145522,16.69899897));
#3580=CARTESIAN_POINT('',(-36.141089775,-17.230942494,17.050136192));
#3581=CARTESIAN_POINT('',(-36.125096658,-17.175603406,17.239769562));
#3582=CARTESIAN_POINT('',(-36.143629018,-17.136614637,17.429474432));
#3583=CARTESIAN_POINT('',(-37.362562863,-17.992223835,15.943833272));
#3584=CARTESIAN_POINT('',(-37.187822258,-17.908981244,15.947961915));
#3585=CARTESIAN_POINT('',(-37.018367077,-17.816633835,15.988603463));
#3586=CARTESIAN_POINT('',(-36.714871446,-17.627270733,16.136953532));
#3587=CARTESIAN_POINT('',(-36.580943841,-17.530325494,16.244606894));
#3588=CARTESIAN_POINT('',(-36.368362287,-17.346126583,16.511088166));
#3589=CARTESIAN_POINT('',(-36.289787359,-17.258941477,16.669817002));
#3590=CARTESIAN_POINT('',(-36.199585657,-17.107190745,17.014981859));
#3591=CARTESIAN_POINT('',(-36.187992384,-17.042681642,17.201289557));
#3592=CARTESIAN_POINT('',(-36.210754358,-16.994272736,17.387666544));
#3593=CARTESIAN_POINT('',(-37.418588375,-17.839632726,15.887732703));
#3594=CARTESIAN_POINT('',(-37.245113651,-17.757203638,15.893726317));
#3595=CARTESIAN_POINT('',(-37.078824824,-17.662338561,15.9342857));
#3596=CARTESIAN_POINT('',(-36.784644295,-17.461444799,16.078675635));
#3597=CARTESIAN_POINT('',(-36.656858758,-17.355488661,16.182454078));
#3598=CARTESIAN_POINT('',(-36.458357562,-17.14787224,16.438185062));
#3599=CARTESIAN_POINT('',(-36.387713517,-17.046286965,16.590045323));
#3600=CARTESIAN_POINT('',(-36.313841644,-16.862247979,16.919816795));
#3601=CARTESIAN_POINT('',(-36.310640438,-16.77986079,17.097609012));
#3602=CARTESIAN_POINT('',(-36.341402996,-16.713062715,17.275465407));
#3603=CARTESIAN_POINT('',(-37.444580048,-17.766177336,15.853307788));
#3604=CARTESIAN_POINT('',(-37.27188138,-17.683975421,15.860203397));
#3605=CARTESIAN_POINT('',(-37.107249854,-17.587792312,15.900531802));
#3606=CARTESIAN_POINT('',(-36.817721061,-17.381254343,16.042273173));
#3607=CARTESIAN_POINT('',(-36.692926623,-17.270972886,16.143635804));
#3608=CARTESIAN_POINT('',(-36.501165116,-17.05220006,16.392816723));
#3609=CARTESIAN_POINT('',(-36.434266133,-16.943786471,16.540546534));
#3610=CARTESIAN_POINT('',(-36.368018396,-16.744454876,16.861111504));
#3611=CARTESIAN_POINT('',(-36.368693134,-16.653607768,17.033832843));
#3612=CARTESIAN_POINT('',(-36.403116031,-16.578096016,17.206615534));
#3613=CARTESIAN_POINT('',(-37.492936601,-17.62506517,15.772329485));
#3614=CARTESIAN_POINT('',(-37.322022905,-17.542970344,15.780814287));
#3615=CARTESIAN_POINT('',(-37.160806031,-17.444036809,15.820203618));
#3616=CARTESIAN_POINT('',(-36.880501769,-17.226447377,15.955236462));
#3617=CARTESIAN_POINT('',(-36.761510673,-17.107866283,16.050833594));
#3618=CARTESIAN_POINT('',(-36.582629536,-16.867860685,16.284709727));
#3619=CARTESIAN_POINT('',(-36.522800925,-16.746518715,16.422908407));
#3620=CARTESIAN_POINT('',(-36.470801663,-16.518277864,16.722341164));
#3621=CARTESIAN_POINT('',(-36.478648839,-16.411457495,16.883472409));
#3622=CARTESIAN_POINT('',(-36.519787361,-16.319474729,17.044659012));
#3623=CARTESIAN_POINT('',(-37.515312224,-17.557373076,15.725763512));
#3624=CARTESIAN_POINT('',(-37.345407945,-17.475158272,15.734935996));
#3625=CARTESIAN_POINT('',(-37.185949315,-17.374791753,15.773617259));
#3626=CARTESIAN_POINT('',(-36.910220195,-17.151792488,15.904589296));
#3627=CARTESIAN_POINT('',(-36.794042797,-17.029235081,15.996835869));
#3628=CARTESIAN_POINT('',(-36.621305523,-16.779147932,16.221954825));
#3629=CARTESIAN_POINT('',(-36.564803948,-16.651702702,16.354751241));
#3630=CARTESIAN_POINT('',(-36.519432453,-16.409838006,16.642254727));
#3631=CARTESIAN_POINT('',(-36.530577818,-16.295500295,16.796864782));
#3632=CARTESIAN_POINT('',(-36.574773179,-16.195756053,16.951527025));
#3633=CARTESIAN_POINT('',(-37.556753897,-17.42819626,15.619950109));
#3634=CARTESIAN_POINT('',(-37.389028792,-17.345441615,15.630133624));
#3635=CARTESIAN_POINT('',(-37.233120053,-17.242130983,15.666798071));
#3636=CARTESIAN_POINT('',(-36.966360726,-17.008598167,15.78805101));
#3637=CARTESIAN_POINT('',(-36.855597073,-16.878452144,15.872600003));
#3638=CARTESIAN_POINT('',(-36.694521503,-16.609292248,16.077927545));
#3639=CARTESIAN_POINT('',(-36.644262062,-16.470366175,16.198639217));
#3640=CARTESIAN_POINT('',(-36.611203597,-16.202922197,16.459575436));
#3641=CARTESIAN_POINT('',(-36.628415313,-16.074491552,16.599714999));
#3642=CARTESIAN_POINT('',(-36.678183394,-15.960182019,16.739900219));
#3643=CARTESIAN_POINT('',(-37.575270651,-17.368458566,15.562113516));
#3644=CARTESIAN_POINT('',(-37.408684243,-17.285292628,15.572604564));
#3645=CARTESIAN_POINT('',(-37.254517683,-17.180511397,15.60798547));
#3646=CARTESIAN_POINT('',(-36.992029409,-16.94199763,15.723707689));
#3647=CARTESIAN_POINT('',(-36.883791762,-16.808341526,15.804011964));
#3648=CARTESIAN_POINT('',(-36.728075497,-16.530446705,15.998569603));
#3649=CARTESIAN_POINT('',(-36.680646737,-16.386297053,16.112760702));
#3650=CARTESIAN_POINT('',(-36.653107825,-16.107240655,16.359415347));
#3651=CARTESIAN_POINT('',(-36.67300647,-15.97242336,16.491799957));
#3652=CARTESIAN_POINT('',(-36.725216167,-15.851505419,16.624226962));
#3653=CARTESIAN_POINT('',(-37.608380384,-17.258824699,15.437251703));
#3654=CARTESIAN_POINT('',(-37.444064233,-17.174670377,15.447897819));
#3655=CARTESIAN_POINT('',(-37.293232665,-17.067032587,15.480133751));
#3656=CARTESIAN_POINT('',(-37.03875203,-16.819217823,15.583466581));
#3657=CARTESIAN_POINT('',(-36.935181764,-16.679117632,15.654531507));
#3658=CARTESIAN_POINT('',(-36.789259734,-16.385312166,15.825939068));
#3659=CARTESIAN_POINT('',(-36.746953141,-16.231697936,15.926228674));
#3660=CARTESIAN_POINT('',(-36.729316076,-15.931639923,16.142545993));
#3661=CARTESIAN_POINT('',(-36.753991041,-15.785289136,16.258506785));
#3662=CARTESIAN_POINT('',(-36.810504637,-15.652427126,16.374503478));
#3663=CARTESIAN_POINT('',(-37.622989317,-17.208870986,15.370180904));
#3664=CARTESIAN_POINT('',(-37.45980608,-17.124139065,15.380674871));
#3665=CARTESIAN_POINT('',(-37.310569208,-17.015113855,15.411048421));
#3666=CARTESIAN_POINT('',(-37.059829522,-16.762974289,15.507518292));
#3667=CARTESIAN_POINT('',(-36.958403111,-16.619936792,15.573585245));
#3668=CARTESIAN_POINT('',(-36.816921084,-16.318947432,15.732604087));
#3669=CARTESIAN_POINT('',(-36.77690857,-16.161087329,15.825507571));
#3670=CARTESIAN_POINT('',(-36.763658686,-15.851629274,16.02575772));
#3671=CARTESIAN_POINT('',(-36.790425337,-15.700125672,16.133043432));
#3672=CARTESIAN_POINT('',(-36.848803223,-15.561921795,16.24036181));
#3673=CARTESIAN_POINT('',(-37.648639455,-17.119388159,15.226332529));
#3674=CARTESIAN_POINT('',(-37.487600026,-17.033463333,15.236023923));
#3675=CARTESIAN_POINT('',(-37.341304805,-16.921844895,15.262055139));
#3676=CARTESIAN_POINT('',(-37.097367534,-16.66184523,15.343388975));
#3677=CARTESIAN_POINT('',(-36.999797612,-16.513540914,15.398667575));
#3678=CARTESIAN_POINT('',(-36.866235984,-16.199755289,15.53121133));
#3679=CARTESIAN_POINT('',(-36.830283761,-16.034366807,15.608437346));
#3680=CARTESIAN_POINT('',(-36.824744629,-15.708269788,15.774687895));
#3681=CARTESIAN_POINT('',(-36.855159341,-15.547657727,15.863663337));
#3682=CARTESIAN_POINT('',(-36.91676512,-15.400005261,15.952665059));
#3683=CARTESIAN_POINT('',(-37.65933709,-17.081026392,15.151395698));
#3684=CARTESIAN_POINT('',(-37.499280984,-16.994502661,15.160447437));
#3685=CARTESIAN_POINT('',(-37.354295034,-16.881713132,15.184054668));
#3686=CARTESIAN_POINT('',(-37.113332156,-16.618282445,15.257309623));
#3687=CARTESIAN_POINT('',(-37.01742553,-16.467718166,15.306935999));
#3688=CARTESIAN_POINT('',(-36.887242872,-16.148488627,15.425732096));
#3689=CARTESIAN_POINT('',(-36.853004817,-15.979916533,15.494867199));
#3690=CARTESIAN_POINT('',(-36.85069021,-15.646798801,15.643619833));
#3691=CARTESIAN_POINT('',(-36.882614324,-15.482350384,15.723194018));
#3692=CARTESIAN_POINT('',(-36.945541989,-15.330714821,15.802791397));
#3693=CARTESIAN_POINT('',(-37.676907151,-17.017144179,14.996406186));
#3694=CARTESIAN_POINT('',(-37.518542121,-16.929547659,15.003781083));
#3695=CARTESIAN_POINT('',(-37.375776177,-16.814756752,15.022117542));
#3696=CARTESIAN_POINT('',(-37.139814002,-16.545559178,15.078355813));
#3697=CARTESIAN_POINT('',(-37.046685056,-16.391229292,15.116241614));
#3698=CARTESIAN_POINT('',(-36.922115069,-16.062969194,15.206675358));
#3699=CARTESIAN_POINT('',(-36.890709545,-15.889132612,15.259197558));
#3700=CARTESIAN_POINT('',(-36.893697934,-15.54441909,15.37209966));
#3701=CARTESIAN_POINT('',(-36.928090986,-15.373640476,15.432447425));
#3702=CARTESIAN_POINT('',(-36.993169449,-15.215429795,15.492812373));
#3703=CARTESIAN_POINT('',(-37.683798202,-16.991552796,14.916241235));
#3704=CARTESIAN_POINT('',(-37.526142909,-16.90348124,14.922578159));
#3705=CARTESIAN_POINT('',(-37.38429027,-16.787857856,14.938064324));
#3706=CARTESIAN_POINT('',(-37.150360113,-16.51631808,14.985352836));
#3707=CARTESIAN_POINT('',(-37.05834868,-16.360478402,15.017141843));
#3708=CARTESIAN_POINT('',(-36.936018616,-16.028621698,15.092940262));
#3709=CARTESIAN_POINT('',(-36.905734541,-15.852698428,15.13692829));
#3710=CARTESIAN_POINT('',(-36.910807073,-15.503397005,15.231451396));
#3711=CARTESIAN_POINT('',(-36.946162244,-15.330117539,15.281959807));
#3712=CARTESIAN_POINT('',(-37.012071814,-15.169307537,15.332482471));
#3713=CARTESIAN_POINT('',(-37.693899824,-16.953778625,14.750330076));
#3714=CARTESIAN_POINT('',(-37.53730761,-16.86498368,14.754293324));
#3715=CARTESIAN_POINT('',(-37.396814444,-16.748116458,14.763717063));
#3716=CARTESIAN_POINT('',(-37.16589722,-16.473103734,14.792288128));
#3717=CARTESIAN_POINT('',(-37.07553748,-16.315034838,14.811427515));
#3718=CARTESIAN_POINT('',(-36.956509511,-15.977879492,14.856982193));
#3719=CARTESIAN_POINT('',(-36.927874433,-15.79888696,14.883384826));
#3720=CARTESIAN_POINT('',(-36.936004225,-15.442841449,14.940086055));
#3721=CARTESIAN_POINT('',(-36.972766828,-15.265887651,14.970368895));
#3722=CARTESIAN_POINT('',(-37.039888803,-15.101257848,15.000660152));
#3723=CARTESIAN_POINT('',(-37.696977677,-16.942099838,14.666661534));
#3724=CARTESIAN_POINT('',(-37.540724125,-16.853067006,14.669320022));
#3725=CARTESIAN_POINT('',(-37.400658642,-16.735805571,14.675608422));
#3726=CARTESIAN_POINT('',(-37.170681737,-16.459709032,14.69464723));
#3727=CARTESIAN_POINT('',(-37.080834091,-16.300950492,14.707392364));
#3728=CARTESIAN_POINT('',(-36.962824386,-15.96216348,14.73771711));
#3729=CARTESIAN_POINT('',(-36.934695051,-15.782228958,14.755288321));
#3730=CARTESIAN_POINT('',(-36.943757739,-15.424116278,14.793019152));
#3731=CARTESIAN_POINT('',(-36.980947248,-15.246037431,14.813168317));
#3732=CARTESIAN_POINT('',(-37.048434756,-15.080237512,14.833323067));
#3733=CARTESIAN_POINT('',(-37.699427003,-16.932819888,14.498947904));
#3734=CARTESIAN_POINT('',(-37.543441757,-16.843599138,14.498936942));
#3735=CARTESIAN_POINT('',(-37.403715517,-16.726025211,14.498901457));
#3736=CARTESIAN_POINT('',(-37.174485075,-16.449068249,14.49878629));
#3737=CARTESIAN_POINT('',(-37.085044215,-16.289761746,14.498706643));
#3738=CARTESIAN_POINT('',(-36.967843818,-15.949677689,14.498514024));
#3739=CARTESIAN_POINT('',(-36.940116666,-15.768994111,14.498401112));
#3740=CARTESIAN_POINT('',(-36.94992161,-15.409237444,14.498157366));
#3741=CARTESIAN_POINT('',(-36.987450995,-15.230263769,14.498026608));
#3742=CARTESIAN_POINT('',(-37.0552297,-15.063533224,14.497895809));
#3743=CARTESIAN_POINT('',(-37.698808328,-16.935180615,14.41473646));
#3744=CARTESIAN_POINT('',(-37.54275386,-16.846009047,14.413358034));
#3745=CARTESIAN_POINT('',(-37.402940606,-16.728515549,14.410127621));
#3746=CARTESIAN_POINT('',(-37.173519415,-16.451778441,14.400371589));
#3747=CARTESIAN_POINT('',(-37.083974931,-16.292611373,14.393848659));
#3748=CARTESIAN_POINT('',(-36.966568903,-15.952856631,14.378338348));
#3749=CARTESIAN_POINT('',(-36.93873983,-15.772362929,14.369355242));
#3750=CARTESIAN_POINT('',(-36.948357131,-15.413022733,14.350069801));
#3751=CARTESIAN_POINT('',(-36.985800845,-15.234275628,14.33977278));
#3752=CARTESIAN_POINT('',(-37.053506367,-15.067780768,14.32947292));
#3753=CARTESIAN_POINT('',(-37.693703829,-16.954467263,14.245575052));
#3754=CARTESIAN_POINT('',(-37.537094841,-16.865681799,14.241561122));
#3755=CARTESIAN_POINT('',(-37.396578816,-16.74883474,14.231993496));
#3756=CARTESIAN_POINT('',(-37.165608966,-16.473882709,14.202967318));
#3757=CARTESIAN_POINT('',(-37.075219491,-16.315854342,14.183516842));
#3758=CARTESIAN_POINT('',(-36.956130632,-15.978797298,14.137214115));
#3759=CARTESIAN_POINT('',(-36.927464426,-15.799862531,14.110374748));
#3760=CARTESIAN_POINT('',(-36.935535261,-15.44394464,14.052732452));
#3761=CARTESIAN_POINT('',(-36.972270052,-15.267060683,14.021945563));
#3762=CARTESIAN_POINT('',(-37.03936749,-15.102503347,13.991150104));
#3763=CARTESIAN_POINT('',(-37.689276889,-16.971166101,14.162813097));
#3764=CARTESIAN_POINT('',(-37.53218942,-16.882712538,14.157567252));
#3765=CARTESIAN_POINT('',(-37.391066116,-16.76642356,14.144940769));
#3766=CARTESIAN_POINT('',(-37.158756819,-16.493015392,14.106536284));
#3767=CARTESIAN_POINT('',(-37.067635955,-16.335972863,14.080769026));
#3768=CARTESIAN_POINT('',(-36.947089621,-16.001252629,14.019389431));
#3769=CARTESIAN_POINT('',(-36.917697944,-15.823668779,13.983794266));
#3770=CARTESIAN_POINT('',(-36.92442783,-15.470716989,13.907331014));
#3771=CARTESIAN_POINT('',(-36.9605475,-15.295448019,13.86648432));
#3772=CARTESIAN_POINT('',(-37.027116956,-15.132570057,13.825626193));
#3773=CARTESIAN_POINT('',(-37.676694262,-17.017839241,14.001560807));
#3774=CARTESIAN_POINT('',(-37.518315555,-16.93024785,13.994168791));
#3775=CARTESIAN_POINT('',(-37.375528976,-16.81547428,13.975766792));
#3776=CARTESIAN_POINT('',(-37.139516625,-16.546334843,13.919309643));
#3777=CARTESIAN_POINT('',(-37.04635817,-16.392045756,13.881270575));
#3778=CARTESIAN_POINT('',(-36.921725883,-16.063886992,13.790463843));
#3779=CARTESIAN_POINT('',(-36.890287597,-15.890110933,13.737722045));
#3780=CARTESIAN_POINT('',(-36.893212371,-15.545531919,13.624344928));
#3781=CARTESIAN_POINT('',(-36.927574593,-15.374827268,13.563741905));
#3782=CARTESIAN_POINT('',(-36.992625157,-15.216693156,13.503121614));
#3783=CARTESIAN_POINT('',(-37.66853541,-17.047830002,13.922934407));
#3784=CARTESIAN_POINT('',(-37.509343264,-16.960769368,13.914625727));
#3785=CARTESIAN_POINT('',(-37.365499913,-16.846953781,13.893501755));
#3786=CARTESIAN_POINT('',(-37.1271224,-16.580540828,13.828354485));
#3787=CARTESIAN_POINT('',(-37.032656969,-16.428020301,13.784349942));
#3788=CARTESIAN_POINT('',(-36.905394809,-16.104088372,13.679168225));
#3789=CARTESIAN_POINT('',(-36.872634767,-15.932770404,13.618021329));
#3790=CARTESIAN_POINT('',(-36.873094388,-15.593600718,13.486520739));
#3791=CARTESIAN_POINT('',(-36.906313907,-15.425846834,13.4162049));
#3792=CARTESIAN_POINT('',(-36.970373311,-15.270778708,13.345868813));
#3793=CARTESIAN_POINT('',(-37.650168243,-17.113754502,13.78587969));
#3794=CARTESIAN_POINT('',(-37.489282232,-17.027729619,13.776310344));
#3795=CARTESIAN_POINT('',(-37.343186068,-16.91593099,13.750687216));
#3796=CARTESIAN_POINT('',(-37.09969382,-16.655419004,13.670685641));
#3797=CARTESIAN_POINT('',(-37.002369596,-16.506782544,13.616330788));
#3798=CARTESIAN_POINT('',(-36.869301897,-16.192203327,13.486023908));
#3799=CARTESIAN_POINT('',(-36.833597688,-16.02635343,13.410110307));
#3800=CARTESIAN_POINT('',(-36.828520661,-15.699241041,13.24669407));
#3801=CARTESIAN_POINT('',(-36.859149334,-15.538075112,13.159239623));
#3802=CARTESIAN_POINT('',(-36.92094048,-15.389847084,13.071759379));
#3803=CARTESIAN_POINT('',(-37.640879698,-17.146652055,13.727713625));
#3804=CARTESIAN_POINT('',(-37.479179063,-17.061095913,13.717757057));
#3805=CARTESIAN_POINT('',(-37.331980794,-16.950270646,13.690332338));
#3806=CARTESIAN_POINT('',(-37.085962095,-16.692667523,13.60415567));
#3807=CARTESIAN_POINT('',(-36.987215106,-16.54596657,13.545429443));
#3808=CARTESIAN_POINT('',(-36.851241834,-16.236073819,13.404429769));
#3809=CARTESIAN_POINT('',(-36.814056138,-16.07297454,13.322198409));
#3810=CARTESIAN_POINT('',(-36.806180108,-15.751936827,13.145094644));
#3811=CARTESIAN_POINT('',(-36.835492118,-15.594094243,13.050275103));
#3812=CARTESIAN_POINT('',(-36.896124857,-15.449315486,12.955427251));
#3813=CARTESIAN_POINT('',(-37.630398475,-17.182975279,13.672192468));
#3814=CARTESIAN_POINT('',(-37.467846722,-17.097871518,13.661999682));
#3815=CARTESIAN_POINT('',(-37.319467947,-16.988076736,13.632952923));
#3816=CARTESIAN_POINT('',(-37.070703729,-16.733639732,13.540998983));
#3817=CARTESIAN_POINT('',(-36.970393479,-16.58907438,13.478119626));
#3818=CARTESIAN_POINT('',(-36.83119974,-16.284387575,13.32688676));
#3819=CARTESIAN_POINT('',(-36.792358328,-16.124358174,13.238579019));
#3820=CARTESIAN_POINT('',(-36.781330557,-15.810111861,13.048281055));
#3821=CARTESIAN_POINT('',(-36.809147538,-15.655989887,12.946348425));
#3822=CARTESIAN_POINT('',(-36.868454357,-15.515070025,12.844384936));
#3823=B_SPLINE_SURFACE_WITH_KNOTS('',3,3,((#3543,#3544,#3545,#3546,#3547,#3548,#3549,#3550,#3551,#3552),(#3553,#3554,#3555,#3556,#3557,#3558,#3559,#3560,#3561,#3562),(#3563,#3564,#3565,#3566,#3567,#3568,#3569,#3570,#3571,#3572),(#3573,#3574,#3575,#3576,#3577,#3578,#3579,#3580,#3581,#3582),(#3583,#3584,#3585,#3586,#3587,#3588,#3589,#3590,#3591,#3592),(#3593,#3594,#3595,#3596,#3597,#3598,#3599,#3600,#3601,#3602),(#3603,#3604,#3605,#3606,#3607,#3608,#3609,#3610,#3611,#3612),(#3613,#3614,#3615,#3616,#3617,#3618,#3619,#3620,#3621,#3622),(#3623,#3624,#3625,#3626,#3627,#3628,#3629,#3630,#3631,#3632),(#3633,#3634,#3635,#3636,#3637,#3638,#3639,#3640,#3641,#3642),(#3643,#3644,#3645,#3646,#3647,#3648,#3649,#3650,#3651,#3652),(#3653,#3654,#3655,#3656,#3657,#3658,#3659,#3660,#3661,#3662),(#3663,#3664,#3665,#3666,#3667,#3668,#3669,#3670,#3671,#3672),(#3673,#3674,#3675,#3676,#3677,#3678,#3679,#3680,#3681,#3682),(#3683,#3684,#3685,#3686,#3687,#3688,#3689,#3690,#3691,#3692),(#3693,#3694,#3695,#3696,#3697,#3698,#3699,#3700,#3701,#3702),(#3703,#3704,#3705,#3706,#3707,#3708,#3709,#3710,#3711,#3712),(#3713,#3714,#3715,#3716,#3717,#3718,#3719,#3720,#3721,#3722),(#3723,#3724,#3725,#3726,#3727,#3728,#3729,#3730,#3731,#3732),(#3733,#3734,#3735,#3736,#3737,#3738,#3739,#3740,#3741,#3742),(#3743,#3744,#3745,#3746,#3747,#3748,#3749,#3750,#3751,#3752),(#3753,#3754,#3755,#3756,#3757,#3758,#3759,#3760,#3761,#3762),(#3763,#3764,#3765,#3766,#3767,#3768,#3769,#3770,#3771,#3772),(#3773,#3774,#3775,#3776,#3777,#3778,#3779,#3780,#3781,#3782),(#3783,#3784,#3785,#3786,#3787,#3788,#3789,#3790,#3791,#3792),(#3793,#3794,#3795,#3796,#3797,#3798,#3799,#3800,#3801,#3802),
(#3803,#3804,#3805,#3806,#3807,#3808,#3809,#3810,#3811,#3812),(#3813,#3814,#3815,#3816,#3817,#3818,#3819,#3820,#3821,#3822)),.UNSPECIFIED.,.F.,.F.,.U.,(4,2,2,2,2,2,2,2,2,2,2,2,2,4),(4,2,2,2,4),(0.00970138,0.010205258,0.010709135,0.011213013,0.01171689,0.012220768,0.012724645,0.013228523,0.0137324,0.014236278,0.014740155,0.015244033,0.01574791,0.016146172),(0.,0.25,0.5,0.75,1.),.UNSPECIFIED.);
#3824=ORIENTED_EDGE('',*,*,#1158,.F.);
#3825=CARTESIAN_POINT('',(-37.038119524,-15.10555203,15.));
#3826=CARTESIAN_POINT('',(-37.006082186,-15.184106228,14.843131791));
#3827=CARTESIAN_POINT('',(-36.982547796,-15.273774697,14.690423744));
#3828=CARTESIAN_POINT('',(-36.965561841,-15.373261783,14.543996474));
#3829=CARTESIAN_POINT('',(-36.948575886,-15.472748869,14.397569204));
#3830=CARTESIAN_POINT('',(-36.938168737,-15.582475188,14.256685466));
#3831=CARTESIAN_POINT('',(-36.932252622,-15.699313163,14.124693252));
#3832=CARTESIAN_POINT('',(-36.920420394,-15.932989113,13.860708824));
#3833=CARTESIAN_POINT('',(-36.926989654,-16.196650444,13.628063539));
#3834=CARTESIAN_POINT('',(-36.927987415,-16.492816975,13.429935495));
#3835=B_SPLINE_CURVE_WITH_KNOTS('',3,(#3825,#3826,#3827,#3828,#3829,#3830,#3831,#3832,#3833,#3834),.UNSPECIFIED.,.F.,.F.,(4,3,3,4),(0.,0.000526932,0.001053863,0.002107726),.UNSPECIFIED.);
#3836=EDGE_CURVE('9:4977',#1122,#2840,#3835,.T.);
#3837=ORIENTED_EDGE('',*,*,#3836,.T.);
#3838=ORIENTED_EDGE('',*,*,#2846,.F.);
#3839=ORIENTED_EDGE('',*,*,#2241,.F.);
#3840=ORIENTED_EDGE('',*,*,#3445,.F.);
#3841=CARTESIAN_POINT('',(-37.206998566,-18.381764271,17.5));
#3842=DIRECTION('',(-0.442934079,0.896554182,0.));
#3843=DIRECTION('',(-0.896554182,-0.442934079,0.));
#3844=AXIS2_PLACEMENT_3D('',#3841,#3842,#3843);
#3845=CIRCLE('',#3844,1.5);
#3846=EDGE_CURVE('9:2696',#1131,#747,#3845,.T.);
#3847=ORIENTED_EDGE('',*,*,#3846,.F.);
#3848=EDGE_LOOP('',(#3824,#3837,#3838,#3839,#3840,#3847));
#3849=FACE_BOUND('',#3848,.T.);
#3850=ADVANCED_FACE('9:2575',(#3849),#3823,.F.);
#3851=CARTESIAN_POINT('',(0.,0.,17.5));
#3852=DIRECTION('',(0.,0.,1.));
#3853=DIRECTION('',(1.,0.,-0.));
#3854=AXIS2_PLACEMENT_3D('',#3851,#3852,#3853);
#3855=TOROIDAL_SURFACE('',#3854,41.5,1.5);
#3856=ORIENTED_EDGE('',*,*,#3846,.T.);
#3857=ORIENTED_EDGE('',*,*,#753,.F.);
#3858=CARTESIAN_POINT('',(-34.726303874,-22.722979981,17.5));
#3859=DIRECTION('',(-0.547541686,0.836778407,0.));
#3860=DIRECTION('',(-0.836778407,-0.547541686,0.));
#3861=AXIS2_PLACEMENT_3D('',#3858,#3859,#3860);
#3862=CIRCLE('',#3861,1.5);
#3863=EDGE_CURVE('9:2687',#1161,#739,#3862,.T.);
#3864=ORIENTED_EDGE('',*,*,#3863,.F.);
#3865=ORIENTED_EDGE('',*,*,#1167,.F.);
#3866=EDGE_LOOP('',(#3856,#3857,#3864,#3865));
#3867=FACE_BOUND('',#3866,.T.);
#3868=ADVANCED_FACE('9:2572',(#3867),#3855,.F.);
#3869=CARTESIAN_POINT('',(-33.471136264,-21.901667452,17.5));
#3870=CARTESIAN_POINT('',(-33.471136264,-21.901667452,17.303650459));
#3871=CARTESIAN_POINT('',(-33.503804918,-21.923044018,17.107378173));
#3872=CARTESIAN_POINT('',(-33.629555502,-22.005328272,16.744571529));
#3873=CARTESIAN_POINT('',(-33.722587955,-22.066203584,16.57817992));
#3874=CARTESIAN_POINT('',(-33.954944737,-22.21824506,16.300499736));
#3875=CARTESIAN_POINT('',(-34.094177642,-22.309351403,16.189320417));
#3876=CARTESIAN_POINT('',(-34.397766408,-22.508003164,16.039040985));
#3877=CARTESIAN_POINT('',(-34.562002818,-22.615470422,16.));
#3878=CARTESIAN_POINT('',(-34.726303874,-22.722979981,16.));
#3879=CARTESIAN_POINT('',(-33.381206604,-22.039102099,17.5));
#3880=CARTESIAN_POINT('',(-33.387291046,-22.029803574,17.304077397));
#3881=CARTESIAN_POINT('',(-33.425810158,-22.041925309,17.108231213));
#3882=CARTESIAN_POINT('',(-33.561932805,-22.107195927,16.746085128));
#3883=CARTESIAN_POINT('',(-33.659483209,-22.160319411,16.579926479));
#3884=CARTESIAN_POINT('',(-33.89891836,-22.299574614,16.302375868));
#3885=CARTESIAN_POINT('',(-34.040709691,-22.38565206,16.191092163));
#3886=CARTESIAN_POINT('',(-34.347157367,-22.577790868,16.040210119));
#3887=CARTESIAN_POINT('',(-34.511694173,-22.683777308,16.000670633));
#3888=CARTESIAN_POINT('',(-34.675196535,-22.791727731,16.));
#3889=CARTESIAN_POINT('',(-33.291727518,-22.174001863,17.485640848));
#3890=CARTESIAN_POINT('',(-33.303876304,-22.15568558,17.291163206));
#3891=CARTESIAN_POINT('',(-33.348200747,-22.158811305,17.096760626));
#3892=CARTESIAN_POINT('',(-33.494577195,-22.207487572,16.737132854));
#3893=CARTESIAN_POINT('',(-33.596572649,-22.253019398,16.572046468));
#3894=CARTESIAN_POINT('',(-33.84294368,-22.379677786,16.295978751));
#3895=CARTESIAN_POINT('',(-33.98722412,-22.460755511,16.185103975));
#3896=CARTESIAN_POINT('',(-34.296427946,-22.646305338,16.034228275));
#3897=CARTESIAN_POINT('',(-34.461231958,-22.750705843,15.994285589));
#3898=CARTESIAN_POINT('',(-34.623933208,-22.858937838,15.992820424));
#3899=CARTESIAN_POINT('',(-33.113695035,-22.438999107,17.429474432));
#3900=CARTESIAN_POINT('',(-33.137876622,-22.403238469,17.239769562));
#3901=CARTESIAN_POINT('',(-33.193672957,-22.388921924,17.050136192));
#3902=CARTESIAN_POINT('',(-33.360254997,-22.405297603,16.69899897));
#3903=CARTESIAN_POINT('',(-33.470977863,-22.435983727,16.537627461));
#3904=CARTESIAN_POINT('',(-33.730941567,-22.537829912,16.26709437));
#3905=CARTESIAN_POINT('',(-33.880084381,-22.608951639,16.158034753));
#3906=CARTESIAN_POINT('',(-34.194677367,-22.781099592,16.008425042));
#3907=CARTESIAN_POINT('',(-34.360008941,-22.882060958,15.967931341));
#3908=CARTESIAN_POINT('',(-34.521174578,-22.990459854,15.964737211));
#3909=CARTESIAN_POINT('',(-33.025141032,-22.569096058,17.387666544));
#3910=CARTESIAN_POINT('',(-33.055291086,-22.524908912,17.201289557));
#3911=CARTESIAN_POINT('',(-33.116753975,-22.502146188,17.014981859));
#3912=CARTESIAN_POINT('',(-33.293287778,-22.502815744,16.669817002));
#3913=CARTESIAN_POINT('',(-33.408292986,-22.526247859,16.511088166));
#3914=CARTESIAN_POINT('',(-33.674913453,-22.615878673,16.244606894));
#3915=CARTESIAN_POINT('',(-33.826429519,-22.682044104,16.136953532));
#3916=CARTESIAN_POINT('',(-34.143655512,-22.847379073,15.988603463));
#3917=CARTESIAN_POINT('',(-34.309247449,-22.94648716,15.947961915));
#3918=CARTESIAN_POINT('',(-34.469678604,-23.054771289,15.943833272));
#3919=CARTESIAN_POINT('',(-32.849197091,-22.824423049,17.275465407));
#3920=CARTESIAN_POINT('',(-32.891128287,-22.764007053,17.097609012));
#3921=CARTESIAN_POINT('',(-32.963733248,-22.724937673,16.919816795));
#3922=CARTESIAN_POINT('',(-33.159794094,-22.695145956,16.590045323));
#3923=CARTESIAN_POINT('',(-33.283179154,-22.704434455,16.438185062));
#3924=CARTESIAN_POINT('',(-33.562826216,-22.77004561,16.182454078));
#3925=CARTESIAN_POINT('',(-33.718987238,-22.826344648,16.078675635));
#3926=CARTESIAN_POINT('',(-34.041418133,-22.977800271,15.9342857));
#3927=CARTESIAN_POINT('',(-34.207571603,-23.072902222,15.893726317));
#3928=CARTESIAN_POINT('',(-34.366659216,-23.180508754,15.887732703));
#3929=CARTESIAN_POINT('',(-32.764249322,-22.946112757,17.206615534));
#3930=CARTESIAN_POINT('',(-32.811829361,-22.878119372,17.033832843));
#3931=CARTESIAN_POINT('',(-32.889755079,-22.831415681,16.861111504));
#3932=CARTESIAN_POINT('',(-33.095120381,-22.787291537,16.540546534));
#3933=CARTESIAN_POINT('',(-33.222486957,-22.789886839,16.392816723));
#3934=CARTESIAN_POINT('',(-33.508324003,-22.844027472,16.143635804));
#3935=CARTESIAN_POINT('',(-33.666692895,-22.895553633,16.042273173));
#3936=CARTESIAN_POINT('',(-33.991624841,-23.040136085,15.900531802));
#3937=CARTESIAN_POINT('',(-34.158072448,-23.133141053,15.860203397));
#3938=CARTESIAN_POINT('',(-34.316570344,-23.240194317,15.853307788));
#3939=CARTESIAN_POINT('',(-32.600670272,-23.177929633,17.044659012));
#3940=CARTESIAN_POINT('',(-32.659031253,-23.095788271,16.883472409));
#3941=CARTESIAN_POINT('',(-32.747077158,-23.034795748,16.722341164));
#3942=CARTESIAN_POINT('',(-32.970115055,-22.963718988,16.422908407));
#3943=CARTESIAN_POINT('',(-33.105030354,-22.953659253,16.284709727));
#3944=CARTESIAN_POINT('',(-33.402620985,-22.985923236,16.050833594));
#3945=CARTESIAN_POINT('',(-33.565194023,-23.028235932,15.955236462));
#3946=CARTESIAN_POINT('',(-33.894964005,-23.159260355,15.820203618));
#3947=CARTESIAN_POINT('',(-34.062047618,-23.247927097,15.780814287));
#3948=CARTESIAN_POINT('',(-34.219547036,-23.353496908,15.772329485));
#3949=CARTESIAN_POINT('',(-32.521997752,-23.28811305,16.951527025));
#3950=CARTESIAN_POINT('',(-32.585493608,-23.199397663,16.796864782));
#3951=CARTESIAN_POINT('',(-32.678341528,-23.131747126,16.642254727));
#3952=CARTESIAN_POINT('',(-32.909752025,-23.048043568,16.354751241));
#3953=CARTESIAN_POINT('',(-33.048236407,-23.032018885,16.221954825));
#3954=CARTESIAN_POINT('',(-33.35139349,-23.053871368,15.996835869));
#3955=CARTESIAN_POINT('',(-33.515963781,-23.091741213,15.904589296));
#3956=CARTESIAN_POINT('',(-33.848071778,-23.216077443,15.773617259));
#3957=CARTESIAN_POINT('',(-34.015497315,-23.302501876,15.734935996));
#3958=CARTESIAN_POINT('',(-34.172587625,-23.407141123,15.725763512));
#3959=CARTESIAN_POINT('',(-32.371542232,-23.496804053,16.739900219));
#3960=CARTESIAN_POINT('',(-32.444757419,-23.395892866,16.599714999));
#3961=CARTESIAN_POINT('',(-32.546667104,-23.31586106,16.459575436));
#3962=CARTESIAN_POINT('',(-32.793863905,-23.20856295,16.198639217));
#3963=CARTESIAN_POINT('',(-32.939070393,-23.181331692,16.077927545));
#3964=CARTESIAN_POINT('',(-33.252738822,-23.183454082,15.872600003));
#3965=CARTESIAN_POINT('',(-33.421098481,-23.212807094,15.78805101));
#3966=CARTESIAN_POINT('',(-33.757727643,-23.324067701,15.666798071));
#3967=CARTESIAN_POINT('',(-33.925887394,-23.405939063,15.630133624));
#3968=CARTESIAN_POINT('',(-34.082336449,-23.508426795,15.619950109));
#3969=CARTESIAN_POINT('',(-32.301791338,-23.592498869,16.624226962));
#3970=CARTESIAN_POINT('',(-32.379460334,-23.486129099,16.491799957));
#3971=CARTESIAN_POINT('',(-32.48550823,-23.400539948,16.359415347));
#3972=CARTESIAN_POINT('',(-32.739907343,-23.282590992,16.112760702));
#3973=CARTESIAN_POINT('',(-32.888177029,-23.250269024,15.998569603));
#3974=CARTESIAN_POINT('',(-33.206650055,-23.243339513,15.804011964));
#3975=CARTESIAN_POINT('',(-33.37675135,-23.268734233,15.723707689));
#3976=CARTESIAN_POINT('',(-33.715503412,-23.373786372,15.60798547));
#3977=CARTESIAN_POINT('',(-33.884045649,-23.453410168,15.572604564));
#3978=CARTESIAN_POINT('',(-34.040270941,-23.554708058,15.562113516));
#3979=CARTESIAN_POINT('',(-32.173578032,-23.767048685,16.374503478));
#3980=CARTESIAN_POINT('',(-32.259352246,-23.650907028,16.258506785));
#3981=CARTESIAN_POINT('',(-32.372911788,-23.555347428,16.142545993));
#3982=CARTESIAN_POINT('',(-32.640377508,-23.418205292,15.926228674));
#3983=CARTESIAN_POINT('',(-32.794200808,-23.376665286,15.825939068));
#3984=CARTESIAN_POINT('',(-33.121409009,-23.353219953,15.654531507));
#3985=CARTESIAN_POINT('',(-33.294692539,-23.371321931,15.583466581));
#3986=CARTESIAN_POINT('',(-33.637392351,-23.464753137,15.480133751));
#3987=CARTESIAN_POINT('',(-33.806702474,-23.540053456,15.447897819));
#3988=CARTESIAN_POINT('',(-33.962626705,-23.638893638,15.437251703));
#3989=CARTESIAN_POINT('',(-32.115048106,-23.84599325,16.24036181));
#3990=CARTESIAN_POINT('',(-32.204478058,-23.725533411,16.133043432));
#3991=CARTESIAN_POINT('',(-32.321415015,-23.625555699,16.02575772));
#3992=CARTESIAN_POINT('',(-32.594751896,-23.479861509,15.825507571));
#3993=CARTESIAN_POINT('',(-32.751068492,-23.434189469,15.732604087));
#3994=CARTESIAN_POINT('',(-33.082211739,-23.403271693,15.573585245));
#3995=CARTESIAN_POINT('',(-33.256937452,-23.418035411,15.507518292));
#3996=CARTESIAN_POINT('',(-33.601463996,-23.506047975,15.411048421));
#3997=CARTESIAN_POINT('',(-33.77115982,-23.579270021,15.380674871));
#3998=CARTESIAN_POINT('',(-33.927006503,-23.676840911,15.370180904));
#3999=CARTESIAN_POINT('',(-32.010054517,-23.986748816,15.952665059));
#4000=CARTESIAN_POINT('',(-32.105986015,-23.858711047,15.863663337));
#4001=CARTESIAN_POINT('',(-32.228918168,-23.750966095,15.774687895));
#4002=CARTESIAN_POINT('',(-32.512675466,-23.590181323,15.608437346));
#4003=CARTESIAN_POINT('',(-32.673416672,-23.537189086,15.53121133));
#4004=CARTESIAN_POINT('',(-33.011563267,-23.492951017,15.398667575));
#4005=CARTESIAN_POINT('',(-33.188868639,-23.501718297,15.343388975));
#4006=CARTESIAN_POINT('',(-33.536713425,-23.579879808,15.262055139));
#4007=CARTESIAN_POINT('',(-33.707149962,-23.649250946,15.236023923));
#4008=CARTESIAN_POINT('',(-33.862935983,-23.744369234,15.226332529));
#4009=CARTESIAN_POINT('',(-31.964967932,-24.04671942,15.802791397));
#4010=CARTESIAN_POINT('',(-32.06365991,-23.915520607,15.723194018));
#4011=CARTESIAN_POINT('',(-32.189130919,-23.804527559,15.643619833));
#4012=CARTESIAN_POINT('',(-32.477299766,-23.637400372,15.494867199));
#4013=CARTESIAN_POINT('',(-32.639913506,-23.581315017,15.425732096));
#4014=CARTESIAN_POINT('',(-32.981034766,-23.531402003,15.306935999));
#4015=CARTESIAN_POINT('',(-33.159442739,-23.537588924,15.257309623));
#4016=CARTESIAN_POINT('',(-33.508733408,-23.611445978,15.184054668));
#4017=CARTESIAN_POINT('',(-33.679514177,-23.679094573,15.160447437));
#4018=CARTESIAN_POINT('',(-33.835316953,-23.773061633,15.151395698));
#4019=CARTESIAN_POINT('',(-31.889825544,-24.14628163,15.492812373));
#4020=CARTESIAN_POINT('',(-31.993090295,-24.009891685,15.432447425));
#4021=CARTESIAN_POINT('',(-32.122761551,-23.893557759,15.37209966));
#4022=CARTESIAN_POINT('',(-32.418228327,-23.715974743,15.259197558));
#4023=CARTESIAN_POINT('',(-32.583939572,-23.654776315,15.206675358));
#4024=CARTESIAN_POINT('',(-32.929991496,-23.595443023,15.116241614));
#4025=CARTESIAN_POINT('',(-33.110233478,-23.597325096,15.078355813));
#4026=CARTESIAN_POINT('',(-33.461953722,-23.663946048,15.022117542));
#4027=CARTESIAN_POINT('',(-33.633331675,-23.728665939,15.003781083));
#4028=CARTESIAN_POINT('',(-33.789200154,-23.820631424,14.996406186));
#4029=CARTESIAN_POINT('',(-31.85968603,-24.18598266,15.332482471));
#4030=CARTESIAN_POINT('',(-31.96476825,-24.047557029,15.281959807));
#4031=CARTESIAN_POINT('',(-32.096105626,-23.929124537,15.231451396));
#4032=CARTESIAN_POINT('',(-32.394466952,-23.747416711,15.13692829));
#4033=CARTESIAN_POINT('',(-32.561406606,-23.684192715,15.092940262));
#4034=CARTESIAN_POINT('',(-32.909419953,-23.621103674,15.017141843));
#4035=CARTESIAN_POINT('',(-33.090395326,-23.621256457,14.985352836));
#4036=CARTESIAN_POINT('',(-33.443101828,-23.684937629,14.938064324));
#4037=CARTESIAN_POINT('',(-33.614733314,-23.74844803,14.922578159));
#4038=CARTESIAN_POINT('',(-33.770650727,-23.839560878,14.916241235));
#4039=CARTESIAN_POINT('',(-31.815181076,-24.244496369,15.000660152));
#4040=CARTESIAN_POINT('',(-31.922938674,-24.103086921,14.970368895));
#4041=CARTESIAN_POINT('',(-32.056727086,-23.981576443,14.940086055));
#4042=CARTESIAN_POINT('',(-32.359346555,-23.793810748,14.883384826));
#4043=CARTESIAN_POINT('',(-32.528093314,-23.727607837,14.856982193));
#4044=CARTESIAN_POINT('',(-32.878995197,-23.658983834,14.811427515));
#4045=CARTESIAN_POINT('',(-33.061052575,-23.656581863,14.792288128));
#4046=CARTESIAN_POINT('',(-33.415221512,-23.715904088,14.763717063));
#4047=CARTESIAN_POINT('',(-33.587234418,-23.777611765,14.754293324));
#4048=CARTESIAN_POINT('',(-33.743235342,-23.86744147,14.750330076));
#4049=CARTESIAN_POINT('',(-31.801409963,-24.262530899,14.833323067));
#4050=CARTESIAN_POINT('',(-31.909990082,-24.120212472,14.813168317));
#4051=CARTESIAN_POINT('',(-32.044531031,-23.997763019,14.793019152));
#4052=CARTESIAN_POINT('',(-32.34845782,-23.808144112,14.755288321));
#4053=CARTESIAN_POINT('',(-32.517759379,-23.741027242,14.73771711));
#4054=CARTESIAN_POINT('',(-32.86955004,-23.670697583,14.707392364));
#4055=CARTESIAN_POINT('',(-33.051941586,-23.667504296,14.69464723));
#4056=CARTESIAN_POINT('',(-33.406566879,-23.725466155,14.675608422));
#4057=CARTESIAN_POINT('',(-33.578702284,-23.786605228,14.669320022));
#4058=CARTESIAN_POINT('',(-33.73473622,-23.876022388,14.666661534));
#4059=CARTESIAN_POINT('',(-31.790468317,-24.276865643,14.497895809));
#4060=CARTESIAN_POINT('',(-31.899702368,-24.133823867,14.498026608));
#4061=CARTESIAN_POINT('',(-32.034841692,-24.0106273,14.498157366));
#4062=CARTESIAN_POINT('',(-32.339808003,-23.819534272,14.498401112));
#4063=CARTESIAN_POINT('',(-32.509550716,-23.751690616,14.498514024));
#4064=CARTESIAN_POINT('',(-32.862047952,-23.680005206,14.498706643));
#4065=CARTESIAN_POINT('',(-33.044705068,-23.676183261,14.49878629));
#4066=CARTESIAN_POINT('',(-33.399692675,-23.733065185,14.498901457));
#4067=CARTESIAN_POINT('',(-33.571925072,-23.793753336,14.498936942));
#4068=CARTESIAN_POINT('',(-33.72798469,-23.882843936,14.498947904));
#4069=CARTESIAN_POINT('',(-31.793252818,-24.27322448,14.32947292));
#4070=CARTESIAN_POINT('',(-31.90232097,-24.130365409,14.33977278));
#4071=CARTESIAN_POINT('',(-32.037308591,-24.007357679,14.350069801));
#4072=CARTESIAN_POINT('',(-32.34201136,-23.816637751,14.369355242));
#4073=CARTESIAN_POINT('',(-32.511642233,-23.748978304,14.378338348));
#4074=CARTESIAN_POINT('',(-32.863960148,-23.677637244,14.393848659));
#4075=CARTESIAN_POINT('',(-33.046549744,-23.673975365,14.400371589));
#4076=CARTESIAN_POINT('',(-33.40144478,-23.731133244,14.410127621));
#4077=CARTESIAN_POINT('',(-33.573652062,-23.791937194,14.413358034));
#4078=CARTESIAN_POINT('',(-33.72970445,-23.881112401,14.41473646));
#4079=CARTESIAN_POINT('',(-31.815989455,-24.243414908,13.991150104));
#4080=CARTESIAN_POINT('',(-31.923697076,-24.102063391,14.021945563));
#4081=CARTESIAN_POINT('',(-32.057439438,-23.98061233,14.052732452));
#4082=CARTESIAN_POINT('',(-32.359978889,-23.79296222,14.110374748));
#4083=CARTESIAN_POINT('',(-32.528691685,-23.726815454,14.137214115));
#4084=CARTESIAN_POINT('',(-32.879539791,-23.658293819,14.183516842));
#4085=CARTESIAN_POINT('',(-33.061577347,-23.655938042,14.202967318));
#4086=CARTESIAN_POINT('',(-33.415720714,-23.71533642,14.231993496));
#4087=CARTESIAN_POINT('',(-33.587727854,-23.777074026,14.241561122));
#4088=CARTESIAN_POINT('',(-33.743729124,-23.866922996,14.245575052));
#4089=CARTESIAN_POINT('',(-31.835673581,-24.217595963,13.825626193));
#4090=CARTESIAN_POINT('',(-31.942202408,-24.077551929,13.86648432));
#4091=CARTESIAN_POINT('',(-32.074865689,-23.957450736,13.907331014));
#4092=CARTESIAN_POINT('',(-32.37553052,-23.772461772,13.983794266));
#4093=CARTESIAN_POINT('',(-32.543447765,-23.707625877,14.019389431));
#4094=CARTESIAN_POINT('',(-32.893022567,-23.641546292,14.080769026));
#4095=CARTESIAN_POINT('',(-33.074582107,-23.640321137,14.106536284));
#4096=CARTESIAN_POINT('',(-33.428075403,-23.701657308,14.144940769));
#4097=CARTESIAN_POINT('',(-33.599910046,-23.764201443,14.157567252));
#4098=CARTESIAN_POINT('',(-33.755868293,-23.854631145,14.162813097));
#4099=CARTESIAN_POINT('',(-31.890637644,-24.145171302,13.503121614));
#4100=CARTESIAN_POINT('',(-31.993850593,-24.008844267,13.563741905));
#4101=CARTESIAN_POINT('',(-32.123473781,-23.892574453,13.624344928));
#4102=CARTESIAN_POINT('',(-32.418856968,-23.715114533,13.737722045));
#4103=CARTESIAN_POINT('',(-32.584532703,-23.653975057,13.790463843));
#4104=CARTESIAN_POINT('',(-32.930528953,-23.594746886,13.881270575));
#4105=CARTESIAN_POINT('',(-33.110750767,-23.596675095,13.919309643));
#4106=CARTESIAN_POINT('',(-33.462446398,-23.663368791,13.975766792));
#4107=CARTESIAN_POINT('',(-33.633819891,-23.728115262,13.994168791));
#4108=CARTESIAN_POINT('',(-33.789690894,-23.820095135,14.001560807));
#4109=CARTESIAN_POINT('',(-31.925937337,-24.098541662,13.345868813));
#4110=CARTESIAN_POINT('',(-32.027012025,-23.964625127,13.4162049));
#4111=CARTESIAN_POINT('',(-32.154673154,-23.850837877,13.486520739));
#4112=CARTESIAN_POINT('',(-32.446647538,-23.678248055,13.618021329));
#4113=CARTESIAN_POINT('',(-32.610876578,-23.619495277,13.679168225));
#4114=CARTESIAN_POINT('',(-32.954566413,-23.564678774,13.784349942));
#4115=CARTESIAN_POINT('',(-33.133928085,-23.568630878,13.828354485));
#4116=CARTESIAN_POINT('',(-33.484475521,-23.638746467,13.893501755));
#4117=CARTESIAN_POINT('',(-33.655560189,-23.704889748,13.914625727));
#4118=CARTESIAN_POINT('',(-33.811386903,-23.797839891,13.922934407));
#4119=CARTESIAN_POINT('',(-32.003422655,-23.995503279,13.071759379));
#4120=CARTESIAN_POINT('',(-32.099755912,-23.8670136,13.159239623));
#4121=CARTESIAN_POINT('',(-32.223056617,-23.758803118,13.24669407));
#4122=CARTESIAN_POINT('',(-32.507454089,-23.597104728,13.410110307));
#4123=CARTESIAN_POINT('',(-32.668466907,-23.54366456,13.486023908));
#4124=CARTESIAN_POINT('',(-33.007046448,-23.498598053,13.616330788));
#4125=CARTESIAN_POINT('',(-33.184513235,-23.506985028,13.670685641));
#4126=CARTESIAN_POINT('',(-33.532573472,-23.584503033,13.750687216));
#4127=CARTESIAN_POINT('',(-33.70306419,-23.653611193,13.776310344));
#4128=CARTESIAN_POINT('',(-33.858858525,-23.748546509,13.78587969));
#4129=CARTESIAN_POINT('',(-32.042058269,-23.943932015,12.955427251));
#4130=CARTESIAN_POINT('',(-32.136007962,-23.818191516,13.050275103));
#4131=CARTESIAN_POINT('',(-32.257113937,-23.712802627,13.145094644));
#4132=CARTESIAN_POINT('',(-32.537698874,-23.556599752,13.322198409));
#4133=CARTESIAN_POINT('',(-32.697094068,-23.505832411,13.40442977));
#4134=CARTESIAN_POINT('',(-33.033111176,-23.465648448,13.545429443));
#4135=CARTESIAN_POINT('',(-33.209632776,-23.476243832,13.60415567));
#4136=CARTESIAN_POINT('',(-33.556469575,-23.557415279,13.690332338));
#4137=CARTESIAN_POINT('',(-33.726681234,-23.627967114,13.717757057));
#4138=CARTESIAN_POINT('',(-33.882485309,-23.723842235,13.727713625));
#4139=CARTESIAN_POINT('',(-32.084660234,-23.886709741,12.844384936));
#4140=CARTESIAN_POINT('',(-32.175958499,-23.764070706,12.946348425));
#4141=CARTESIAN_POINT('',(-32.29461804,-23.661858765,13.048281056));
#4142=CARTESIAN_POINT('',(-32.570952039,-23.511819179,13.23857902));
#4143=CARTESIAN_POINT('',(-32.72854301,-23.464036853,13.326886761));
#4144=CARTESIAN_POINT('',(-33.061710001,-23.429270466,13.478119626));
#4145=CARTESIAN_POINT('',(-33.237185355,-23.442296887,13.540998983));
#4146=CARTESIAN_POINT('',(-33.582688299,-23.52744112,13.632952923));
#4147=CARTESIAN_POINT('',(-33.75261149,-23.599533175,13.661999682));
#4148=CARTESIAN_POINT('',(-33.908457927,-23.696371237,13.672192468));
#4149=B_SPLINE_SURFACE_WITH_KNOTS('',3,3,((#3869,#3870,#3871,#3872,#3873,#3874,#3875,#3876,#3877,#3878),(#3879,#3880,#3881,#3882,#3883,#3884,#3885,#3886,#3887,#3888),(#3889,#3890,#3891,#3892,#3893,#3894,#3895,#3896,#3897,#3898),(#3899,#3900,#3901,#3902,#3903,#3904,#3905,#3906,#3907,#3908),(#3909,#3910,#3911,#3912,#3913,#3914,#3915,#3916,#3917,#3918),(#3919,#3920,#3921,#3922,#3923,#3924,#3925,#3926,#3927,#3928),(#3929,#3930,#3931,#3932,#3933,#3934,#3935,#3936,#3937,#3938),(#3939,#3940,#3941,#3942,#3943,#3944,#3945,#3946,#3947,#3948),(#3949,#3950,#3951,#3952,#3953,#3954,#3955,#3956,#3957,#3958),(#3959,#3960,#3961,#3962,#3963,#3964,#3965,#3966,#3967,#3968),(#3969,#3970,#3971,#3972,#3973,#3974,#3975,#3976,#3977,#3978),(#3979,#3980,#3981,#3982,#3983,#3984,#3985,#3986,#3987,#3988),(#3989,#3990,#3991,#3992,#3993,#3994,#3995,#3996,#3997,#3998),(#3999,#4000,#4001,#4002,#4003,#4004,#4005,#4006,#4007,#4008),(#4009,#4010,#4011,#4012,#4013,#4014,#4015,#4016,#4017,#4018),(#4019,#4020,#4021,#4022,#4023,#4024,#4025,#4026,#4027,#4028),(#4029,#4030,#4031,#4032,#4033,#4034,#4035,#4036,#4037,#4038),(#4039,#4040,#4041,#4042,#4043,#4044,#4045,#4046,#4047,#4048),(#4049,#4050,#4051,#4052,#4053,#4054,#4055,#4056,#4057,#4058),(#4059,#4060,#4061,#4062,#4063,#4064,#4065,#4066,#4067,#4068),(#4069,#4070,#4071,#4072,#4073,#4074,#4075,#4076,#4077,#4078),(#4079,#4080,#4081,#4082,#4083,#4084,#4085,#4086,#4087,#4088),(#4089,#4090,#4091,#4092,#4093,#4094,#4095,#4096,#4097,#4098),(#4099,#4100,#4101,#4102,#4103,#4104,#4105,#4106,#4107,#4108),(#4109,#4110,#4111,#4112,#4113,#4114,#4115,#4116,#4117,#4118),(#4119,#4120,#4121,#4122,#4123,#4124,#4125,#4126,#4127,#4128),
(#4129,#4130,#4131,#4132,#4133,#4134,#4135,#4136,#4137,#4138),(#4139,#4140,#4141,#4142,#4143,#4144,#4145,#4146,#4147,#4148)),.UNSPECIFIED.,.F.,.F.,.U.,(4,2,2,2,2,2,2,2,2,2,2,2,2,4),(4,2,2,2,4),(0.00970138,0.010205258,0.010709135,0.011213013,0.01171689,0.012220768,0.012724645,0.013228523,0.0137324,0.014236278,0.014740155,0.015244033,0.01574791,0.016146172),(0.,0.25,0.5,0.75,1.),.UNSPECIFIED.);
#4150=ORIENTED_EDGE('',*,*,#2992,.F.);
#4151=CARTESIAN_POINT('',(-32.957251313,-23.441605155,13.429935495));
#4152=CARTESIAN_POINT('',(-32.701585899,-23.591107015,13.628063539));
#4153=CARTESIAN_POINT('',(-32.471096359,-23.719306174,13.860708824));
#4154=CARTESIAN_POINT('',(-32.275782672,-23.848135577,14.124693252));
#4155=CARTESIAN_POINT('',(-32.178125829,-23.912550278,14.256685466));
#4156=CARTESIAN_POINT('',(-32.088876014,-23.977223645,14.397569204));
#4157=CARTESIAN_POINT('',(-32.011787702,-24.042366527,14.543996474));
#4158=CARTESIAN_POINT('',(-31.934699389,-24.107509409,14.690423744));
#4159=CARTESIAN_POINT('',(-31.869394054,-24.173310067,14.843131172));
#4160=CARTESIAN_POINT('',(-31.81798243,-24.240791944,15.));
#4161=B_SPLINE_CURVE_WITH_KNOTS('',3,(#4151,#4152,#4153,#4154,#4155,#4156,#4157,#4158,#4159,#4160),.UNSPECIFIED.,.F.,.F.,(4,3,3,4),(0.,0.001053863,0.001580795,0.002107726),.UNSPECIFIED.);
#4162=EDGE_CURVE('9:4974',#2967,#1170,#4161,.T.);
#4163=ORIENTED_EDGE('',*,*,#4162,.T.);
#4164=ORIENTED_EDGE('',*,*,#1197,.F.);
#4165=ORIENTED_EDGE('',*,*,#3863,.T.);
#4166=ORIENTED_EDGE('',*,*,#3514,.F.);
#4167=ORIENTED_EDGE('',*,*,#2185,.F.);
#4168=EDGE_LOOP('',(#4150,#4163,#4164,#4165,#4166,#4167));
#4169=FACE_BOUND('',#4168,.T.);
#4170=ADVANCED_FACE('9:2569',(#4169),#4149,.F.);
#4171=CARTESIAN_POINT('',(-34.699634745,22.763684864,16.));
#4172=CARTESIAN_POINT('',(-34.535459869,22.655982717,16.));
#4173=CARTESIAN_POINT('',(-34.371349589,22.548322947,16.039040985));
#4174=CARTESIAN_POINT('',(-34.067993974,22.34931533,16.189320417));
#4175=CARTESIAN_POINT('',(-33.928867996,22.258045784,16.300499736));
#4176=CARTESIAN_POINT('',(-33.69668966,22.105731948,16.57817992));
#4177=CARTESIAN_POINT('',(-33.603728654,22.044747587,16.744571529));
#4178=CARTESIAN_POINT('',(-33.478074644,21.962315933,17.107378173));
#4179=CARTESIAN_POINT('',(-33.445431079,21.940901073,17.303650459));
#4180=CARTESIAN_POINT('',(-33.445431079,21.940901073,17.5));
#4181=CARTESIAN_POINT('',(-34.648215796,22.832267859,16.));
#4182=CARTESIAN_POINT('',(-34.484857636,22.724137179,16.000703443));
#4183=CARTESIAN_POINT('',(-34.32046848,22.617972321,16.040267317));
#4184=CARTESIAN_POINT('',(-34.014295681,22.425503753,16.191178843));
#4185=CARTESIAN_POINT('',(-33.872631419,22.339275058,16.302467655));
#4186=CARTESIAN_POINT('',(-33.633406222,22.199764456,16.580011927));
#4187=CARTESIAN_POINT('',(-33.535938582,22.146536896,16.746159178));
#4188=CARTESIAN_POINT('',(-33.399921696,22.081119074,17.108272946));
#4189=CARTESIAN_POINT('',(-33.361425518,22.068954257,17.304098285));
#4190=CARTESIAN_POINT('',(-33.355331831,22.078243117,17.5));
#4191=CARTESIAN_POINT('',(-34.596644965,22.899316063,15.992821698));
#4192=CARTESIAN_POINT('',(-34.434102584,22.790921001,15.994351495));
#4193=CARTESIAN_POINT('',(-34.269465011,22.686359709,16.034342203));
#4194=CARTESIAN_POINT('',(-33.960574142,22.500510325,16.185276007));
#4195=CARTESIAN_POINT('',(-33.816439996,22.419293884,16.29616089));
#4196=CARTESIAN_POINT('',(-33.570310461,22.292395708,16.572216326));
#4197=CARTESIAN_POINT('',(-33.468410036,22.246762859,16.737280417));
#4198=CARTESIAN_POINT('',(-33.322151817,22.19793432,17.096844919));
#4199=CARTESIAN_POINT('',(-33.277850482,22.194757387,17.291206666));
#4200=CARTESIAN_POINT('',(-33.265685786,22.213050988,17.485643397));
#4201=CARTESIAN_POINT('',(-34.493279015,23.030519855,15.964744733));
#4202=CARTESIAN_POINT('',(-34.332295634,22.92200049,15.968062304));
#4203=CARTESIAN_POINT('',(-34.167163183,22.82091945,16.008647657));
#4204=CARTESIAN_POINT('',(-33.852952671,22.648539018,16.158368482));
#4205=CARTESIAN_POINT('',(-33.703992865,22.577304465,16.267447615));
#4206=CARTESIAN_POINT('',(-33.444333619,22.475247268,16.537958081));
#4207=CARTESIAN_POINT('',(-33.333731926,22.444462972,16.69928763));
#4208=CARTESIAN_POINT('',(-33.167298881,22.427916131,17.050305545));
#4209=CARTESIAN_POINT('',(-33.111530208,22.442159738,17.239861837));
#4210=CARTESIAN_POINT('',(-33.087324095,22.477866207,17.429489478));
#4211=CARTESIAN_POINT('',(-34.441483227,23.094674967,15.943845757));
#4212=CARTESIAN_POINT('',(-34.281243048,22.986295778,15.948124836));
#4213=CARTESIAN_POINT('',(-34.115864128,22.887091497,15.988878038));
#4214=CARTESIAN_POINT('',(-33.799052049,22.721560924,16.137363618));
#4215=CARTESIAN_POINT('',(-33.647736477,22.655296023,16.245040901));
#4216=CARTESIAN_POINT('',(-33.381451891,22.565467361,16.511495145));
#4217=CARTESIAN_POINT('',(-33.266581735,22.541936871,16.670173249));
#4218=CARTESIAN_POINT('',(-33.090215224,22.541082332,17.015193704));
#4219=CARTESIAN_POINT('',(-33.028784377,22.563758517,17.201408055));
#4220=CARTESIAN_POINT('',(-32.998607848,22.607873022,17.387691514));
#4221=CARTESIAN_POINT('',(-34.337872061,23.22010569,15.887760347));
#4222=CARTESIAN_POINT('',(-34.178987763,23.11246153,15.893951121));
#4223=CARTESIAN_POINT('',(-34.013070823,23.017314897,15.934656779));
#4224=CARTESIAN_POINT('',(-33.691110801,22.865742423,16.079224788));
#4225=CARTESIAN_POINT('',(-33.53518361,22.809371096,16.183035119));
#4226=CARTESIAN_POINT('',(-33.255934896,22.743586227,16.438732572));
#4227=CARTESIAN_POINT('',(-33.132713913,22.734196294,16.590527696));
#4228=CARTESIAN_POINT('',(-32.936861849,22.763768499,16.920113182));
#4229=CARTESIAN_POINT('',(-32.864301312,22.802719908,17.097784965));
#4230=CARTESIAN_POINT('',(-32.822343905,22.863022178,17.275520693));
#4231=CARTESIAN_POINT('',(-34.28749466,23.279650752,15.853342262));
#4232=CARTESIAN_POINT('',(-34.129203595,23.172591116,15.860454189));
#4233=CARTESIAN_POINT('',(-33.963001799,23.079568961,15.900942978));
#4234=CARTESIAN_POINT('',(-33.638565234,22.934911075,16.042879749));
#4235=CARTESIAN_POINT('',(-33.480445353,22.883326522,16.144277496));
#4236=CARTESIAN_POINT('',(-33.195036246,22.829023906,16.393422278));
#4237=CARTESIAN_POINT('',(-33.067848108,22.826325003,16.541081144));
#4238=CARTESIAN_POINT('',(-32.862713306,22.870210792,16.861443379));
#4239=CARTESIAN_POINT('',(-32.784839326,22.916779864,17.03403338));
#4240=CARTESIAN_POINT('',(-32.737234735,22.984638217,17.206684482));
#4241=CARTESIAN_POINT('',(-34.189921328,23.392682378,15.772383178));
#4242=CARTESIAN_POINT('',(-34.032631876,23.287171207,15.781113123));
#4243=CARTESIAN_POINT('',(-33.865808989,23.198543364,15.820684122));
#4244=CARTESIAN_POINT('',(-33.536577677,23.067526442,15.955939));
#4245=CARTESIAN_POINT('',(-33.374281934,23.025182157,16.051576614));
#4246=CARTESIAN_POINT('',(-33.077176509,22.992776579,16.285414243));
#4247=CARTESIAN_POINT('',(-32.942468533,23.00272631,16.423534283));
#4248=CARTESIAN_POINT('',(-32.71970719,23.073522842,16.722741541));
#4249=CARTESIAN_POINT('',(-32.631730106,23.134345336,16.88372643));
#4250=CARTESIAN_POINT('',(-32.573351166,23.216307327,17.0447664));
#4251=CARTESIAN_POINT('',(-34.142698186,23.446198611,15.725828462));
#4252=CARTESIAN_POINT('',(-33.985817487,23.341651793,15.735255819));
#4253=CARTESIAN_POINT('',(-33.818658302,23.255294951,15.774125937));
#4254=CARTESIAN_POINT('',(-33.48710766,23.131008044,15.905329255));
#4255=CARTESIAN_POINT('',(-33.322827682,23.093119724,15.997618373));
#4256=CARTESIAN_POINT('',(-33.020183231,23.071134798,16.222698844));
#4257=CARTESIAN_POINT('',(-32.881920536,23.087045524,16.355414585));
#4258=CARTESIAN_POINT('',(-32.650810547,23.170446424,16.642686224));
#4259=CARTESIAN_POINT('',(-32.558040997,23.237908488,16.797145623));
#4260=CARTESIAN_POINT('',(-32.494531876,23.326421787,16.951656924));
#4261=CARTESIAN_POINT('',(-34.051943012,23.547243876,15.620041207));
#4262=CARTESIAN_POINT('',(-33.895700325,23.444916571,15.630489142));
#4263=CARTESIAN_POINT('',(-33.727815534,23.363169885,15.667349617));
#4264=CARTESIAN_POINT('',(-33.391776423,23.252041044,15.788843914));
#4265=CARTESIAN_POINT('',(-33.223731089,23.222694889,15.873438367));
#4266=CARTESIAN_POINT('',(-32.910627413,23.22045675,16.078730088));
#4267=CARTESIAN_POINT('',(-32.765670636,23.247565433,16.199360843));
#4268=CARTESIAN_POINT('',(-32.518822488,23.354515295,16.460063057));
#4269=CARTESIAN_POINT('',(-32.417011213,23.43432172,16.600050052));
#4270=CARTESIAN_POINT('',(-32.343793827,23.534985789,16.740082416));
#4271=CARTESIAN_POINT('',(-34.009636946,23.593423712,15.562209512));
#4272=CARTESIAN_POINT('',(-33.853615223,23.492319731,15.572964724));
#4273=CARTESIAN_POINT('',(-33.685350757,23.412848603,15.608541335));
#4274=CARTESIAN_POINT('',(-33.347201973,23.307968776,15.724504692));
#4275=CARTESIAN_POINT('',(-33.177425387,23.282593456,15.804854531));
#4276=CARTESIAN_POINT('',(-32.859540302,23.289416059,15.999377164));
#4277=CARTESIAN_POINT('',(-32.711533093,23.321611764,16.113488053));
#4278=CARTESIAN_POINT('',(-32.457504955,23.439191722,16.359910522));
#4279=CARTESIAN_POINT('',(-32.351564985,23.524538466,16.492143682));
#4280=CARTESIAN_POINT('',(-32.273899253,23.630640334,16.624418953));
#4281=CARTESIAN_POINT('',(-33.931556412,23.677418992,15.43736643));
#4282=CARTESIAN_POINT('',(-33.775829039,23.578836091,15.44826691));
#4283=CARTESIAN_POINT('',(-33.606800619,23.503740819,15.480691402));
#4284=CARTESIAN_POINT('',(-33.264726856,23.410556901,15.584257804));
#4285=CARTESIAN_POINT('',(-33.091786819,23.392496907,15.655367868));
#4286=CARTESIAN_POINT('',(-32.765209616,23.415849778,15.8267456));
#4287=CARTESIAN_POINT('',(-32.611673,23.45725541,15.926960578));
#4288=CARTESIAN_POINT('',(-32.344621678,23.593987419,16.143060429));
#4289=CARTESIAN_POINT('',(-32.23118921,23.689271657,16.258878865));
#4290=CARTESIAN_POINT('',(-32.145430204,23.8051056,16.374732934));
#4291=CARTESIAN_POINT('',(-33.895736642,23.715281314,15.370305298));
#4292=CARTESIAN_POINT('',(-33.740082921,23.617997725,15.38104413));
#4293=CARTESIAN_POINT('',(-33.570669892,23.545005328,15.411599346));
#4294=CARTESIAN_POINT('',(-33.226778769,23.457275049,15.508295063));
#4295=CARTESIAN_POINT('',(-33.052404807,23.442563708,15.574406321));
#4296=CARTESIAN_POINT('',(-32.721912037,23.473395415,15.733398912));
#4297=CARTESIAN_POINT('',(-32.565893312,23.518929098,15.826232165));
#4298=CARTESIAN_POINT('',(-32.292991334,23.664193686,16.02627667));
#4299=CARTESIAN_POINT('',(-32.176190733,23.763880573,16.133427429));
#4300=CARTESIAN_POINT('',(-32.086782096,23.884014128,16.240610599));
#4301=CARTESIAN_POINT('',(-33.831306335,23.782660735,15.226476543));
#4302=CARTESIAN_POINT('',(-33.675705424,23.68788476,15.23638543));
#4303=CARTESIAN_POINT('',(-33.505552889,23.618788146,15.262578535));
#4304=CARTESIAN_POINT('',(-33.158359195,23.540972614,15.3441157));
#4305=CARTESIAN_POINT('',(-32.981419996,23.532276524,15.399435851));
#4306=CARTESIAN_POINT('',(-32.643958457,23.576440038,15.531962312));
#4307=CARTESIAN_POINT('',(-32.483535228,23.629286642,15.609129766));
#4308=CARTESIAN_POINT('',(-32.20025008,23.789606538,15.775206283));
#4309=CARTESIAN_POINT('',(-32.077471371,23.897032717,15.864066655));
#4310=CARTESIAN_POINT('',(-31.981572691,24.024710702,15.952953087));
#4311=CARTESIAN_POINT('',(-33.803525338,23.811297769,15.151531963));
#4312=CARTESIAN_POINT('',(-33.647903818,23.717697566,15.160783521));
#4313=CARTESIAN_POINT('',(-33.477407075,23.650343582,15.184539446));
#4314=CARTESIAN_POINT('',(-33.128773263,23.576861372,15.257981343));
#4315=CARTESIAN_POINT('',(-32.950737184,23.570754419,15.307646069));
#4316=CARTESIAN_POINT('',(-32.610314944,23.620599166,15.426426933));
#4317=CARTESIAN_POINT('',(-32.448027402,23.676536412,15.495508712));
#4318=CARTESIAN_POINT('',(-32.16034594,23.843184858,15.644102627));
#4319=CARTESIAN_POINT('',(-32.035035366,23.953847768,15.72357178));
#4320=CARTESIAN_POINT('',(-31.936380814,24.084673039,15.803063926));
#4321=CARTESIAN_POINT('',(-33.757143534,23.858770688,14.996543712));
#4322=CARTESIAN_POINT('',(-33.601449519,23.767213229,15.004077391));
#4323=CARTESIAN_POINT('',(-33.430355388,23.702821379,15.022532583));
#4324=CARTESIAN_POINT('',(-33.07930142,23.636622849,15.078921992));
#4325=CARTESIAN_POINT('',(-32.899440931,23.634834891,15.11684028));
#4326=CARTESIAN_POINT('',(-32.554111767,23.694109207,15.207267235));
#4327=CARTESIAN_POINT('',(-32.388740825,23.755154691,15.259750359));
#4328=CARTESIAN_POINT('',(-32.093787949,23.932234381,15.372533692));
#4329=CARTESIAN_POINT('',(-31.964289496,24.048218458,15.432802044));
#4330=CARTESIAN_POINT('',(-31.861070665,24.184211192,15.493087424));
#4331=CARTESIAN_POINT('',(-33.738487008,23.877662477,14.916379415));
#4332=CARTESIAN_POINT('',(-33.582741113,23.786974481,14.922851681));
#4333=CARTESIAN_POINT('',(-33.411393172,23.723805733,14.938439536));
#4334=CARTESIAN_POINT('',(-33.059356415,23.660566334,14.985858864));
#4335=CARTESIAN_POINT('',(-32.87876627,23.660513404,15.017677064));
#4336=CARTESIAN_POINT('',(-32.531485077,23.72354726,15.093473543));
#4337=CARTESIAN_POINT('',(-32.364891369,23.786616373,15.137430607));
#4338=CARTESIAN_POINT('',(-32.067054648,23.967811002,15.231857636));
#4339=CARTESIAN_POINT('',(-31.935895118,24.085885725,15.282301173));
#4340=CARTESIAN_POINT('',(-31.830862338,24.223904644,15.332758831));
#4341=CARTESIAN_POINT('',(-33.710910462,23.905490592,14.750469781));
#4342=CARTESIAN_POINT('',(-33.555076597,23.816110854,14.754517184));
#4343=CARTESIAN_POINT('',(-33.383346705,23.754765197,14.764005498));
#4344=CARTESIAN_POINT('',(-33.029852361,23.695913854,14.792663191));
#4345=CARTESIAN_POINT('',(-32.848185576,23.698424424,14.811824672));
#4346=CARTESIAN_POINT('',(-32.498029392,23.766999392,14.857388071));
#4347=CARTESIAN_POINT('',(-32.329636739,23.833044838,14.883777433));
#4348=CARTESIAN_POINT('',(-32.027557312,24.020283324,14.940432014));
#4349=CARTESIAN_POINT('',(-31.893954003,24.141424625,14.970681618));
#4350=CARTESIAN_POINT('',(-31.786250843,24.28241361,15.000939563));
#4351=CARTESIAN_POINT('',(-33.702357373,23.914059456,14.666781421));
#4352=CARTESIAN_POINT('',(-33.546489035,23.825100317,14.669496636));
#4353=CARTESIAN_POINT('',(-33.374636368,23.764329885,14.675829228));
#4354=CARTESIAN_POINT('',(-33.020686876,23.706848609,14.694928997));
#4355=CARTESIAN_POINT('',(-32.838687402,23.710153576,14.707690925));
#4356=CARTESIAN_POINT('',(-32.487646199,23.78043689,14.738026309));
#4357=CARTESIAN_POINT('',(-32.318701021,23.847395907,14.755591428));
#4358=CARTESIAN_POINT('',(-32.015318488,24.036484095,14.793297041));
#4359=CARTESIAN_POINT('',(-31.880964575,24.158561259,14.813427175));
#4360=CARTESIAN_POINT('',(-31.772440106,24.300455373,14.833562841));
#4361=CARTESIAN_POINT('',(-33.695559289,23.920875099,14.499052365));
#4362=CARTESIAN_POINT('',(-33.539664099,23.832249097,14.499042842));
#4363=CARTESIAN_POINT('',(-33.367714171,23.771935091,14.499011133));
#4364=CARTESIAN_POINT('',(-33.013403132,23.715542046,14.498907699));
#4365=CARTESIAN_POINT('',(-32.831139121,23.719478461,14.498836007));
#4366=CARTESIAN_POINT('',(-32.479393949,23.791120397,14.49866244));
#4367=CARTESIAN_POINT('',(-32.310009184,23.858806284,14.498560619));
#4368=CARTESIAN_POINT('',(-32.005589914,24.049366602,14.498340742));
#4369=CARTESIAN_POINT('',(-31.870638836,24.172188809,14.498222755));
#4370=CARTESIAN_POINT('',(-31.76146104,24.314803603,14.49810473));
#4371=CARTESIAN_POINT('',(-33.697284522,23.919151446,14.414834846));
#4372=CARTESIAN_POINT('',(-33.54139684,23.830439471,14.413429784));
#4373=CARTESIAN_POINT('',(-33.369472007,23.77000869,14.410182679));
#4374=CARTESIAN_POINT('',(-33.01525301,23.713338598,14.40041358));
#4375=CARTESIAN_POINT('',(-32.833056009,23.71711483,14.393894255));
#4376=CARTESIAN_POINT('',(-32.481488835,23.78841296,14.378407602));
#4377=CARTESIAN_POINT('',(-32.312215099,23.8559153,14.369444505));
#4378=CARTESIAN_POINT('',(-32.008057684,24.046104407,14.350208267));
#4379=CARTESIAN_POINT('',(-31.873257438,24.168739003,14.339940383));
#4380=CARTESIAN_POINT('',(-31.764244768,24.311172445,14.329669692));
#4381=CARTESIAN_POINT('',(-33.711378315,23.905002099,14.245664818));
#4382=CARTESIAN_POINT('',(-33.555544062,23.815604057,14.241569108));
#4383=CARTESIAN_POINT('',(-33.383819524,23.754230037,14.231944631));
#4384=CARTESIAN_POINT('',(-33.030349113,23.695306631,14.202856921));
#4385=CARTESIAN_POINT('',(-32.848700922,23.697773528,14.183401717));
#4386=CARTESIAN_POINT('',(-32.498595271,23.766251788,14.137132281));
#4387=CARTESIAN_POINT('',(-32.330234564,23.832244227,14.110330819));
#4388=CARTESIAN_POINT('',(-32.028230474,24.019373645,14.052788356));
#4389=CARTESIAN_POINT('',(-31.894670552,24.140458909,14.022063237));
#4390=CARTESIAN_POINT('',(-31.787014511,24.281393283,13.991329635));
#4391=CARTESIAN_POINT('',(-33.723582691,23.892739562,14.16288459));
#4392=CARTESIAN_POINT('',(-33.56779348,23.80274988,14.157530386));
#4393=CARTESIAN_POINT('',(-33.396241641,23.740560677,14.144827299));
#4394=CARTESIAN_POINT('',(-33.043418907,23.679687527,14.106336458));
#4395=CARTESIAN_POINT('',(-32.862246143,23.681020503,14.080559386));
#4396=CARTESIAN_POINT('',(-32.513407176,23.747055251,14.019215098));
#4397=CARTESIAN_POINT('',(-32.345838,23.811738649,13.983664907));
#4398=CARTESIAN_POINT('',(-32.045700706,23.996214524,13.907322518));
#4399=CARTESIAN_POINT('',(-31.91321607,24.115955685,13.866551508));
#4400=CARTESIAN_POINT('',(-31.806735968,24.255589355,13.82576918));
#4401=CARTESIAN_POINT('',(-33.757587262,23.858286226,14.001618321));
#4402=CARTESIAN_POINT('',(-33.601890648,23.766716249,13.994069507));
#4403=CARTESIAN_POINT('',(-33.430800287,23.702300718,13.975555314));
#4404=CARTESIAN_POINT('',(-33.079768173,23.636036831,13.918968326));
#4405=CARTESIAN_POINT('',(-32.89992578,23.634207225,13.880911526));
#4406=CARTESIAN_POINT('',(-32.554646786,23.693386392,13.790147298));
#4407=CARTESIAN_POINT('',(-32.389307921,23.754378406,13.737465525));
#4408=CARTESIAN_POINT('',(-32.094430622,23.931346325,13.624252417));
#4409=CARTESIAN_POINT('',(-31.964975662,24.047272129,13.563753082));
#4410=CARTESIAN_POINT('',(-31.861803698,24.183207666,13.503236642));
#4411=CARTESIAN_POINT('',(-33.779400772,23.836083673,13.922987855));
#4412=CARTESIAN_POINT('',(-33.623751795,23.74352416,13.91450033));
#4413=CARTESIAN_POINT('',(-33.452950397,23.677696423,13.893247969));
#4414=CARTESIAN_POINT('',(-33.103061866,23.607989261,13.827951198));
#4415=CARTESIAN_POINT('',(-32.924074876,23.60412977,13.783925443));
#4416=CARTESIAN_POINT('',(-32.581090402,23.658894427,13.678789902));
#4417=CARTESIAN_POINT('',(-32.417191092,23.717502879,13.617710153));
#4418=CARTESIAN_POINT('',(-32.125708871,23.889614045,13.48639385));
#4419=CARTESIAN_POINT('',(-31.998209399,24.003067476,13.41619481));
#4420=CARTESIAN_POINT('',(-31.89717087,24.13660454,13.345975711));
#4421=CARTESIAN_POINT('',(-33.826873795,23.787171691,13.786665107));
#4422=CARTESIAN_POINT('',(-33.671263704,23.692596361,13.776889933));
#4423=CARTESIAN_POINT('',(-33.501052839,23.623786479,13.751137713));
#4424=CARTESIAN_POINT('',(-33.153627289,23.546670395,13.671036287));
#4425=CARTESIAN_POINT('',(-32.976514406,23.538386778,13.616710532));
#4426=CARTESIAN_POINT('',(-32.638586636,23.583447408,13.486590712));
#4427=CARTESIAN_POINT('',(-32.477870769,23.636778438,13.41083474));
#4428=CARTESIAN_POINT('',(-32.193895291,23.798085396,13.247805946));
#4429=CARTESIAN_POINT('',(-32.070718896,23.906014046,13.160580852));
#4430=CARTESIAN_POINT('',(-31.974386315,24.034179469,13.073330214));
#4431=CARTESIAN_POINT('',(-33.850308319,23.762860827,13.729176703));
#4432=CARTESIAN_POINT('',(-33.694692109,23.667337515,13.719004563));
#4433=CARTESIAN_POINT('',(-33.524756514,23.597086692,13.691461229));
#4434=CARTESIAN_POINT('',(-33.178532531,23.516343236,13.605244));
#4435=CARTESIAN_POINT('',(-33.002346754,23.50587453,13.546595653));
#4436=CARTESIAN_POINT('',(-32.666933631,23.546115637,13.405910417));
#4437=CARTESIAN_POINT('',(-32.507805697,23.596813515,13.323915218));
#4438=CARTESIAN_POINT('',(-32.227576322,23.752714195,13.147372274));
#4439=CARTESIAN_POINT('',(-32.106557942,23.857870779,13.052876845));
#4440=CARTESIAN_POINT('',(-32.012571635,23.9833376,12.958353406));
#4441=CARTESIAN_POINT('',(-33.87604889,23.735854482,13.674266103));
#4442=CARTESIAN_POINT('',(-33.720394801,23.639358494,13.663847115));
#4443=CARTESIAN_POINT('',(-33.550743432,23.56757064,13.634689776));
#4444=CARTESIAN_POINT('',(-33.205827955,23.482885305,13.542746977));
#4445=CARTESIAN_POINT('',(-33.030667324,23.470013259,13.479989138));
#4446=CARTESIAN_POINT('',(-32.698048424,23.504911748,13.329185816));
#4447=CARTESIAN_POINT('',(-32.540689938,23.552671836,13.241185643));
#4448=CARTESIAN_POINT('',(-32.264633678,23.70251549,13.051606578));
#4449=CARTESIAN_POINT('',(-32.146018712,23.804554117,12.950084649));
#4450=CARTESIAN_POINT('',(-32.05464016,23.926979701,12.848532205));
#4451=B_SPLINE_SURFACE_WITH_KNOTS('',3,3,((#4171,#4172,#4173,#4174,#4175,#4176,#4177,#4178,#4179,#4180),(#4181,#4182,#4183,#4184,#4185,#4186,#4187,#4188,#4189,#4190),(#4191,#4192,#4193,#4194,#4195,#4196,#4197,#4198,#4199,#4200),(#4201,#4202,#4203,#4204,#4205,#4206,#4207,#4208,#4209,#4210),(#4211,#4212,#4213,#4214,#4215,#4216,#4217,#4218,#4219,#4220),(#4221,#4222,#4223,#4224,#4225,#4226,#4227,#4228,#4229,#4230),(#4231,#4232,#4233,#4234,#4235,#4236,#4237,#4238,#4239,#4240),(#4241,#4242,#4243,#4244,#4245,#4246,#4247,#4248,#4249,#4250),(#4251,#4252,#4253,#4254,#4255,#4256,#4257,#4258,#4259,#4260),(#4261,#4262,#4263,#4264,#4265,#4266,#4267,#4268,#4269,#4270),(#4271,#4272,#4273,#4274,#4275,#4276,#4277,#4278,#4279,#4280),(#4281,#4282,#4283,#4284,#4285,#4286,#4287,#4288,#4289,#4290),(#4291,#4292,#4293,#4294,#4295,#4296,#4297,#4298,#4299,#4300),(#4301,#4302,#4303,#4304,#4305,#4306,#4307,#4308,#4309,#4310),(#4311,#4312,#4313,#4314,#4315,#4316,#4317,#4318,#4319,#4320),(#4321,#4322,#4323,#4324,#4325,#4326,#4327,#4328,#4329,#4330),(#4331,#4332,#4333,#4334,#4335,#4336,#4337,#4338,#4339,#4340),(#4341,#4342,#4343,#4344,#4345,#4346,#4347,#4348,#4349,#4350),(#4351,#4352,#4353,#4354,#4355,#4356,#4357,#4358,#4359,#4360),(#4361,#4362,#4363,#4364,#4365,#4366,#4367,#4368,#4369,#4370),(#4371,#4372,#4373,#4374,#4375,#4376,#4377,#4378,#4379,#4380),(#4381,#4382,#4383,#4384,#4385,#4386,#4387,#4388,#4389,#4390),(#4391,#4392,#4393,#4394,#4395,#4396,#4397,#4398,#4399,#4400),(#4401,#4402,#4403,#4404,#4405,#4406,#4407,#4408,#4409,#4410),(#4411,#4412,#4413,#4414,#4415,#4416,#4417,#4418,#4419,#4420),(#4421,#4422,#4423,#4424,#4425,#4426,#4427,#4428,#4429,#4430),
(#4431,#4432,#4433,#4434,#4435,#4436,#4437,#4438,#4439,#4440),(#4441,#4442,#4443,#4444,#4445,#4446,#4447,#4448,#4449,#4450)),.UNSPECIFIED.,.F.,.F.,.U.,(4,2,2,2,2,2,2,2,2,2,2,2,2,4),(4,2,2,2,4),(0.009701884,0.010205807,0.010709729,0.011213651,0.011717574,0.012221496,0.012725419,0.013229341,0.013733264,0.014237186,0.014741109,0.015245031,0.015748953,0.016142414),(0.,0.25,0.5,0.75,1.),.UNSPECIFIED.);
#4452=ORIENTED_EDGE('',*,*,#1080,.F.);
#4453=CARTESIAN_POINT('',(-31.789029871,24.278747493,15.));
#4454=CARTESIAN_POINT('',(-31.840430103,24.211447411,14.843397269));
#4455=CARTESIAN_POINT('',(-31.90567352,24.145840659,14.690943646));
#4456=CARTESIAN_POINT('',(-31.982668607,24.080898243,14.544743312));
#4457=CARTESIAN_POINT('',(-32.059663694,24.015955827,14.398542978));
#4458=CARTESIAN_POINT('',(-32.148776713,23.951499763,14.257879328));
#4459=CARTESIAN_POINT('',(-32.246274263,23.887312564,14.1260755));
#4460=CARTESIAN_POINT('',(-32.441269365,23.758938167,13.862467845));
#4461=CARTESIAN_POINT('',(-32.671358474,23.631220778,13.630077058));
#4462=CARTESIAN_POINT('',(-32.926624137,23.482371816,13.432049078));
#4463=B_SPLINE_CURVE_WITH_KNOTS('',3,(#4453,#4454,#4455,#4456,#4457,#4458,#4459,#4460,#4461,#4462),.UNSPECIFIED.,.F.,.F.,(4,3,3,4),(0.,0.000526019,0.001052038,0.002104075),.UNSPECIFIED.);
#4464=EDGE_CURVE('9:4929',#1044,#2777,#4463,.T.);
#4465=ORIENTED_EDGE('',*,*,#4464,.T.);
#4466=ORIENTED_EDGE('',*,*,#2783,.F.);
#4467=ORIENTED_EDGE('',*,*,#2332,.F.);
#4468=ORIENTED_EDGE('',*,*,#3116,.F.);
#4469=CARTESIAN_POINT('',(-34.699634745,22.763684864,17.5));
#4470=DIRECTION('',(0.548522527,0.836135777,0.));
#4471=DIRECTION('',(-0.836135777,0.548522527,-0.));
#4472=AXIS2_PLACEMENT_3D('',#4469,#4470,#4471);
#4473=CIRCLE('',#4472,1.5);
#4474=EDGE_CURVE('9:2732',#1053,#933,#4473,.T.);
#4475=ORIENTED_EDGE('',*,*,#4474,.F.);
#4476=EDGE_LOOP('',(#4452,#4465,#4466,#4467,#4468,#4475));
#4477=FACE_BOUND('',#4476,.T.);
#4478=ADVANCED_FACE('9:2588',(#4477),#4451,.F.);
#4479=CARTESIAN_POINT('',(0.,0.,17.5));
#4480=DIRECTION('',(0.,0.,1.));
#4481=DIRECTION('',(1.,0.,-0.));
#4482=AXIS2_PLACEMENT_3D('',#4479,#4480,#4481);
#4483=TOROIDAL_SURFACE('',#4482,41.5,1.5);
#4484=ORIENTED_EDGE('',*,*,#4474,.T.);
#4485=ORIENTED_EDGE('',*,*,#939,.F.);
#4486=CARTESIAN_POINT('',(-37.185428027,18.425361394,17.5));
#4487=DIRECTION('',(0.443984612,0.89603441,0.));
#4488=DIRECTION('',(-0.89603441,0.443984612,-0.));
#4489=AXIS2_PLACEMENT_3D('',#4486,#4487,#4488);
#4490=CIRCLE('',#4489,1.5);
#4491=EDGE_CURVE('9:2723',#1083,#925,#4490,.T.);
#4492=ORIENTED_EDGE('',*,*,#4491,.F.);
#4493=ORIENTED_EDGE('',*,*,#1089,.F.);
#4494=EDGE_LOOP('',(#4484,#4485,#4492,#4493));
#4495=FACE_BOUND('',#4494,.T.);
#4496=ADVANCED_FACE('9:2585',(#4495),#4483,.F.);
#4497=CARTESIAN_POINT('',(-35.841376411,17.759384476,17.5));
#4498=CARTESIAN_POINT('',(-35.841376411,17.759384476,17.303650459));
#4499=CARTESIAN_POINT('',(-35.876358477,17.776718072,17.107378173));
#4500=CARTESIAN_POINT('',(-36.01101402,17.843439828,16.744571529));
#4501=CARTESIAN_POINT('',(-36.110634515,17.892801735,16.57817992));
#4502=CARTESIAN_POINT('',(-36.359445515,18.016087463,16.300499736));
#4503=CARTESIAN_POINT('',(-36.508538122,18.089962777,16.189320417));
#4504=CARTESIAN_POINT('',(-36.83362536,18.251043344,16.039040985));
#4505=CARTESIAN_POINT('',(-37.009492081,18.338185219,16.));
#4506=CARTESIAN_POINT('',(-37.185428027,18.425361394,16.));
#4507=CARTESIAN_POINT('',(-35.914290953,17.612230866,17.5));
#4508=CARTESIAN_POINT('',(-35.909355997,17.622190422,17.304056504));
#4509=CARTESIAN_POINT('',(-35.939329753,17.649263458,17.108189467));
#4510=CARTESIAN_POINT('',(-36.064598162,17.73356643,16.746011056));
#4511=CARTESIAN_POINT('',(-36.159843965,17.790763412,16.579841008));
#4512=CARTESIAN_POINT('',(-36.401263409,17.926657349,16.302284056));
#4513=CARTESIAN_POINT('',(-36.547342869,18.005301236,16.191005459));
#4514=CARTESIAN_POINT('',(-36.868314074,18.172174148,16.040152905));
#4515=CARTESIAN_POINT('',(-37.043080584,18.260338037,16.000637814));
#4516=CARTESIAN_POINT('',(-37.219010618,18.346611596,16.));
#4517=CARTESIAN_POINT('',(-35.985248414,17.466750452,17.485638459));
#4518=CARTESIAN_POINT('',(-35.975608596,17.48651363,17.291119864));
#4519=CARTESIAN_POINT('',(-36.000772412,17.523159529,17.096676412));
#4520=CARTESIAN_POINT('',(-36.116951994,17.624734474,16.736985305));
#4521=CARTESIAN_POINT('',(-36.207922913,17.689624202,16.5718766));
#4522=CARTESIAN_POINT('',(-36.442040545,17.837908124,16.295796579));
#4523=CARTESIAN_POINT('',(-36.585096837,17.921244975,16.184931915));
#4524=CARTESIAN_POINT('',(-36.901836038,18.09385507,16.034114352));
#4525=CARTESIAN_POINT('',(-37.075396592,18.183061601,15.99421972));
#4526=CARTESIAN_POINT('',(-37.251184733,18.268505965,15.992819229));
#4527=CARTESIAN_POINT('',(-36.123492051,17.179021996,17.429460145));
#4528=CARTESIAN_POINT('',(-36.104900801,17.218016543,17.239677894));
#4529=CARTESIAN_POINT('',(-36.120845305,17.273415936,17.049967293));
#4530=CARTESIAN_POINT('',(-36.219454435,17.408833253,16.698710517));
#4531=CARTESIAN_POINT('',(-36.302081866,17.488799969,16.537296956));
#4532=CARTESIAN_POINT('',(-36.521780634,17.661430926,16.266741148));
#4533=CARTESIAN_POINT('',(-36.658769047,17.75402993,16.15770105));
#4534=CARTESIAN_POINT('',(-36.96679122,17.93811285,16.008202561));
#4535=CARTESIAN_POINT('',(-37.137708695,18.029527234,15.967800617));
#4536=CARTESIAN_POINT('',(-37.312909568,18.113562439,15.964730067));
#4537=CARTESIAN_POINT('',(-36.190777468,17.036773698,17.387642774));
#4538=CARTESIAN_POINT('',(-36.16793973,17.085195951,17.201172029));
#4539=CARTESIAN_POINT('',(-36.179474927,17.14977593,17.014770755));
#4540=CARTESIAN_POINT('',(-36.269602517,17.301763563,16.669461123));
#4541=CARTESIAN_POINT('',(-36.348161364,17.389114488,16.510681413));
#4542=CARTESIAN_POINT('',(-36.560743078,17.573702459,16.244172971));
#4543=CARTESIAN_POINT('',(-36.694686757,17.670870651,16.136543533));
#4544=CARTESIAN_POINT('',(-36.998223824,17.860689257,15.988329129));
#4545=CARTESIAN_POINT('',(-37.167704113,17.953268899,15.94779939));
#4546=CARTESIAN_POINT('',(-37.342459538,18.036724207,15.943821387));
#4547=CARTESIAN_POINT('',(-36.321741894,16.755748194,17.275412498));
#4548=CARTESIAN_POINT('',(-36.290868334,16.822580479,17.097435025));
#4549=CARTESIAN_POINT('',(-36.293990709,16.90506499,16.919521963));
#4550=CARTESIAN_POINT('',(-36.367779891,17.089393876,16.589563831));
#4551=CARTESIAN_POINT('',(-36.438420028,17.191171433,16.437638175));
#4552=CARTESIAN_POINT('',(-36.636974048,17.399218339,16.18187339));
#4553=CARTESIAN_POINT('',(-36.764816087,17.505412306,16.078126827));
#4554=CARTESIAN_POINT('',(-37.059134962,17.706770589,15.933915212));
#4555=CARTESIAN_POINT('',(-37.225505272,17.801861977,15.893502359));
#4556=CARTESIAN_POINT('',(-37.399050577,17.884485217,15.887706249));
#4557=CARTESIAN_POINT('',(-36.383600559,16.62088226,17.206549485));
#4558=CARTESIAN_POINT('',(-36.349049135,16.696440404,17.033634708));
#4559=CARTESIAN_POINT('',(-36.348284929,16.787399542,16.860781536));
#4560=CARTESIAN_POINT('',(-36.414444781,16.987049249,16.54001302));
#4561=CARTESIAN_POINT('',(-36.481345297,17.095668574,16.392211951));
#4562=CARTESIAN_POINT('',(-36.67318481,17.314891395,16.142994568));
#4563=CARTESIAN_POINT('',(-36.798055463,17.425416691,16.041667041));
#4564=CARTESIAN_POINT('',(-37.087770792,17.632419232,15.900121364));
#4565=CARTESIAN_POINT('',(-37.252512227,17.728822661,15.859953648));
#4566=CARTESIAN_POINT('',(-37.425310201,17.811205851,15.853274762));
#4567=CARTESIAN_POINT('',(-36.500554113,16.362446828,17.04455584));
#4568=CARTESIAN_POINT('',(-36.459252169,16.454504064,16.883221926));
#4569=CARTESIAN_POINT('',(-36.451293666,16.561469086,16.721943651));
#4570=CARTESIAN_POINT('',(-36.503192358,16.790088889,16.422284288));
#4571=CARTESIAN_POINT('',(-36.563031686,16.911664703,16.284006535));
#4572=CARTESIAN_POINT('',(-36.742037588,17.152159217,16.050091435));
#4573=CARTESIAN_POINT('',(-36.861142433,17.270994875,15.954534755));
#4574=CARTESIAN_POINT('',(-37.141726819,17.489043946,15.819724305));
#4575=CARTESIAN_POINT('',(-37.303109573,17.58818209,15.780517031));
#4576=CARTESIAN_POINT('',(-37.474180215,17.670427768,15.772277899));
#4577=CARTESIAN_POINT('',(-36.555674021,16.238818809,16.951402065));
#4578=CARTESIAN_POINT('',(-36.511298017,16.338653064,16.796588116));
#4579=CARTESIAN_POINT('',(-36.500030258,16.453153005,16.641826643));
#4580=CARTESIAN_POINT('',(-36.545294009,16.695428661,16.354090054));
#4581=CARTESIAN_POINT('',(-36.6018102,16.823122114,16.221212471));
#4582=CARTESIAN_POINT('',(-36.774694101,17.073717141,15.996054493));
#4583=CARTESIAN_POINT('',(-36.891003198,17.196533649,15.903850422));
#4584=CARTESIAN_POINT('',(-37.167058047,17.419987341,15.773110046));
#4585=CARTESIAN_POINT('',(-37.326710178,17.520548691,15.734618064));
#4586=CARTESIAN_POINT('',(-37.496800361,17.602896808,15.725701032));
#4587=CARTESIAN_POINT('',(-36.659337444,16.003422058,16.739724539));
#4588=CARTESIAN_POINT('',(-36.609355458,16.117853969,16.599385542));
#4589=CARTESIAN_POINT('',(-36.591999661,16.246482851,16.459092493));
#4590=CARTESIAN_POINT('',(-36.624935497,16.514402437,16.19792074));
#4591=CARTESIAN_POINT('',(-36.675216372,16.653605268,16.077127546));
#4592=CARTESIAN_POINT('',(-36.836479511,16.923309448,15.871763493));
#4593=CARTESIAN_POINT('',(-36.947408963,17.053722359,15.787259876));
#4594=CARTESIAN_POINT('',(-37.214581826,17.287695735,15.666248675));
#4595=CARTESIAN_POINT('',(-37.370737712,17.391179497,15.629780718));
#4596=CARTESIAN_POINT('',(-37.538705717,17.474029952,15.619862269));
#4597=CARTESIAN_POINT('',(-36.706478248,15.894847355,16.624041727));
#4598=CARTESIAN_POINT('',(-36.654039456,16.015902964,16.491462038));
#4599=CARTESIAN_POINT('',(-36.633986843,16.150935388,16.35892503));
#4600=CARTESIAN_POINT('',(-36.661396518,16.430497248,16.112036636));
#4601=CARTESIAN_POINT('',(-36.708850002,16.57493657,15.997764702));
#4602=CARTESIAN_POINT('',(-36.864773234,16.853391203,15.803171344));
#4603=CARTESIAN_POINT('',(-36.973192779,16.98731677,15.722912546));
#4604=CARTESIAN_POINT('',(-37.23613629,17.22626184,15.607431851));
#4605=CARTESIAN_POINT('',(-37.390575572,17.331204343,15.572247123));
#4606=CARTESIAN_POINT('',(-37.557432322,17.414446587,15.562020897));
#4607=CARTESIAN_POINT('',(-36.79196994,15.695944246,16.374281737));
#4608=CARTESIAN_POINT('',(-36.735198907,15.82897448,16.25814141));
#4609=CARTESIAN_POINT('',(-36.71035121,15.975573707,16.142037254));
#4610=CARTESIAN_POINT('',(-36.727845542,16.276195624,15.925500779));
#4611=CARTESIAN_POINT('',(-36.770182145,16.430124563,15.82513587));
#4612=CARTESIAN_POINT('',(-36.91634549,16.724519648,15.65369768));
#4613=CARTESIAN_POINT('',(-37.020126702,16.864893997,15.582677771));
#4614=CARTESIAN_POINT('',(-37.275138865,17.113121447,15.479578848));
#4615=CARTESIAN_POINT('',(-37.426290356,17.220897158,15.447531936));
#4616=CARTESIAN_POINT('',(-37.590928088,17.305089627,15.437140834));
#4617=CARTESIAN_POINT('',(-36.830359829,15.605521358,16.240121215));
#4618=CARTESIAN_POINT('',(-36.771711552,15.743908185,16.132666602));
#4619=CARTESIAN_POINT('',(-36.744763514,15.895676125,16.025244911));
#4620=CARTESIAN_POINT('',(-36.757864239,16.205725723,15.824787395));
#4621=CARTESIAN_POINT('',(-36.797909,16.363912234,15.731812986));
#4622=CARTESIAN_POINT('',(-36.939647754,16.665504773,15.572767055));
#4623=CARTESIAN_POINT('',(-37.041298285,16.808818255,15.506744263));
#4624=CARTESIAN_POINT('',(-37.292604473,17.061360729,15.410500531));
#4625=CARTESIAN_POINT('',(-37.442183054,17.170512233,15.380309081));
#4626=CARTESIAN_POINT('',(-37.60571178,17.255263602,15.370060607));
#4627=CARTESIAN_POINT('',(-36.89848261,15.443758709,15.952386182));
#4628=CARTESIAN_POINT('',(-36.836583314,15.591621128,15.863268139));
#4629=CARTESIAN_POINT('',(-36.805971721,15.75252654,15.774176598));
#4630=CARTESIAN_POINT('',(-36.811350099,16.079265285,15.60775027));
#4631=CARTESIAN_POINT('',(-36.847338486,16.245001265,15.530464974));
#4632=CARTESIAN_POINT('',(-36.981184335,16.559414076,15.397903011));
#4633=CARTESIAN_POINT('',(-37.079001952,16.707997234,15.342665767));
#4634=CARTESIAN_POINT('',(-37.323568664,16.968380809,15.26153542));
#4635=CARTESIAN_POINT('',(-37.470244934,17.080103656,15.235666448));
#4636=CARTESIAN_POINT('',(-37.631673304,17.166013037,15.22619309));
#4637=CARTESIAN_POINT('',(-36.927320451,15.374553298,15.802527492));
#4638=CARTESIAN_POINT('',(-36.864089703,15.526409833,15.722823921));
#4639=CARTESIAN_POINT('',(-36.831962415,15.691163469,15.643143745));
#4640=CARTESIAN_POINT('',(-36.834111983,16.024943222,15.494230761));
#4641=CARTESIAN_POINT('',(-36.868388217,16.19387121,15.425041664));
#4642=CARTESIAN_POINT('',(-36.99886758,16.513736836,15.306229477));
#4643=CARTESIAN_POINT('',(-37.095032366,16.664580438,15.256641263));
#4644=CARTESIAN_POINT('',(-37.336652493,16.9283853,15.183573386));
#4645=CARTESIAN_POINT('',(-37.48203682,17.041269009,15.160115171));
#4646=CARTESIAN_POINT('',(-37.642501057,17.127761436,15.151263746));
#4647=CARTESIAN_POINT('',(-36.975054341,15.259398457,15.492545747));
#4648=CARTESIAN_POINT('',(-36.909656629,15.417849543,15.43210038));
#4649=CARTESIAN_POINT('',(-36.875049621,15.588954152,15.371672353));
#4650=CARTESIAN_POINT('',(-36.871888361,15.934365215,15.258650018));
#4651=CARTESIAN_POINT('',(-36.903335027,16.108572382,15.206088133));
#4652=CARTESIAN_POINT('',(-37.028221755,16.437484388,15.115646778));
#4653=CARTESIAN_POINT('',(-37.121625936,16.592094685,15.077793255));
#4654=CARTESIAN_POINT('',(-37.358291175,16.861650297,15.021706131));
#4655=CARTESIAN_POINT('',(-37.501484226,16.976518133,15.003488622));
#4656=CARTESIAN_POINT('',(-37.66028942,17.064056456,14.996272873));
#4657=CARTESIAN_POINT('',(-36.993998395,15.213330724,15.332214444));
#4658=CARTESIAN_POINT('',(-36.927763141,15.374389031,15.281625987));
#4659=CARTESIAN_POINT('',(-36.89218972,15.548002908,15.231051915));
#4660=CARTESIAN_POINT('',(-36.886941197,15.898016191,15.136431368));
#4661=CARTESIAN_POINT('',(-36.917267593,16.074315928,15.092411798));
#4662=CARTESIAN_POINT('',(-37.039922423,16.406830747,15.016610638));
#4663=CARTESIAN_POINT('',(-37.132215936,16.562951142,14.984850601));
#4664=CARTESIAN_POINT('',(-37.366867605,16.834842081,14.937692834));
#4665=CARTESIAN_POINT('',(-37.509158948,16.950535203,14.922308513));
#4666=CARTESIAN_POINT('',(-37.66726741,17.038537422,14.916107221));
#4667=CARTESIAN_POINT('',(-37.021873956,15.145368854,15.000388937));
#4668=CARTESIAN_POINT('',(-36.954416933,15.310258323,14.970063717));
#4669=CARTESIAN_POINT('',(-36.917429883,15.487558655,14.939746994));
#4670=CARTESIAN_POINT('',(-36.909119787,15.844336584,14.882997964));
#4671=CARTESIAN_POINT('',(-36.937799077,16.023713984,14.856581555));
#4672=CARTESIAN_POINT('',(-37.05716396,16.361536061,14.811034833));
#4673=CARTESIAN_POINT('',(-37.147816037,16.519885866,14.79191728));
#4674=CARTESIAN_POINT('',(-37.379482321,16.795239104,14.763432595));
#4675=CARTESIAN_POINT('',(-37.520431476,16.91216521,14.754073443));
#4676=CARTESIAN_POINT('',(-37.677496231,17.000874145,14.750194468));
#4677=CARTESIAN_POINT('',(-37.030434009,15.124385545,14.83309035));
#4678=CARTESIAN_POINT('',(-36.962608732,15.290448163,14.812915999));
#4679=CARTESIAN_POINT('',(-36.925193056,15.468876828,14.792747284));
#4680=CARTESIAN_POINT('',(-36.915949145,15.827727403,14.754990304));
#4681=CARTESIAN_POINT('',(-36.944123496,16.008048979,14.737412587));
#4682=CARTESIAN_POINT('',(-37.062474315,16.347504634,14.707097826));
#4683=CARTESIAN_POINT('',(-37.152617693,16.506543803,14.694369251));
#4684=CARTESIAN_POINT('',(-37.383352611,16.782976973,14.675391132));
#4685=CARTESIAN_POINT('',(-37.523879639,16.900293684,14.66914689));
#4686=CARTESIAN_POINT('',(-37.68061192,16.989235141,14.666545175));
#4687=CARTESIAN_POINT('',(-37.037236593,15.107719435,14.497692804));
#4688=CARTESIAN_POINT('',(-36.969118109,15.274714596,14.497836062));
#4689=CARTESIAN_POINT('',(-36.931361367,15.454040223,14.497979275));
#4690=CARTESIAN_POINT('',(-36.92137486,15.814538266,14.498246288));
#4691=CARTESIAN_POINT('',(-36.949147878,15.995610238,14.498370003));
#4692=CARTESIAN_POINT('',(-37.06669315,16.336363777,14.49858115));
#4693=CARTESIAN_POINT('',(-37.156432653,16.4959504,14.498668516));
#4694=CARTESIAN_POINT('',(-37.386428612,16.773240461,14.498795019));
#4695=CARTESIAN_POINT('',(-37.526620986,16.890866637,14.498834116));
#4696=CARTESIAN_POINT('',(-37.683090015,16.979991657,14.498846402));
#4697=CARTESIAN_POINT('',(-37.035505115,15.111972483,14.329281595));
#4698=CARTESIAN_POINT('',(-36.967460591,15.278730614,14.339610404));
#4699=CARTESIAN_POINT('',(-36.929790133,15.457828304,14.349936344));
#4700=CARTESIAN_POINT('',(-36.919992032,15.81790748,14.369270541));
#4701=CARTESIAN_POINT('',(-36.947867121,15.998788548,14.378273426));
#4702=CARTESIAN_POINT('',(-37.065617805,16.339211371,14.393806923));
#4703=CARTESIAN_POINT('',(-37.155460561,16.498658191,14.40033322));
#4704=CARTESIAN_POINT('',(-37.385646036,16.775728519,14.410075716));
#4705=CARTESIAN_POINT('',(-37.525924562,16.893274759,14.413289208));
#4706=CARTESIAN_POINT('',(-37.682461764,16.982351542,14.414640798));
#4707=CARTESIAN_POINT('',(-37.021323341,15.1466818,13.990975294));
#4708=CARTESIAN_POINT('',(-36.953892252,15.311494738,14.021832566));
#4709=CARTESIAN_POINT('',(-36.916934547,15.488721298,14.05268118));
#4710=CARTESIAN_POINT('',(-36.90868657,15.845364413,14.110423139));
#4711=CARTESIAN_POINT('',(-36.937398616,16.024680788,14.137300283));
#4712=CARTESIAN_POINT('',(-37.056827499,16.362399027,14.183635919));
#4713=CARTESIAN_POINT('',(-37.147510791,16.520706028,14.203081412));
#4714=CARTESIAN_POINT('',(-37.379232249,16.795995209,14.232045445));
#4715=CARTESIAN_POINT('',(-37.520205327,16.912900062,14.241555859));
#4716=CARTESIAN_POINT('',(-37.677287593,17.001599049,14.245487647));
#4717=CARTESIAN_POINT('',(-37.009040896,15.176724194,13.825486855));
#4718=CARTESIAN_POINT('',(-36.942142199,15.339851844,13.866420855));
#4719=CARTESIAN_POINT('',(-36.905802671,15.515457204,13.90734331));
#4720=CARTESIAN_POINT('',(-36.89889824,15.869123586,13.983927458));
#4721=CARTESIAN_POINT('',(-36.928335293,16.04708464,14.019567552));
#4722=CARTESIAN_POINT('',(-37.049217016,16.382461107,14.080982178));
#4723=CARTESIAN_POINT('',(-37.140627525,16.539781725,14.106739389));
#4724=CARTESIAN_POINT('',(-37.373676884,16.813531096,14.145056888));
#4725=CARTESIAN_POINT('',(-37.51524987,16.929882474,14.157606367));
#4726=CARTESIAN_POINT('',(-37.67280223,17.018256884,14.162743428));
#4727=CARTESIAN_POINT('',(-36.974459366,15.260780449,13.503009201));
#4728=CARTESIAN_POINT('',(-36.909091942,15.419147967,13.563733582));
#4729=CARTESIAN_POINT('',(-36.874518423,15.590171849,13.624440531));
#4730=CARTESIAN_POINT('',(-36.871426327,15.935436021,13.737981957));
#4731=CARTESIAN_POINT('',(-36.902908644,16.109577048,13.790783839));
#4732=CARTESIAN_POINT('',(-37.02786326,16.43837815,13.881632911));
#4733=CARTESIAN_POINT('',(-37.121299644,16.592943697,13.919654021));
#4734=CARTESIAN_POINT('',(-37.358019775,16.862435253,13.975980613));
#4735=CARTESIAN_POINT('',(-37.501235478,16.977283787,13.994269927));
#4736=CARTESIAN_POINT('',(-37.660055803,17.064816059,14.001504601));
#4737=CARTESIAN_POINT('',(-36.952150351,15.31482179,13.345764184));
#4738=CARTESIAN_POINT('',(-36.887782033,15.470113034,13.416217561));
#4739=CARTESIAN_POINT('',(-36.854356692,15.638175284,13.486650503));
#4740=CARTESIAN_POINT('',(-36.853734309,15.978011476,13.618335782));
#4741=CARTESIAN_POINT('',(-36.886537461,16.149686648,13.679549923));
#4742=CARTESIAN_POINT('',(-37.014113441,16.474252106,13.784777691));
#4743=CARTESIAN_POINT('',(-37.108849213,16.627048065,13.828760795));
#4744=CARTESIAN_POINT('',(-37.347913686,16.893820097,13.893757804));
#4745=CARTESIAN_POINT('',(-37.492172936,17.007718643,13.914752854));
#4746=CARTESIAN_POINT('',(-37.651791777,17.094732903,13.922882092));
#4747=CARTESIAN_POINT('',(-36.90232441,15.434434542,13.070189215));
#4748=CARTESIAN_POINT('',(-36.840254177,15.582826778,13.157899751));
#4749=CARTESIAN_POINT('',(-36.80944571,15.744242164,13.245584233));
#4750=CARTESIAN_POINT('',(-36.814399693,16.071915735,13.409388938));
#4751=CARTESIAN_POINT('',(-36.850160679,16.238076488,13.485460503));
#4752=CARTESIAN_POINT('',(-36.983554368,16.553219468,13.615954545));
#4753=CARTESIAN_POINT('',(-37.081147422,16.702107991,13.670338258));
#4754=CARTESIAN_POINT('',(-37.325308142,16.962961779,13.750238909));
#4755=CARTESIAN_POINT('',(-37.471803226,17.074849485,13.775732112));
#4756=CARTESIAN_POINT('',(-37.633092451,17.160849605,13.785094608));
#4757=CARTESIAN_POINT('',(-36.877106017,15.494663157,12.952501835));
#4758=CARTESIAN_POINT('',(-36.816219173,15.639547839,13.047674982));
#4759=CARTESIAN_POINT('',(-36.786751659,15.797582601,13.142819514));
#4760=CARTESIAN_POINT('',(-36.794548104,16.119078078,13.320485425));
#4761=CARTESIAN_POINT('',(-36.831809728,16.282442112,13.402953388));
#4762=CARTESIAN_POINT('',(-36.968138877,16.592824974,13.544267651));
#4763=CARTESIAN_POINT('',(-37.067165417,16.739750466,13.603071466));
#4764=CARTESIAN_POINT('',(-37.313863372,16.99766345,13.689206214));
#4765=CARTESIAN_POINT('',(-37.461460611,17.10857339,13.716511251));
#4766=CARTESIAN_POINT('',(-37.623558822,17.194112466,13.726250917));
#4767=CARTESIAN_POINT('',(-36.848957511,15.561319548,12.840240527));
#4768=CARTESIAN_POINT('',(-36.789426739,15.70227651,12.942615939));
#4769=CARTESIAN_POINT('',(-36.761483586,15.856523002,13.044960146));
#4770=CARTESIAN_POINT('',(-36.77248424,16.171104935,13.235978284));
#4771=CARTESIAN_POINT('',(-36.811424692,16.331344659,13.324593989));
#4772=CARTESIAN_POINT('',(-36.951010388,16.636434694,13.476256391));
#4773=CARTESIAN_POINT('',(-37.051613134,16.781192173,13.539256861));
#4774=CARTESIAN_POINT('',(-37.301069725,17.035901592,13.631220285));
#4775=CARTESIAN_POINT('',(-37.449847627,17.145776028,13.660155214));
#4776=CARTESIAN_POINT('',(-37.612790347,17.230872004,13.670120263));
#4777=B_SPLINE_SURFACE_WITH_KNOTS('',3,3,((#4497,#4498,#4499,#4500,#4501,#4502,#4503,#4504,#4505,#4506),(#4507,#4508,#4509,#4510,#4511,#4512,#4513,#4514,#4515,#4516),(#4517,#4518,#4519,#4520,#4521,#4522,#4523,#4524,#4525,#4526),(#4527,#4528,#4529,#4530,#4531,#4532,#4533,#4534,#4535,#4536),(#4537,#4538,#4539,#4540,#4541,#4542,#4543,#4544,#4545,#4546),(#4547,#4548,#4549,#4550,#4551,#4552,#4553,#4554,#4555,#4556),(#4557,#4558,#4559,#4560,#4561,#4562,#4563,#4564,#4565,#4566),(#4567,#4568,#4569,#4570,#4571,#4572,#4573,#4574,#4575,#4576),(#4577,#4578,#4579,#4580,#4581,#4582,#4583,#4584,#4585,#4586),(#4587,#4588,#4589,#4590,#4591,#4592,#4593,#4594,#4595,#4596),(#4597,#4598,#4599,#4600,#4601,#4602,#4603,#4604,#4605,#4606),(#4607,#4608,#4609,#4610,#4611,#4612,#4613,#4614,#4615,#4616),(#4617,#4618,#4619,#4620,#4621,#4622,#4623,#4624,#4625,#4626),(#4627,#4628,#4629,#4630,#4631,#4632,#4633,#4634,#4635,#4636),(#4637,#4638,#4639,#4640,#4641,#4642,#4643,#4644,#4645,#4646),(#4647,#4648,#4649,#4650,#4651,#4652,#4653,#4654,#4655,#4656),(#4657,#4658,#4659,#4660,#4661,#4662,#4663,#4664,#4665,#4666),(#4667,#4668,#4669,#4670,#4671,#4672,#4673,#4674,#4675,#4676),(#4677,#4678,#4679,#4680,#4681,#4682,#4683,#4684,#4685,#4686),(#4687,#4688,#4689,#4690,#4691,#4692,#4693,#4694,#4695,#4696),(#4697,#4698,#4699,#4700,#4701,#4702,#4703,#4704,#4705,#4706),(#4707,#4708,#4709,#4710,#4711,#4712,#4713,#4714,#4715,#4716),(#4717,#4718,#4719,#4720,#4721,#4722,#4723,#4724,#4725,#4726),(#4727,#4728,#4729,#4730,#4731,#4732,#4733,#4734,#4735,#4736),(#4737,#4738,#4739,#4740,#4741,#4742,#4743,#4744,#4745,#4746),(#4747,#4748,#4749,#4750,#4751,#4752,#4753,#4754,#4755,#4756),
(#4757,#4758,#4759,#4760,#4761,#4762,#4763,#4764,#4765,#4766),(#4767,#4768,#4769,#4770,#4771,#4772,#4773,#4774,#4775,#4776)),.UNSPECIFIED.,.F.,.F.,.U.,(4,2,2,2,2,2,2,2,2,2,2,2,2,4),(4,2,2,2,4),(0.009700923,0.010204758,0.010708592,0.011212426,0.01171626,0.012220094,0.012723929,0.013227763,0.013731597,0.014235431,0.014739265,0.0152431,0.015746934,0.016150001),(0.,0.25,0.5,0.75,1.),.UNSPECIFIED.);
#4778=ORIENTED_EDGE('',*,*,#2740,.F.);
#4779=CARTESIAN_POINT('',(-36.908372854,16.539832726,13.427828222));
#4780=CARTESIAN_POINT('',(-36.907737508,16.242990596,13.626054357));
#4781=CARTESIAN_POINT('',(-36.901381365,15.978739777,13.858952838));
#4782=CARTESIAN_POINT('',(-36.913444842,15.744558546,14.123313228));
#4783=CARTESIAN_POINT('',(-36.919476581,15.62746793,14.255493424));
#4784=CARTESIAN_POINT('',(-36.930001844,15.517513819,14.396596654));
#4785=CARTESIAN_POINT('',(-36.947113424,15.417844954,14.543250516));
#4786=CARTESIAN_POINT('',(-36.964225003,15.318176089,14.689904378));
#4787=CARTESIAN_POINT('',(-36.987895178,15.228356218,14.842865958));
#4788=CARTESIAN_POINT('',(-37.02008343,15.149700421,15.));
#4789=B_SPLINE_CURVE_WITH_KNOTS('',3,(#4779,#4780,#4781,#4782,#4783,#4784,#4785,#4786,#4787,#4788),.UNSPECIFIED.,.F.,.F.,(4,3,3,4),(0.,0.001055687,0.00158353,0.002111373),.UNSPECIFIED.);
#4790=EDGE_CURVE('9:4986',#2715,#1092,#4789,.T.);
#4791=ORIENTED_EDGE('',*,*,#4790,.T.);
#4792=ORIENTED_EDGE('',*,*,#1119,.F.);
#4793=ORIENTED_EDGE('',*,*,#4491,.T.);
#4794=ORIENTED_EDGE('',*,*,#3055,.F.);
#4795=ORIENTED_EDGE('',*,*,#2276,.F.);
#4796=EDGE_LOOP('',(#4778,#4791,#4792,#4793,#4794,#4795));
#4797=FACE_BOUND('',#4796,.T.);
#4798=ADVANCED_FACE('9:2582',(#4797),#4777,.F.);
#4799=CARTESIAN_POINT('',(37.206998566,18.381764271,16.));
#4800=CARTESIAN_POINT('',(37.030960564,18.294794368,16.));
#4801=CARTESIAN_POINT('',(36.854991826,18.207858683,16.039040985));
#4802=CARTESIAN_POINT('',(36.529716011,18.047159257,16.189320417));
#4803=CARTESIAN_POINT('',(36.380536918,17.973458743,16.300499736));
#4804=CARTESIAN_POINT('',(36.131581588,17.850464726,16.57817992));
#4805=CARTESIAN_POINT('',(36.031903305,17.801219617,16.744571529));
#4806=CARTESIAN_POINT('',(35.897169651,17.734655735,17.107378173));
#4807=CARTESIAN_POINT('',(35.862167293,17.717363152,17.303650459));
#4808=CARTESIAN_POINT('',(35.862167293,17.717363152,17.5));
#4809=CARTESIAN_POINT('',(37.240280594,18.302830628,16.));
#4810=CARTESIAN_POINT('',(37.064268261,18.216772654,16.000670633));
#4811=CARTESIAN_POINT('',(36.889422796,18.128826368,16.040210119));
#4812=CARTESIAN_POINT('',(36.568306695,17.962357303,16.191092163));
#4813=CARTESIAN_POINT('',(36.422161296,17.883899476,16.302375868));
#4814=CARTESIAN_POINT('',(36.180628199,17.748315679,16.579926479));
#4815=CARTESIAN_POINT('',(36.085334685,17.691242638,16.746085128));
#4816=CARTESIAN_POINT('',(35.959993116,17.607105134,17.108231213));
#4817=CARTESIAN_POINT('',(35.929993918,17.580073548,17.304077397));
#4818=CARTESIAN_POINT('',(35.93491593,17.570110778,17.5));
#4819=CARTESIAN_POINT('',(37.272158689,18.224543247,15.992820424));
#4820=CARTESIAN_POINT('',(37.09631049,18.139318413,15.994285589));
#4821=CARTESIAN_POINT('',(36.92269571,18.050336751,16.034228275));
#4822=CARTESIAN_POINT('',(36.605856994,17.878147982,16.185103975));
#4823=CARTESIAN_POINT('',(36.462755345,17.795007371,16.295978751));
#4824=CARTESIAN_POINT('',(36.228553595,17.647052742,16.572046468));
#4825=CARTESIAN_POINT('',(36.137543869,17.582295893,16.737132854));
#4826=CARTESIAN_POINT('',(36.021293196,17.48089952,17.096760626));
#4827=CARTESIAN_POINT('',(35.996097085,17.444299213,17.291163206));
#4828=CARTESIAN_POINT('',(36.005709422,17.424533532,17.485640848));
#4829=CARTESIAN_POINT('',(37.333300198,18.069240018,15.964737211));
#4830=CARTESIAN_POINT('',(37.158087826,17.985422909,15.967931341));
#4831=CARTESIAN_POINT('',(36.987168158,17.894240708,16.008425042));
#4832=CARTESIAN_POINT('',(36.679139636,17.710604942,16.158034753));
#4833=CARTESIAN_POINT('',(36.542146874,17.618220625,16.26709437));
#4834=CARTESIAN_POINT('',(36.322420895,17.44595842,16.537627461));
#4835=CARTESIAN_POINT('',(36.239770472,17.366145522,16.69899897));
#4836=CARTESIAN_POINT('',(36.141089775,17.230942494,17.050136192));
#4837=CARTESIAN_POINT('',(36.125096658,17.175603406,17.239769562));
#4838=CARTESIAN_POINT('',(36.143629018,17.136614637,17.429474432));
#4839=CARTESIAN_POINT('',(37.362562863,17.992223835,15.943833272));
#4840=CARTESIAN_POINT('',(37.187822258,17.908981244,15.947961915));
#4841=CARTESIAN_POINT('',(37.018367077,17.816633835,15.988603463));
#4842=CARTESIAN_POINT('',(36.714871446,17.627270733,16.136953532));
#4843=CARTESIAN_POINT('',(36.580943841,17.530325494,16.244606894));
#4844=CARTESIAN_POINT('',(36.368362287,17.346126583,16.511088166));
#4845=CARTESIAN_POINT('',(36.289787359,17.258941477,16.669817002));
#4846=CARTESIAN_POINT('',(36.199585657,17.107190745,17.014981859));
#4847=CARTESIAN_POINT('',(36.187992384,17.042681642,17.201289557));
#4848=CARTESIAN_POINT('',(36.210754358,16.994272736,17.387666544));
#4849=CARTESIAN_POINT('',(37.418588375,17.839632726,15.887732703));
#4850=CARTESIAN_POINT('',(37.245113651,17.757203638,15.893726317));
#4851=CARTESIAN_POINT('',(37.078824824,17.662338561,15.9342857));
#4852=CARTESIAN_POINT('',(36.784644295,17.461444799,16.078675635));
#4853=CARTESIAN_POINT('',(36.656858758,17.355488661,16.182454078));
#4854=CARTESIAN_POINT('',(36.458357562,17.14787224,16.438185062));
#4855=CARTESIAN_POINT('',(36.387713517,17.046286965,16.590045323));
#4856=CARTESIAN_POINT('',(36.313841644,16.862247979,16.919816795));
#4857=CARTESIAN_POINT('',(36.310640438,16.77986079,17.097609012));
#4858=CARTESIAN_POINT('',(36.341402996,16.713062715,17.275465407));
#4859=CARTESIAN_POINT('',(37.444580048,17.766177336,15.853307788));
#4860=CARTESIAN_POINT('',(37.27188138,17.683975421,15.860203397));
#4861=CARTESIAN_POINT('',(37.107249854,17.587792312,15.900531802));
#4862=CARTESIAN_POINT('',(36.817721061,17.381254343,16.042273173));
#4863=CARTESIAN_POINT('',(36.692926623,17.270972886,16.143635804));
#4864=CARTESIAN_POINT('',(36.501165116,17.05220006,16.392816723));
#4865=CARTESIAN_POINT('',(36.434266133,16.943786471,16.540546534));
#4866=CARTESIAN_POINT('',(36.368018396,16.744454876,16.861111504));
#4867=CARTESIAN_POINT('',(36.368693134,16.653607768,17.033832843));
#4868=CARTESIAN_POINT('',(36.403116031,16.578096016,17.206615534));
#4869=CARTESIAN_POINT('',(37.492936601,17.62506517,15.772329485));
#4870=CARTESIAN_POINT('',(37.322022905,17.542970344,15.780814287));
#4871=CARTESIAN_POINT('',(37.160806031,17.444036809,15.820203618));
#4872=CARTESIAN_POINT('',(36.880501769,17.226447377,15.955236462));
#4873=CARTESIAN_POINT('',(36.761510673,17.107866283,16.050833594));
#4874=CARTESIAN_POINT('',(36.582629536,16.867860685,16.284709727));
#4875=CARTESIAN_POINT('',(36.522800925,16.746518715,16.422908407));
#4876=CARTESIAN_POINT('',(36.470801663,16.518277864,16.722341164));
#4877=CARTESIAN_POINT('',(36.478648839,16.411457495,16.883472409));
#4878=CARTESIAN_POINT('',(36.519787361,16.319474729,17.044659012));
#4879=CARTESIAN_POINT('',(37.515312224,17.557373076,15.725763512));
#4880=CARTESIAN_POINT('',(37.345407945,17.475158272,15.734935996));
#4881=CARTESIAN_POINT('',(37.185949315,17.374791753,15.773617259));
#4882=CARTESIAN_POINT('',(36.910220195,17.151792488,15.904589296));
#4883=CARTESIAN_POINT('',(36.794042797,17.029235081,15.996835869));
#4884=CARTESIAN_POINT('',(36.621305523,16.779147932,16.221954825));
#4885=CARTESIAN_POINT('',(36.564803948,16.651702702,16.354751241));
#4886=CARTESIAN_POINT('',(36.519432453,16.409838006,16.642254727));
#4887=CARTESIAN_POINT('',(36.530577818,16.295500295,16.796864782));
#4888=CARTESIAN_POINT('',(36.574773179,16.195756053,16.951527025));
#4889=CARTESIAN_POINT('',(37.556753897,17.42819626,15.619950109));
#4890=CARTESIAN_POINT('',(37.389028792,17.345441615,15.630133624));
#4891=CARTESIAN_POINT('',(37.233120053,17.242130983,15.666798071));
#4892=CARTESIAN_POINT('',(36.966360726,17.008598167,15.78805101));
#4893=CARTESIAN_POINT('',(36.855597073,16.878452144,15.872600003));
#4894=CARTESIAN_POINT('',(36.694521503,16.609292248,16.077927545));
#4895=CARTESIAN_POINT('',(36.644262062,16.470366175,16.198639217));
#4896=CARTESIAN_POINT('',(36.611203597,16.202922197,16.459575436));
#4897=CARTESIAN_POINT('',(36.628415313,16.074491552,16.599714999));
#4898=CARTESIAN_POINT('',(36.678183394,15.960182019,16.739900219));
#4899=CARTESIAN_POINT('',(37.575270651,17.368458566,15.562113516));
#4900=CARTESIAN_POINT('',(37.408684243,17.285292628,15.572604564));
#4901=CARTESIAN_POINT('',(37.254517683,17.180511397,15.60798547));
#4902=CARTESIAN_POINT('',(36.992029409,16.94199763,15.723707689));
#4903=CARTESIAN_POINT('',(36.883791762,16.808341526,15.804011964));
#4904=CARTESIAN_POINT('',(36.728075497,16.530446705,15.998569603));
#4905=CARTESIAN_POINT('',(36.680646737,16.386297053,16.112760702));
#4906=CARTESIAN_POINT('',(36.653107825,16.107240655,16.359415347));
#4907=CARTESIAN_POINT('',(36.67300647,15.97242336,16.491799957));
#4908=CARTESIAN_POINT('',(36.725216167,15.851505419,16.624226962));
#4909=CARTESIAN_POINT('',(37.608380384,17.258824699,15.437251703));
#4910=CARTESIAN_POINT('',(37.444064233,17.174670377,15.447897819));
#4911=CARTESIAN_POINT('',(37.293232665,17.067032587,15.480133751));
#4912=CARTESIAN_POINT('',(37.03875203,16.819217823,15.583466581));
#4913=CARTESIAN_POINT('',(36.935181764,16.679117632,15.654531507));
#4914=CARTESIAN_POINT('',(36.789259734,16.385312166,15.825939068));
#4915=CARTESIAN_POINT('',(36.746953141,16.231697936,15.926228674));
#4916=CARTESIAN_POINT('',(36.729316076,15.931639923,16.142545993));
#4917=CARTESIAN_POINT('',(36.753991041,15.785289136,16.258506785));
#4918=CARTESIAN_POINT('',(36.810504637,15.652427126,16.374503478));
#4919=CARTESIAN_POINT('',(37.622989317,17.208870986,15.370180904));
#4920=CARTESIAN_POINT('',(37.45980608,17.124139065,15.380674871));
#4921=CARTESIAN_POINT('',(37.310569208,17.015113855,15.411048421));
#4922=CARTESIAN_POINT('',(37.059829522,16.762974289,15.507518292));
#4923=CARTESIAN_POINT('',(36.958403111,16.619936792,15.573585245));
#4924=CARTESIAN_POINT('',(36.816921084,16.318947432,15.732604087));
#4925=CARTESIAN_POINT('',(36.77690857,16.161087329,15.825507571));
#4926=CARTESIAN_POINT('',(36.763658686,15.851629274,16.02575772));
#4927=CARTESIAN_POINT('',(36.790425337,15.700125672,16.133043432));
#4928=CARTESIAN_POINT('',(36.848803223,15.561921795,16.24036181));
#4929=CARTESIAN_POINT('',(37.648639455,17.119388159,15.226332529));
#4930=CARTESIAN_POINT('',(37.487600026,17.033463333,15.236023923));
#4931=CARTESIAN_POINT('',(37.341304805,16.921844895,15.262055139));
#4932=CARTESIAN_POINT('',(37.097367534,16.66184523,15.343388975));
#4933=CARTESIAN_POINT('',(36.999797612,16.513540914,15.398667575));
#4934=CARTESIAN_POINT('',(36.866235984,16.199755289,15.53121133));
#4935=CARTESIAN_POINT('',(36.830283761,16.034366807,15.608437346));
#4936=CARTESIAN_POINT('',(36.824744629,15.708269788,15.774687895));
#4937=CARTESIAN_POINT('',(36.855159341,15.547657727,15.863663337));
#4938=CARTESIAN_POINT('',(36.91676512,15.400005261,15.952665059));
#4939=CARTESIAN_POINT('',(37.65933709,17.081026392,15.151395698));
#4940=CARTESIAN_POINT('',(37.499280984,16.994502661,15.160447437));
#4941=CARTESIAN_POINT('',(37.354295034,16.881713132,15.184054668));
#4942=CARTESIAN_POINT('',(37.113332156,16.618282445,15.257309623));
#4943=CARTESIAN_POINT('',(37.01742553,16.467718166,15.306935999));
#4944=CARTESIAN_POINT('',(36.887242872,16.148488627,15.425732096));
#4945=CARTESIAN_POINT('',(36.853004817,15.979916533,15.494867199));
#4946=CARTESIAN_POINT('',(36.85069021,15.646798801,15.643619833));
#4947=CARTESIAN_POINT('',(36.882614324,15.482350384,15.723194018));
#4948=CARTESIAN_POINT('',(36.945541989,15.330714821,15.802791397));
#4949=CARTESIAN_POINT('',(37.676907151,17.017144179,14.996406186));
#4950=CARTESIAN_POINT('',(37.518542121,16.929547659,15.003781083));
#4951=CARTESIAN_POINT('',(37.375776177,16.814756752,15.022117542));
#4952=CARTESIAN_POINT('',(37.139814002,16.545559178,15.078355813));
#4953=CARTESIAN_POINT('',(37.046685056,16.391229292,15.116241614));
#4954=CARTESIAN_POINT('',(36.922115069,16.062969194,15.206675358));
#4955=CARTESIAN_POINT('',(36.890709545,15.889132612,15.259197558));
#4956=CARTESIAN_POINT('',(36.893697934,15.54441909,15.37209966));
#4957=CARTESIAN_POINT('',(36.928090986,15.373640476,15.432447425));
#4958=CARTESIAN_POINT('',(36.993169449,15.215429795,15.492812373));
#4959=CARTESIAN_POINT('',(37.683798202,16.991552796,14.916241235));
#4960=CARTESIAN_POINT('',(37.526142909,16.90348124,14.922578159));
#4961=CARTESIAN_POINT('',(37.38429027,16.787857856,14.938064324));
#4962=CARTESIAN_POINT('',(37.150360113,16.51631808,14.985352836));
#4963=CARTESIAN_POINT('',(37.05834868,16.360478402,15.017141843));
#4964=CARTESIAN_POINT('',(36.936018616,16.028621698,15.092940262));
#4965=CARTESIAN_POINT('',(36.905734541,15.852698428,15.13692829));
#4966=CARTESIAN_POINT('',(36.910807073,15.503397005,15.231451396));
#4967=CARTESIAN_POINT('',(36.946162244,15.330117539,15.281959807));
#4968=CARTESIAN_POINT('',(37.012071814,15.169307537,15.332482471));
#4969=CARTESIAN_POINT('',(37.693899824,16.953778625,14.750330076));
#4970=CARTESIAN_POINT('',(37.53730761,16.86498368,14.754293324));
#4971=CARTESIAN_POINT('',(37.396814444,16.748116458,14.763717063));
#4972=CARTESIAN_POINT('',(37.16589722,16.473103734,14.792288128));
#4973=CARTESIAN_POINT('',(37.07553748,16.315034838,14.811427515));
#4974=CARTESIAN_POINT('',(36.956509511,15.977879492,14.856982193));
#4975=CARTESIAN_POINT('',(36.927874433,15.79888696,14.883384826));
#4976=CARTESIAN_POINT('',(36.936004225,15.442841449,14.940086055));
#4977=CARTESIAN_POINT('',(36.972766828,15.265887651,14.970368895));
#4978=CARTESIAN_POINT('',(37.039888803,15.101257848,15.000660152));
#4979=CARTESIAN_POINT('',(37.696977677,16.942099838,14.666661534));
#4980=CARTESIAN_POINT('',(37.540724125,16.853067006,14.669320022));
#4981=CARTESIAN_POINT('',(37.400658642,16.735805571,14.675608422));
#4982=CARTESIAN_POINT('',(37.170681737,16.459709032,14.69464723));
#4983=CARTESIAN_POINT('',(37.080834091,16.300950492,14.707392364));
#4984=CARTESIAN_POINT('',(36.962824386,15.96216348,14.73771711));
#4985=CARTESIAN_POINT('',(36.934695051,15.782228958,14.755288321));
#4986=CARTESIAN_POINT('',(36.943757739,15.424116278,14.793019152));
#4987=CARTESIAN_POINT('',(36.980947248,15.246037431,14.813168317));
#4988=CARTESIAN_POINT('',(37.048434756,15.080237512,14.833323067));
#4989=CARTESIAN_POINT('',(37.699427003,16.932819888,14.498947904));
#4990=CARTESIAN_POINT('',(37.543441757,16.843599138,14.498936942));
#4991=CARTESIAN_POINT('',(37.403715517,16.726025211,14.498901457));
#4992=CARTESIAN_POINT('',(37.174485075,16.449068249,14.49878629));
#4993=CARTESIAN_POINT('',(37.085044215,16.289761746,14.498706643));
#4994=CARTESIAN_POINT('',(36.967843818,15.949677689,14.498514024));
#4995=CARTESIAN_POINT('',(36.940116666,15.768994111,14.498401112));
#4996=CARTESIAN_POINT('',(36.94992161,15.409237444,14.498157366));
#4997=CARTESIAN_POINT('',(36.987450995,15.230263769,14.498026608));
#4998=CARTESIAN_POINT('',(37.0552297,15.063533224,14.497895809));
#4999=CARTESIAN_POINT('',(37.698808328,16.935180615,14.41473646));
#5000=CARTESIAN_POINT('',(37.54275386,16.846009047,14.413358034));
#5001=CARTESIAN_POINT('',(37.402940606,16.728515549,14.410127621));
#5002=CARTESIAN_POINT('',(37.173519415,16.451778441,14.400371589));
#5003=CARTESIAN_POINT('',(37.083974931,16.292611373,14.393848659));
#5004=CARTESIAN_POINT('',(36.966568903,15.952856631,14.378338348));
#5005=CARTESIAN_POINT('',(36.93873983,15.772362929,14.369355242));
#5006=CARTESIAN_POINT('',(36.948357131,15.413022733,14.350069801));
#5007=CARTESIAN_POINT('',(36.985800845,15.234275628,14.33977278));
#5008=CARTESIAN_POINT('',(37.053506367,15.067780768,14.32947292));
#5009=CARTESIAN_POINT('',(37.693703829,16.954467263,14.245575052));
#5010=CARTESIAN_POINT('',(37.537094841,16.865681799,14.241561122));
#5011=CARTESIAN_POINT('',(37.396578816,16.74883474,14.231993496));
#5012=CARTESIAN_POINT('',(37.165608966,16.473882709,14.202967318));
#5013=CARTESIAN_POINT('',(37.075219491,16.315854342,14.183516842));
#5014=CARTESIAN_POINT('',(36.956130632,15.978797298,14.137214115));
#5015=CARTESIAN_POINT('',(36.927464426,15.799862531,14.110374748));
#5016=CARTESIAN_POINT('',(36.935535261,15.44394464,14.052732452));
#5017=CARTESIAN_POINT('',(36.972270052,15.267060683,14.021945563));
#5018=CARTESIAN_POINT('',(37.03936749,15.102503347,13.991150104));
#5019=CARTESIAN_POINT('',(37.689276889,16.971166101,14.162813097));
#5020=CARTESIAN_POINT('',(37.53218942,16.882712538,14.157567252));
#5021=CARTESIAN_POINT('',(37.391066116,16.76642356,14.144940769));
#5022=CARTESIAN_POINT('',(37.158756819,16.493015392,14.106536284));
#5023=CARTESIAN_POINT('',(37.067635955,16.335972863,14.080769026));
#5024=CARTESIAN_POINT('',(36.947089621,16.001252629,14.019389431));
#5025=CARTESIAN_POINT('',(36.917697944,15.823668779,13.983794266));
#5026=CARTESIAN_POINT('',(36.92442783,15.470716989,13.907331014));
#5027=CARTESIAN_POINT('',(36.9605475,15.295448019,13.86648432));
#5028=CARTESIAN_POINT('',(37.027116956,15.132570057,13.825626193));
#5029=CARTESIAN_POINT('',(37.676694262,17.017839241,14.001560807));
#5030=CARTESIAN_POINT('',(37.518315555,16.93024785,13.994168791));
#5031=CARTESIAN_POINT('',(37.375528976,16.81547428,13.975766792));
#5032=CARTESIAN_POINT('',(37.139516625,16.546334843,13.919309643));
#5033=CARTESIAN_POINT('',(37.04635817,16.392045756,13.881270575));
#5034=CARTESIAN_POINT('',(36.921725883,16.063886992,13.790463843));
#5035=CARTESIAN_POINT('',(36.890287597,15.890110933,13.737722045));
#5036=CARTESIAN_POINT('',(36.893212371,15.545531919,13.624344928));
#5037=CARTESIAN_POINT('',(36.927574593,15.374827268,13.563741905));
#5038=CARTESIAN_POINT('',(36.992625157,15.216693156,13.503121614));
#5039=CARTESIAN_POINT('',(37.66853541,17.047830002,13.922934407));
#5040=CARTESIAN_POINT('',(37.509343264,16.960769368,13.914625727));
#5041=CARTESIAN_POINT('',(37.365499913,16.846953781,13.893501755));
#5042=CARTESIAN_POINT('',(37.1271224,16.580540828,13.828354485));
#5043=CARTESIAN_POINT('',(37.032656969,16.428020301,13.784349942));
#5044=CARTESIAN_POINT('',(36.905394809,16.104088372,13.679168225));
#5045=CARTESIAN_POINT('',(36.872634767,15.932770404,13.618021329));
#5046=CARTESIAN_POINT('',(36.873094388,15.593600718,13.486520739));
#5047=CARTESIAN_POINT('',(36.906313907,15.425846834,13.4162049));
#5048=CARTESIAN_POINT('',(36.970373311,15.270778708,13.345868813));
#5049=CARTESIAN_POINT('',(37.650168243,17.113754502,13.78587969));
#5050=CARTESIAN_POINT('',(37.489282232,17.027729619,13.776310344));
#5051=CARTESIAN_POINT('',(37.343186068,16.91593099,13.750687216));
#5052=CARTESIAN_POINT('',(37.09969382,16.655419004,13.670685641));
#5053=CARTESIAN_POINT('',(37.002369596,16.506782544,13.616330788));
#5054=CARTESIAN_POINT('',(36.869301897,16.192203327,13.486023908));
#5055=CARTESIAN_POINT('',(36.833597688,16.02635343,13.410110307));
#5056=CARTESIAN_POINT('',(36.828520661,15.699241041,13.24669407));
#5057=CARTESIAN_POINT('',(36.859149334,15.538075112,13.159239623));
#5058=CARTESIAN_POINT('',(36.92094048,15.389847084,13.071759379));
#5059=CARTESIAN_POINT('',(37.640879698,17.146652055,13.727713625));
#5060=CARTESIAN_POINT('',(37.479179063,17.061095913,13.717757057));
#5061=CARTESIAN_POINT('',(37.331980794,16.950270646,13.690332338));
#5062=CARTESIAN_POINT('',(37.085962095,16.692667523,13.60415567));
#5063=CARTESIAN_POINT('',(36.987215106,16.54596657,13.545429443));
#5064=CARTESIAN_POINT('',(36.851241834,16.236073819,13.404429769));
#5065=CARTESIAN_POINT('',(36.814056138,16.07297454,13.322198409));
#5066=CARTESIAN_POINT('',(36.806180108,15.751936827,13.145094644));
#5067=CARTESIAN_POINT('',(36.835492118,15.594094243,13.050275103));
#5068=CARTESIAN_POINT('',(36.896124857,15.449315486,12.955427251));
#5069=CARTESIAN_POINT('',(37.630398475,17.182975279,13.672192468));
#5070=CARTESIAN_POINT('',(37.467846722,17.097871518,13.661999682));
#5071=CARTESIAN_POINT('',(37.319467947,16.988076736,13.632952923));
#5072=CARTESIAN_POINT('',(37.070703729,16.733639732,13.540998983));
#5073=CARTESIAN_POINT('',(36.970393479,16.58907438,13.478119626));
#5074=CARTESIAN_POINT('',(36.83119974,16.284387575,13.32688676));
#5075=CARTESIAN_POINT('',(36.792358328,16.124358174,13.238579019));
#5076=CARTESIAN_POINT('',(36.781330557,15.810111861,13.048281055));
#5077=CARTESIAN_POINT('',(36.809147538,15.655989887,12.946348425));
#5078=CARTESIAN_POINT('',(36.868454357,15.515070025,12.844384936));
#5079=B_SPLINE_SURFACE_WITH_KNOTS('',3,3,((#4799,#4800,#4801,#4802,#4803,#4804,#4805,#4806,#4807,#4808),(#4809,#4810,#4811,#4812,#4813,#4814,#4815,#4816,#4817,#4818),(#4819,#4820,#4821,#4822,#4823,#4824,#4825,#4826,#4827,#4828),(#4829,#4830,#4831,#4832,#4833,#4834,#4835,#4836,#4837,#4838),(#4839,#4840,#4841,#4842,#4843,#4844,#4845,#4846,#4847,#4848),(#4849,#4850,#4851,#4852,#4853,#4854,#4855,#4856,#4857,#4858),(#4859,#4860,#4861,#4862,#4863,#4864,#4865,#4866,#4867,#4868),(#4869,#4870,#4871,#4872,#4873,#4874,#4875,#4876,#4877,#4878),(#4879,#4880,#4881,#4882,#4883,#4884,#4885,#4886,#4887,#4888),(#4889,#4890,#4891,#4892,#4893,#4894,#4895,#4896,#4897,#4898),(#4899,#4900,#4901,#4902,#4903,#4904,#4905,#4906,#4907,#4908),(#4909,#4910,#4911,#4912,#4913,#4914,#4915,#4916,#4917,#4918),(#4919,#4920,#4921,#4922,#4923,#4924,#4925,#4926,#4927,#4928),(#4929,#4930,#4931,#4932,#4933,#4934,#4935,#4936,#4937,#4938),(#4939,#4940,#4941,#4942,#4943,#4944,#4945,#4946,#4947,#4948),(#4949,#4950,#4951,#4952,#4953,#4954,#4955,#4956,#4957,#4958),(#4959,#4960,#4961,#4962,#4963,#4964,#4965,#4966,#4967,#4968),(#4969,#4970,#4971,#4972,#4973,#4974,#4975,#4976,#4977,#4978),(#4979,#4980,#4981,#4982,#4983,#4984,#4985,#4986,#4987,#4988),(#4989,#4990,#4991,#4992,#4993,#4994,#4995,#4996,#4997,#4998),(#4999,#5000,#5001,#5002,#5003,#5004,#5005,#5006,#5007,#5008),(#5009,#5010,#5011,#5012,#5013,#5014,#5015,#5016,#5017,#5018),(#5019,#5020,#5021,#5022,#5023,#5024,#5025,#5026,#5027,#5028),(#5029,#5030,#5031,#5032,#5033,#5034,#5035,#5036,#5037,#5038),(#5039,#5040,#5041,#5042,#5043,#5044,#5045,#5046,#5047,#5048),(#5049,#5050,#5051,#5052,#5053,#5054,#5055,#5056,#5057,#5058),
(#5059,#5060,#5061,#5062,#5063,#5064,#5065,#5066,#5067,#5068),(#5069,#5070,#5071,#5072,#5073,#5074,#5075,#5076,#5077,#5078)),.UNSPECIFIED.,.F.,.F.,.U.,(4,2,2,2,2,2,2,2,2,2,2,2,2,4),(4,2,2,2,4),(0.00970138,0.010205258,0.010709135,0.011213013,0.01171689,0.012220768,0.012724645,0.013228523,0.0137324,0.014236278,0.014740155,0.015244033,0.01574791,0.016146172),(0.,0.25,0.5,0.75,1.),.UNSPECIFIED.);
#5080=ORIENTED_EDGE('',*,*,#1002,.F.);
#5081=CARTESIAN_POINT('',(37.038119524,15.10555203,15.));
#5082=CARTESIAN_POINT('',(37.006082186,15.184106228,14.843131791));
#5083=CARTESIAN_POINT('',(36.982547796,15.273774697,14.690423744));
#5084=CARTESIAN_POINT('',(36.965561841,15.373261783,14.543996474));
#5085=CARTESIAN_POINT('',(36.948575886,15.472748869,14.397569204));
#5086=CARTESIAN_POINT('',(36.938168737,15.582475188,14.256685466));
#5087=CARTESIAN_POINT('',(36.932252622,15.699313163,14.124693252));
#5088=CARTESIAN_POINT('',(36.920420394,15.932989113,13.860708824));
#5089=CARTESIAN_POINT('',(36.926989654,16.196650444,13.628063539));
#5090=CARTESIAN_POINT('',(36.927987415,16.492816975,13.429935495));
#5091=B_SPLINE_CURVE_WITH_KNOTS('',3,(#5081,#5082,#5083,#5084,#5085,#5086,#5087,#5088,#5089,#5090),.UNSPECIFIED.,.F.,.F.,(4,3,3,4),(0.,0.000526932,0.001053863,0.002107726),.UNSPECIFIED.);
#5092=EDGE_CURVE('9:4953',#966,#2525,#5091,.T.);
#5093=ORIENTED_EDGE('',*,*,#5092,.T.);
#5094=ORIENTED_EDGE('',*,*,#2531,.F.);
#5095=ORIENTED_EDGE('',*,*,#2382,.F.);
#5096=ORIENTED_EDGE('',*,*,#3246,.F.);
#5097=CARTESIAN_POINT('',(37.206998566,18.381764271,17.5));
#5098=DIRECTION('',(0.442934079,-0.896554182,-0.));
#5099=DIRECTION('',(0.896554182,0.442934079,0.));
#5100=AXIS2_PLACEMENT_3D('',#5097,#5098,#5099);
#5101=CIRCLE('',#5100,1.5);
#5102=EDGE_CURVE('9:2768',#975,#871,#5101,.T.);
#5103=ORIENTED_EDGE('',*,*,#5102,.F.);
#5104=EDGE_LOOP('',(#5080,#5093,#5094,#5095,#5096,#5103));
#5105=FACE_BOUND('',#5104,.T.);
#5106=ADVANCED_FACE('9:2601',(#5105),#5079,.F.);
#5107=CARTESIAN_POINT('',(0.,0.,17.5));
#5108=DIRECTION('',(0.,0.,1.));
#5109=DIRECTION('',(1.,0.,-0.));
#5110=AXIS2_PLACEMENT_3D('',#5107,#5108,#5109);
#5111=TOROIDAL_SURFACE('',#5110,41.5,1.5);
#5112=ORIENTED_EDGE('',*,*,#5102,.T.);
#5113=ORIENTED_EDGE('',*,*,#877,.F.);
#5114=CARTESIAN_POINT('',(34.726303874,22.722979981,17.5));
#5115=DIRECTION('',(0.547541686,-0.836778407,-0.));
#5116=DIRECTION('',(0.836778407,0.547541686,-0.));
#5117=AXIS2_PLACEMENT_3D('',#5114,#5115,#5116);
#5118=CIRCLE('',#5117,1.5);
#5119=EDGE_CURVE('9:2759',#1005,#863,#5118,.T.);
#5120=ORIENTED_EDGE('',*,*,#5119,.F.);
#5121=ORIENTED_EDGE('',*,*,#1011,.F.);
#5122=EDGE_LOOP('',(#5112,#5113,#5120,#5121));
#5123=FACE_BOUND('',#5122,.T.);
#5124=ADVANCED_FACE('9:2598',(#5123),#5111,.F.);
#5125=CARTESIAN_POINT('',(33.471136264,21.901667452,17.5));
#5126=CARTESIAN_POINT('',(33.471136264,21.901667452,17.303650459));
#5127=CARTESIAN_POINT('',(33.503804918,21.923044018,17.107378173));
#5128=CARTESIAN_POINT('',(33.629555502,22.005328272,16.744571529));
#5129=CARTESIAN_POINT('',(33.722587955,22.066203584,16.57817992));
#5130=CARTESIAN_POINT('',(33.954944737,22.21824506,16.300499736));
#5131=CARTESIAN_POINT('',(34.094177642,22.309351403,16.189320417));
#5132=CARTESIAN_POINT('',(34.397766408,22.508003164,16.039040985));
#5133=CARTESIAN_POINT('',(34.562002818,22.615470422,16.));
#5134=CARTESIAN_POINT('',(34.726303874,22.722979981,16.));
#5135=CARTESIAN_POINT('',(33.381206604,22.039102099,17.5));
#5136=CARTESIAN_POINT('',(33.387291046,22.029803574,17.304077397));
#5137=CARTESIAN_POINT('',(33.425810158,22.041925309,17.108231213));
#5138=CARTESIAN_POINT('',(33.561932805,22.107195927,16.746085128));
#5139=CARTESIAN_POINT('',(33.659483209,22.160319411,16.579926479));
#5140=CARTESIAN_POINT('',(33.89891836,22.299574614,16.302375868));
#5141=CARTESIAN_POINT('',(34.040709691,22.38565206,16.191092163));
#5142=CARTESIAN_POINT('',(34.347157367,22.577790868,16.040210119));
#5143=CARTESIAN_POINT('',(34.511694173,22.683777308,16.000670633));
#5144=CARTESIAN_POINT('',(34.675196535,22.791727731,16.));
#5145=CARTESIAN_POINT('',(33.291727518,22.174001863,17.485640848));
#5146=CARTESIAN_POINT('',(33.303876304,22.15568558,17.291163206));
#5147=CARTESIAN_POINT('',(33.348200747,22.158811305,17.096760626));
#5148=CARTESIAN_POINT('',(33.494577195,22.207487572,16.737132854));
#5149=CARTESIAN_POINT('',(33.596572649,22.253019398,16.572046468));
#5150=CARTESIAN_POINT('',(33.84294368,22.379677786,16.295978751));
#5151=CARTESIAN_POINT('',(33.98722412,22.460755511,16.185103975));
#5152=CARTESIAN_POINT('',(34.296427946,22.646305338,16.034228275));
#5153=CARTESIAN_POINT('',(34.461231958,22.750705843,15.994285589));
#5154=CARTESIAN_POINT('',(34.623933208,22.858937838,15.992820424));
#5155=CARTESIAN_POINT('',(33.113695035,22.438999107,17.429474432));
#5156=CARTESIAN_POINT('',(33.137876622,22.403238469,17.239769562));
#5157=CARTESIAN_POINT('',(33.193672957,22.388921924,17.050136192));
#5158=CARTESIAN_POINT('',(33.360254997,22.405297603,16.69899897));
#5159=CARTESIAN_POINT('',(33.470977863,22.435983727,16.537627461));
#5160=CARTESIAN_POINT('',(33.730941567,22.537829912,16.26709437));
#5161=CARTESIAN_POINT('',(33.880084381,22.608951639,16.158034753));
#5162=CARTESIAN_POINT('',(34.194677367,22.781099592,16.008425042));
#5163=CARTESIAN_POINT('',(34.360008941,22.882060958,15.967931341));
#5164=CARTESIAN_POINT('',(34.521174578,22.990459854,15.964737211));
#5165=CARTESIAN_POINT('',(33.025141032,22.569096058,17.387666544));
#5166=CARTESIAN_POINT('',(33.055291086,22.524908912,17.201289557));
#5167=CARTESIAN_POINT('',(33.116753975,22.502146188,17.014981859));
#5168=CARTESIAN_POINT('',(33.293287778,22.502815744,16.669817002));
#5169=CARTESIAN_POINT('',(33.408292986,22.526247859,16.511088166));
#5170=CARTESIAN_POINT('',(33.674913453,22.615878673,16.244606894));
#5171=CARTESIAN_POINT('',(33.826429519,22.682044104,16.136953532));
#5172=CARTESIAN_POINT('',(34.143655512,22.847379073,15.988603463));
#5173=CARTESIAN_POINT('',(34.309247449,22.94648716,15.947961915));
#5174=CARTESIAN_POINT('',(34.469678604,23.054771289,15.943833272));
#5175=CARTESIAN_POINT('',(32.849197091,22.824423049,17.275465407));
#5176=CARTESIAN_POINT('',(32.891128287,22.764007053,17.097609012));
#5177=CARTESIAN_POINT('',(32.963733248,22.724937673,16.919816795));
#5178=CARTESIAN_POINT('',(33.159794094,22.695145956,16.590045323));
#5179=CARTESIAN_POINT('',(33.283179154,22.704434455,16.438185062));
#5180=CARTESIAN_POINT('',(33.562826216,22.77004561,16.182454078));
#5181=CARTESIAN_POINT('',(33.718987238,22.826344648,16.078675635));
#5182=CARTESIAN_POINT('',(34.041418133,22.977800271,15.9342857));
#5183=CARTESIAN_POINT('',(34.207571603,23.072902222,15.893726317));
#5184=CARTESIAN_POINT('',(34.366659216,23.180508754,15.887732703));
#5185=CARTESIAN_POINT('',(32.764249322,22.946112757,17.206615534));
#5186=CARTESIAN_POINT('',(32.811829361,22.878119372,17.033832843));
#5187=CARTESIAN_POINT('',(32.889755079,22.831415681,16.861111504));
#5188=CARTESIAN_POINT('',(33.095120381,22.787291537,16.540546534));
#5189=CARTESIAN_POINT('',(33.222486957,22.789886839,16.392816723));
#5190=CARTESIAN_POINT('',(33.508324003,22.844027472,16.143635804));
#5191=CARTESIAN_POINT('',(33.666692895,22.895553633,16.042273173));
#5192=CARTESIAN_POINT('',(33.991624841,23.040136085,15.900531802));
#5193=CARTESIAN_POINT('',(34.158072448,23.133141053,15.860203397));
#5194=CARTESIAN_POINT('',(34.316570344,23.240194317,15.853307788));
#5195=CARTESIAN_POINT('',(32.600670272,23.177929633,17.044659012));
#5196=CARTESIAN_POINT('',(32.659031253,23.095788271,16.883472409));
#5197=CARTESIAN_POINT('',(32.747077158,23.034795748,16.722341164));
#5198=CARTESIAN_POINT('',(32.970115055,22.963718988,16.422908407));
#5199=CARTESIAN_POINT('',(33.105030354,22.953659253,16.284709727));
#5200=CARTESIAN_POINT('',(33.402620985,22.985923236,16.050833594));
#5201=CARTESIAN_POINT('',(33.565194023,23.028235932,15.955236462));
#5202=CARTESIAN_POINT('',(33.894964005,23.159260355,15.820203618));
#5203=CARTESIAN_POINT('',(34.062047618,23.247927097,15.780814287));
#5204=CARTESIAN_POINT('',(34.219547036,23.353496908,15.772329485));
#5205=CARTESIAN_POINT('',(32.521997752,23.28811305,16.951527025));
#5206=CARTESIAN_POINT('',(32.585493608,23.199397663,16.796864782));
#5207=CARTESIAN_POINT('',(32.678341528,23.131747126,16.642254727));
#5208=CARTESIAN_POINT('',(32.909752025,23.048043568,16.354751241));
#5209=CARTESIAN_POINT('',(33.048236407,23.032018885,16.221954825));
#5210=CARTESIAN_POINT('',(33.35139349,23.053871368,15.996835869));
#5211=CARTESIAN_POINT('',(33.515963781,23.091741213,15.904589296));
#5212=CARTESIAN_POINT('',(33.848071778,23.216077443,15.773617259));
#5213=CARTESIAN_POINT('',(34.015497315,23.302501876,15.734935996));
#5214=CARTESIAN_POINT('',(34.172587625,23.407141123,15.725763512));
#5215=CARTESIAN_POINT('',(32.371542232,23.496804053,16.739900219));
#5216=CARTESIAN_POINT('',(32.444757419,23.395892866,16.599714999));
#5217=CARTESIAN_POINT('',(32.546667104,23.31586106,16.459575436));
#5218=CARTESIAN_POINT('',(32.793863905,23.20856295,16.198639217));
#5219=CARTESIAN_POINT('',(32.939070393,23.181331692,16.077927545));
#5220=CARTESIAN_POINT('',(33.252738822,23.183454082,15.872600003));
#5221=CARTESIAN_POINT('',(33.421098481,23.212807094,15.78805101));
#5222=CARTESIAN_POINT('',(33.757727643,23.324067701,15.666798071));
#5223=CARTESIAN_POINT('',(33.925887394,23.405939063,15.630133624));
#5224=CARTESIAN_POINT('',(34.082336449,23.508426795,15.619950109));
#5225=CARTESIAN_POINT('',(32.301791338,23.592498869,16.624226962));
#5226=CARTESIAN_POINT('',(32.379460334,23.486129099,16.491799957));
#5227=CARTESIAN_POINT('',(32.48550823,23.400539948,16.359415347));
#5228=CARTESIAN_POINT('',(32.739907343,23.282590992,16.112760702));
#5229=CARTESIAN_POINT('',(32.888177029,23.250269024,15.998569603));
#5230=CARTESIAN_POINT('',(33.206650055,23.243339513,15.804011964));
#5231=CARTESIAN_POINT('',(33.37675135,23.268734233,15.723707689));
#5232=CARTESIAN_POINT('',(33.715503412,23.373786372,15.60798547));
#5233=CARTESIAN_POINT('',(33.884045649,23.453410168,15.572604564));
#5234=CARTESIAN_POINT('',(34.040270941,23.554708058,15.562113516));
#5235=CARTESIAN_POINT('',(32.173578032,23.767048685,16.374503478));
#5236=CARTESIAN_POINT('',(32.259352246,23.650907028,16.258506785));
#5237=CARTESIAN_POINT('',(32.372911788,23.555347428,16.142545993));
#5238=CARTESIAN_POINT('',(32.640377508,23.418205292,15.926228674));
#5239=CARTESIAN_POINT('',(32.794200808,23.376665286,15.825939068));
#5240=CARTESIAN_POINT('',(33.121409009,23.353219953,15.654531507));
#5241=CARTESIAN_POINT('',(33.294692539,23.371321931,15.583466581));
#5242=CARTESIAN_POINT('',(33.637392351,23.464753137,15.480133751));
#5243=CARTESIAN_POINT('',(33.806702474,23.540053456,15.447897819));
#5244=CARTESIAN_POINT('',(33.962626705,23.638893638,15.437251703));
#5245=CARTESIAN_POINT('',(32.115048106,23.84599325,16.24036181));
#5246=CARTESIAN_POINT('',(32.204478058,23.725533411,16.133043432));
#5247=CARTESIAN_POINT('',(32.321415015,23.625555699,16.02575772));
#5248=CARTESIAN_POINT('',(32.594751896,23.479861509,15.825507571));
#5249=CARTESIAN_POINT('',(32.751068492,23.434189469,15.732604087));
#5250=CARTESIAN_POINT('',(33.082211739,23.403271693,15.573585245));
#5251=CARTESIAN_POINT('',(33.256937452,23.418035411,15.507518292));
#5252=CARTESIAN_POINT('',(33.601463996,23.506047975,15.411048421));
#5253=CARTESIAN_POINT('',(33.77115982,23.579270021,15.380674871));
#5254=CARTESIAN_POINT('',(33.927006503,23.676840911,15.370180904));
#5255=CARTESIAN_POINT('',(32.010054517,23.986748816,15.952665059));
#5256=CARTESIAN_POINT('',(32.105986015,23.858711047,15.863663337));
#5257=CARTESIAN_POINT('',(32.228918168,23.750966095,15.774687895));
#5258=CARTESIAN_POINT('',(32.512675466,23.590181323,15.608437346));
#5259=CARTESIAN_POINT('',(32.673416672,23.537189086,15.53121133));
#5260=CARTESIAN_POINT('',(33.011563267,23.492951017,15.398667575));
#5261=CARTESIAN_POINT('',(33.188868639,23.501718297,15.343388975));
#5262=CARTESIAN_POINT('',(33.536713425,23.579879808,15.262055139));
#5263=CARTESIAN_POINT('',(33.707149962,23.649250946,15.236023923));
#5264=CARTESIAN_POINT('',(33.862935983,23.744369234,15.226332529));
#5265=CARTESIAN_POINT('',(31.964967932,24.04671942,15.802791397));
#5266=CARTESIAN_POINT('',(32.06365991,23.915520607,15.723194018));
#5267=CARTESIAN_POINT('',(32.189130919,23.804527559,15.643619833));
#5268=CARTESIAN_POINT('',(32.477299766,23.637400372,15.494867199));
#5269=CARTESIAN_POINT('',(32.639913506,23.581315017,15.425732096));
#5270=CARTESIAN_POINT('',(32.981034766,23.531402003,15.306935999));
#5271=CARTESIAN_POINT('',(33.159442739,23.537588924,15.257309623));
#5272=CARTESIAN_POINT('',(33.508733408,23.611445978,15.184054668));
#5273=CARTESIAN_POINT('',(33.679514177,23.679094573,15.160447437));
#5274=CARTESIAN_POINT('',(33.835316953,23.773061633,15.151395698));
#5275=CARTESIAN_POINT('',(31.889825544,24.14628163,15.492812373));
#5276=CARTESIAN_POINT('',(31.993090295,24.009891685,15.432447425));
#5277=CARTESIAN_POINT('',(32.122761551,23.893557759,15.37209966));
#5278=CARTESIAN_POINT('',(32.418228327,23.715974743,15.259197558));
#5279=CARTESIAN_POINT('',(32.583939572,23.654776315,15.206675358));
#5280=CARTESIAN_POINT('',(32.929991496,23.595443023,15.116241614));
#5281=CARTESIAN_POINT('',(33.110233478,23.597325096,15.078355813));
#5282=CARTESIAN_POINT('',(33.461953722,23.663946048,15.022117542));
#5283=CARTESIAN_POINT('',(33.633331675,23.728665939,15.003781083));
#5284=CARTESIAN_POINT('',(33.789200154,23.820631424,14.996406186));
#5285=CARTESIAN_POINT('',(31.85968603,24.18598266,15.332482471));
#5286=CARTESIAN_POINT('',(31.96476825,24.047557029,15.281959807));
#5287=CARTESIAN_POINT('',(32.096105626,23.929124537,15.231451396));
#5288=CARTESIAN_POINT('',(32.394466952,23.747416711,15.13692829));
#5289=CARTESIAN_POINT('',(32.561406606,23.684192715,15.092940262));
#5290=CARTESIAN_POINT('',(32.909419953,23.621103674,15.017141843));
#5291=CARTESIAN_POINT('',(33.090395326,23.621256457,14.985352836));
#5292=CARTESIAN_POINT('',(33.443101828,23.684937629,14.938064324));
#5293=CARTESIAN_POINT('',(33.614733314,23.74844803,14.922578159));
#5294=CARTESIAN_POINT('',(33.770650727,23.839560878,14.916241235));
#5295=CARTESIAN_POINT('',(31.815181076,24.244496369,15.000660152));
#5296=CARTESIAN_POINT('',(31.922938674,24.103086921,14.970368895));
#5297=CARTESIAN_POINT('',(32.056727086,23.981576443,14.940086055));
#5298=CARTESIAN_POINT('',(32.359346555,23.793810748,14.883384826));
#5299=CARTESIAN_POINT('',(32.528093314,23.727607837,14.856982193));
#5300=CARTESIAN_POINT('',(32.878995197,23.658983834,14.811427515));
#5301=CARTESIAN_POINT('',(33.061052575,23.656581863,14.792288128));
#5302=CARTESIAN_POINT('',(33.415221512,23.715904088,14.763717063));
#5303=CARTESIAN_POINT('',(33.587234418,23.777611765,14.754293324));
#5304=CARTESIAN_POINT('',(33.743235342,23.86744147,14.750330076));
#5305=CARTESIAN_POINT('',(31.801409963,24.262530899,14.833323067));
#5306=CARTESIAN_POINT('',(31.909990082,24.120212472,14.813168317));
#5307=CARTESIAN_POINT('',(32.044531031,23.997763019,14.793019152));
#5308=CARTESIAN_POINT('',(32.34845782,23.808144112,14.755288321));
#5309=CARTESIAN_POINT('',(32.517759379,23.741027242,14.73771711));
#5310=CARTESIAN_POINT('',(32.86955004,23.670697583,14.707392364));
#5311=CARTESIAN_POINT('',(33.051941586,23.667504296,14.69464723));
#5312=CARTESIAN_POINT('',(33.406566879,23.725466155,14.675608422));
#5313=CARTESIAN_POINT('',(33.578702284,23.786605228,14.669320022));
#5314=CARTESIAN_POINT('',(33.73473622,23.876022388,14.666661534));
#5315=CARTESIAN_POINT('',(31.790468317,24.276865643,14.497895809));
#5316=CARTESIAN_POINT('',(31.899702368,24.133823867,14.498026608));
#5317=CARTESIAN_POINT('',(32.034841692,24.0106273,14.498157366));
#5318=CARTESIAN_POINT('',(32.339808003,23.819534272,14.498401112));
#5319=CARTESIAN_POINT('',(32.509550716,23.751690616,14.498514024));
#5320=CARTESIAN_POINT('',(32.862047952,23.680005206,14.498706643));
#5321=CARTESIAN_POINT('',(33.044705068,23.676183261,14.49878629));
#5322=CARTESIAN_POINT('',(33.399692675,23.733065185,14.498901457));
#5323=CARTESIAN_POINT('',(33.571925072,23.793753336,14.498936942));
#5324=CARTESIAN_POINT('',(33.72798469,23.882843936,14.498947904));
#5325=CARTESIAN_POINT('',(31.793252818,24.27322448,14.32947292));
#5326=CARTESIAN_POINT('',(31.90232097,24.130365409,14.33977278));
#5327=CARTESIAN_POINT('',(32.037308591,24.007357679,14.350069801));
#5328=CARTESIAN_POINT('',(32.34201136,23.816637751,14.369355242));
#5329=CARTESIAN_POINT('',(32.511642233,23.748978304,14.378338348));
#5330=CARTESIAN_POINT('',(32.863960148,23.677637244,14.393848659));
#5331=CARTESIAN_POINT('',(33.046549744,23.673975365,14.400371589));
#5332=CARTESIAN_POINT('',(33.40144478,23.731133244,14.410127621));
#5333=CARTESIAN_POINT('',(33.573652062,23.791937194,14.413358034));
#5334=CARTESIAN_POINT('',(33.72970445,23.881112401,14.41473646));
#5335=CARTESIAN_POINT('',(31.815989455,24.243414908,13.991150104));
#5336=CARTESIAN_POINT('',(31.923697076,24.102063391,14.021945563));
#5337=CARTESIAN_POINT('',(32.057439438,23.98061233,14.052732452));
#5338=CARTESIAN_POINT('',(32.359978889,23.79296222,14.110374748));
#5339=CARTESIAN_POINT('',(32.528691685,23.726815454,14.137214115));
#5340=CARTESIAN_POINT('',(32.879539791,23.658293819,14.183516842));
#5341=CARTESIAN_POINT('',(33.061577347,23.655938042,14.202967318));
#5342=CARTESIAN_POINT('',(33.415720714,23.71533642,14.231993496));
#5343=CARTESIAN_POINT('',(33.587727854,23.777074026,14.241561122));
#5344=CARTESIAN_POINT('',(33.743729124,23.866922996,14.245575052));
#5345=CARTESIAN_POINT('',(31.835673581,24.217595963,13.825626193));
#5346=CARTESIAN_POINT('',(31.942202408,24.077551929,13.86648432));
#5347=CARTESIAN_POINT('',(32.074865689,23.957450736,13.907331014));
#5348=CARTESIAN_POINT('',(32.37553052,23.772461772,13.983794266));
#5349=CARTESIAN_POINT('',(32.543447765,23.707625877,14.019389431));
#5350=CARTESIAN_POINT('',(32.893022567,23.641546292,14.080769026));
#5351=CARTESIAN_POINT('',(33.074582107,23.640321137,14.106536284));
#5352=CARTESIAN_POINT('',(33.428075403,23.701657308,14.144940769));
#5353=CARTESIAN_POINT('',(33.599910046,23.764201443,14.157567252));
#5354=CARTESIAN_POINT('',(33.755868293,23.854631145,14.162813097));
#5355=CARTESIAN_POINT('',(31.890637644,24.145171302,13.503121614));
#5356=CARTESIAN_POINT('',(31.993850593,24.008844267,13.563741905));
#5357=CARTESIAN_POINT('',(32.123473781,23.892574453,13.624344928));
#5358=CARTESIAN_POINT('',(32.418856968,23.715114533,13.737722045));
#5359=CARTESIAN_POINT('',(32.584532703,23.653975057,13.790463843));
#5360=CARTESIAN_POINT('',(32.930528953,23.594746886,13.881270575));
#5361=CARTESIAN_POINT('',(33.110750767,23.596675095,13.919309643));
#5362=CARTESIAN_POINT('',(33.462446398,23.663368791,13.975766792));
#5363=CARTESIAN_POINT('',(33.633819891,23.728115262,13.994168791));
#5364=CARTESIAN_POINT('',(33.789690894,23.820095135,14.001560807));
#5365=CARTESIAN_POINT('',(31.925937337,24.098541662,13.345868813));
#5366=CARTESIAN_POINT('',(32.027012025,23.964625127,13.4162049));
#5367=CARTESIAN_POINT('',(32.154673154,23.850837877,13.486520739));
#5368=CARTESIAN_POINT('',(32.446647538,23.678248055,13.618021329));
#5369=CARTESIAN_POINT('',(32.610876578,23.619495277,13.679168225));
#5370=CARTESIAN_POINT('',(32.954566413,23.564678774,13.784349942));
#5371=CARTESIAN_POINT('',(33.133928085,23.568630878,13.828354485));
#5372=CARTESIAN_POINT('',(33.484475521,23.638746467,13.893501755));
#5373=CARTESIAN_POINT('',(33.655560189,23.704889748,13.914625727));
#5374=CARTESIAN_POINT('',(33.811386903,23.797839891,13.922934407));
#5375=CARTESIAN_POINT('',(32.003422655,23.995503279,13.071759379));
#5376=CARTESIAN_POINT('',(32.099755912,23.8670136,13.159239623));
#5377=CARTESIAN_POINT('',(32.223056617,23.758803118,13.24669407));
#5378=CARTESIAN_POINT('',(32.507454089,23.597104728,13.410110307));
#5379=CARTESIAN_POINT('',(32.668466907,23.54366456,13.486023908));
#5380=CARTESIAN_POINT('',(33.007046448,23.498598053,13.616330788));
#5381=CARTESIAN_POINT('',(33.184513235,23.506985028,13.670685641));
#5382=CARTESIAN_POINT('',(33.532573472,23.584503033,13.750687216));
#5383=CARTESIAN_POINT('',(33.70306419,23.653611193,13.776310344));
#5384=CARTESIAN_POINT('',(33.858858525,23.748546509,13.78587969));
#5385=CARTESIAN_POINT('',(32.042058269,23.943932014,12.955427251));
#5386=CARTESIAN_POINT('',(32.136007962,23.818191516,13.050275103));
#5387=CARTESIAN_POINT('',(32.257113937,23.712802627,13.145094644));
#5388=CARTESIAN_POINT('',(32.537698874,23.556599752,13.322198409));
#5389=CARTESIAN_POINT('',(32.697094068,23.505832411,13.404429769));
#5390=CARTESIAN_POINT('',(33.033111176,23.465648448,13.545429443));
#5391=CARTESIAN_POINT('',(33.209632776,23.476243832,13.60415567));
#5392=CARTESIAN_POINT('',(33.556469575,23.557415279,13.690332338));
#5393=CARTESIAN_POINT('',(33.726681234,23.627967114,13.717757057));
#5394=CARTESIAN_POINT('',(33.882485309,23.723842235,13.727713625));
#5395=CARTESIAN_POINT('',(32.084660234,23.886709741,12.844384936));
#5396=CARTESIAN_POINT('',(32.175958499,23.764070706,12.946348425));
#5397=CARTESIAN_POINT('',(32.29461804,23.661858765,13.048281055));
#5398=CARTESIAN_POINT('',(32.570952039,23.511819179,13.238579019));
#5399=CARTESIAN_POINT('',(32.72854301,23.464036853,13.32688676));
#5400=CARTESIAN_POINT('',(33.061710001,23.429270466,13.478119626));
#5401=CARTESIAN_POINT('',(33.237185355,23.442296887,13.540998983));
#5402=CARTESIAN_POINT('',(33.5826883,23.52744112,13.632952923));
#5403=CARTESIAN_POINT('',(33.75261149,23.599533175,13.661999682));
#5404=CARTESIAN_POINT('',(33.908457927,23.696371237,13.672192468));
#5405=B_SPLINE_SURFACE_WITH_KNOTS('',3,3,((#5125,#5126,#5127,#5128,#5129,#5130,#5131,#5132,#5133,#5134),(#5135,#5136,#5137,#5138,#5139,#5140,#5141,#5142,#5143,#5144),(#5145,#5146,#5147,#5148,#5149,#5150,#5151,#5152,#5153,#5154),(#5155,#5156,#5157,#5158,#5159,#5160,#5161,#5162,#5163,#5164),(#5165,#5166,#5167,#5168,#5169,#5170,#5171,#5172,#5173,#5174),(#5175,#5176,#5177,#5178,#5179,#5180,#5181,#5182,#5183,#5184),(#5185,#5186,#5187,#5188,#5189,#5190,#5191,#5192,#5193,#5194),(#5195,#5196,#5197,#5198,#5199,#5200,#5201,#5202,#5203,#5204),(#5205,#5206,#5207,#5208,#5209,#5210,#5211,#5212,#5213,#5214),(#5215,#5216,#5217,#5218,#5219,#5220,#5221,#5222,#5223,#5224),(#5225,#5226,#5227,#5228,#5229,#5230,#5231,#5232,#5233,#5234),(#5235,#5236,#5237,#5238,#5239,#5240,#5241,#5242,#5243,#5244),(#5245,#5246,#5247,#5248,#5249,#5250,#5251,#5252,#5253,#5254),(#5255,#5256,#5257,#5258,#5259,#5260,#5261,#5262,#5263,#5264),(#5265,#5266,#5267,#5268,#5269,#5270,#5271,#5272,#5273,#5274),(#5275,#5276,#5277,#5278,#5279,#5280,#5281,#5282,#5283,#5284),(#5285,#5286,#5287,#5288,#5289,#5290,#5291,#5292,#5293,#5294),(#5295,#5296,#5297,#5298,#5299,#5300,#5301,#5302,#5303,#5304),(#5305,#5306,#5307,#5308,#5309,#5310,#5311,#5312,#5313,#5314),(#5315,#5316,#5317,#5318,#5319,#5320,#5321,#5322,#5323,#5324),(#5325,#5326,#5327,#5328,#5329,#5330,#5331,#5332,#5333,#5334),(#5335,#5336,#5337,#5338,#5339,#5340,#5341,#5342,#5343,#5344),(#5345,#5346,#5347,#5348,#5349,#5350,#5351,#5352,#5353,#5354),(#5355,#5356,#5357,#5358,#5359,#5360,#5361,#5362,#5363,#5364),(#5365,#5366,#5367,#5368,#5369,#5370,#5371,#5372,#5373,#5374),(#5375,#5376,#5377,#5378,#5379,#5380,#5381,#5382,#5383,#5384),
(#5385,#5386,#5387,#5388,#5389,#5390,#5391,#5392,#5393,#5394),(#5395,#5396,#5397,#5398,#5399,#5400,#5401,#5402,#5403,#5404)),.UNSPECIFIED.,.F.,.F.,.U.,(4,2,2,2,2,2,2,2,2,2,2,2,2,4),(4,2,2,2,4),(0.00970138,0.010205258,0.010709135,0.011213013,0.01171689,0.012220768,0.012724645,0.013228523,0.0137324,0.014236278,0.014740155,0.015244033,0.01574791,0.016146172),(0.,0.25,0.5,0.75,1.),.UNSPECIFIED.);
#5406=ORIENTED_EDGE('',*,*,#2677,.F.);
#5407=CARTESIAN_POINT('',(32.957251313,23.441605155,13.429935495));
#5408=CARTESIAN_POINT('',(32.701585899,23.591107015,13.628063539));
#5409=CARTESIAN_POINT('',(32.471096359,23.719306174,13.860708824));
#5410=CARTESIAN_POINT('',(32.275782672,23.848135577,14.124693252));
#5411=CARTESIAN_POINT('',(32.178125829,23.912550278,14.256685466));
#5412=CARTESIAN_POINT('',(32.088876014,23.977223645,14.397569204));
#5413=CARTESIAN_POINT('',(32.011787702,24.042366527,14.543996474));
#5414=CARTESIAN_POINT('',(31.934699389,24.107509409,14.690423744));
#5415=CARTESIAN_POINT('',(31.869394054,24.173310067,14.843131172));
#5416=CARTESIAN_POINT('',(31.81798243,24.240791944,15.));
#5417=B_SPLINE_CURVE_WITH_KNOTS('',3,(#5407,#5408,#5409,#5410,#5411,#5412,#5413,#5414,#5415,#5416),.UNSPECIFIED.,.F.,.F.,(4,3,3,4),(0.,0.001053863,0.001580795,0.002107726),.UNSPECIFIED.);
#5418=EDGE_CURVE('9:4950',#2652,#1014,#5417,.T.);
#5419=ORIENTED_EDGE('',*,*,#5418,.T.);
#5420=ORIENTED_EDGE('',*,*,#1041,.F.);
#5421=ORIENTED_EDGE('',*,*,#5119,.T.);
#5422=ORIENTED_EDGE('',*,*,#3185,.F.);
#5423=ORIENTED_EDGE('',*,*,#2417,.F.);
#5424=EDGE_LOOP('',(#5406,#5419,#5420,#5421,#5422,#5423));
#5425=FACE_BOUND('',#5424,.T.);
#5426=ADVANCED_FACE('9:2595',(#5425),#5405,.F.);
#5427=CARTESIAN_POINT('',(34.726303874,-22.722979981,16.));
#5428=CARTESIAN_POINT('',(34.562002818,-22.615470422,16.));
#5429=CARTESIAN_POINT('',(34.397766408,-22.508003164,16.039040985));
#5430=CARTESIAN_POINT('',(34.094177642,-22.309351403,16.189320417));
#5431=CARTESIAN_POINT('',(33.954944737,-22.21824506,16.300499736));
#5432=CARTESIAN_POINT('',(33.722587955,-22.066203584,16.57817992));
#5433=CARTESIAN_POINT('',(33.629555502,-22.005328272,16.744571529));
#5434=CARTESIAN_POINT('',(33.503804918,-21.923044018,17.107378173));
#5435=CARTESIAN_POINT('',(33.471136264,-21.901667452,17.303650459));
#5436=CARTESIAN_POINT('',(33.471136264,-21.901667452,17.5));
#5437=CARTESIAN_POINT('',(34.675196535,-22.791727731,16.));
#5438=CARTESIAN_POINT('',(34.511694173,-22.683777308,16.000670633));
#5439=CARTESIAN_POINT('',(34.347157367,-22.577790868,16.040210119));
#5440=CARTESIAN_POINT('',(34.040709691,-22.38565206,16.191092163));
#5441=CARTESIAN_POINT('',(33.89891836,-22.299574614,16.302375868));
#5442=CARTESIAN_POINT('',(33.659483209,-22.160319411,16.579926479));
#5443=CARTESIAN_POINT('',(33.561932805,-22.107195927,16.746085128));
#5444=CARTESIAN_POINT('',(33.425810158,-22.041925309,17.108231213));
#5445=CARTESIAN_POINT('',(33.387291046,-22.029803574,17.304077397));
#5446=CARTESIAN_POINT('',(33.381206604,-22.039102099,17.5));
#5447=CARTESIAN_POINT('',(34.623933208,-22.858937838,15.992820424));
#5448=CARTESIAN_POINT('',(34.461231958,-22.750705843,15.994285589));
#5449=CARTESIAN_POINT('',(34.296427946,-22.646305338,16.034228275));
#5450=CARTESIAN_POINT('',(33.98722412,-22.460755511,16.185103975));
#5451=CARTESIAN_POINT('',(33.84294368,-22.379677786,16.295978751));
#5452=CARTESIAN_POINT('',(33.596572649,-22.253019398,16.572046468));
#5453=CARTESIAN_POINT('',(33.494577195,-22.207487572,16.737132854));
#5454=CARTESIAN_POINT('',(33.348200747,-22.158811305,17.096760626));
#5455=CARTESIAN_POINT('',(33.303876304,-22.15568558,17.291163206));
#5456=CARTESIAN_POINT('',(33.291727518,-22.174001863,17.485640848));
#5457=CARTESIAN_POINT('',(34.521174578,-22.990459854,15.964737211));
#5458=CARTESIAN_POINT('',(34.360008941,-22.882060958,15.967931341));
#5459=CARTESIAN_POINT('',(34.194677367,-22.781099592,16.008425042));
#5460=CARTESIAN_POINT('',(33.880084381,-22.608951639,16.158034753));
#5461=CARTESIAN_POINT('',(33.730941567,-22.537829912,16.26709437));
#5462=CARTESIAN_POINT('',(33.470977863,-22.435983727,16.537627461));
#5463=CARTESIAN_POINT('',(33.360254997,-22.405297603,16.69899897));
#5464=CARTESIAN_POINT('',(33.193672957,-22.388921924,17.050136192));
#5465=CARTESIAN_POINT('',(33.137876622,-22.403238469,17.239769562));
#5466=CARTESIAN_POINT('',(33.113695035,-22.438999107,17.429474432));
#5467=CARTESIAN_POINT('',(34.469678604,-23.054771289,15.943833272));
#5468=CARTESIAN_POINT('',(34.309247449,-22.94648716,15.947961915));
#5469=CARTESIAN_POINT('',(34.143655512,-22.847379073,15.988603463));
#5470=CARTESIAN_POINT('',(33.826429519,-22.682044104,16.136953532));
#5471=CARTESIAN_POINT('',(33.674913453,-22.615878673,16.244606894));
#5472=CARTESIAN_POINT('',(33.408292986,-22.526247859,16.511088166));
#5473=CARTESIAN_POINT('',(33.293287778,-22.502815744,16.669817002));
#5474=CARTESIAN_POINT('',(33.116753975,-22.502146188,17.014981859));
#5475=CARTESIAN_POINT('',(33.055291086,-22.524908912,17.201289557));
#5476=CARTESIAN_POINT('',(33.025141032,-22.569096058,17.387666544));
#5477=CARTESIAN_POINT('',(34.366659216,-23.180508754,15.887732703));
#5478=CARTESIAN_POINT('',(34.207571603,-23.072902222,15.893726317));
#5479=CARTESIAN_POINT('',(34.041418133,-22.977800271,15.9342857));
#5480=CARTESIAN_POINT('',(33.718987238,-22.826344648,16.078675635));
#5481=CARTESIAN_POINT('',(33.562826216,-22.77004561,16.182454078));
#5482=CARTESIAN_POINT('',(33.283179154,-22.704434455,16.438185062));
#5483=CARTESIAN_POINT('',(33.159794094,-22.695145956,16.590045323));
#5484=CARTESIAN_POINT('',(32.963733248,-22.724937673,16.919816795));
#5485=CARTESIAN_POINT('',(32.891128287,-22.764007053,17.097609012));
#5486=CARTESIAN_POINT('',(32.849197091,-22.824423049,17.275465407));
#5487=CARTESIAN_POINT('',(34.316570344,-23.240194317,15.853307788));
#5488=CARTESIAN_POINT('',(34.158072448,-23.133141053,15.860203397));
#5489=CARTESIAN_POINT('',(33.991624841,-23.040136085,15.900531802));
#5490=CARTESIAN_POINT('',(33.666692895,-22.895553633,16.042273173));
#5491=CARTESIAN_POINT('',(33.508324003,-22.844027472,16.143635804));
#5492=CARTESIAN_POINT('',(33.222486957,-22.789886839,16.392816723));
#5493=CARTESIAN_POINT('',(33.095120381,-22.787291537,16.540546534));
#5494=CARTESIAN_POINT('',(32.889755079,-22.831415681,16.861111504));
#5495=CARTESIAN_POINT('',(32.811829361,-22.878119372,17.033832843));
#5496=CARTESIAN_POINT('',(32.764249322,-22.946112757,17.206615534));
#5497=CARTESIAN_POINT('',(34.219547036,-23.353496908,15.772329485));
#5498=CARTESIAN_POINT('',(34.062047618,-23.247927097,15.780814287));
#5499=CARTESIAN_POINT('',(33.894964005,-23.159260355,15.820203618));
#5500=CARTESIAN_POINT('',(33.565194023,-23.028235932,15.955236462));
#5501=CARTESIAN_POINT('',(33.402620985,-22.985923236,16.050833594));
#5502=CARTESIAN_POINT('',(33.105030354,-22.953659253,16.284709727));
#5503=CARTESIAN_POINT('',(32.970115055,-22.963718988,16.422908407));
#5504=CARTESIAN_POINT('',(32.747077158,-23.034795748,16.722341164));
#5505=CARTESIAN_POINT('',(32.659031253,-23.095788271,16.883472409));
#5506=CARTESIAN_POINT('',(32.600670272,-23.177929633,17.044659012));
#5507=CARTESIAN_POINT('',(34.172587625,-23.407141123,15.725763512));
#5508=CARTESIAN_POINT('',(34.015497315,-23.302501876,15.734935996));
#5509=CARTESIAN_POINT('',(33.848071778,-23.216077443,15.773617259));
#5510=CARTESIAN_POINT('',(33.515963781,-23.091741213,15.904589296));
#5511=CARTESIAN_POINT('',(33.35139349,-23.053871368,15.996835869));
#5512=CARTESIAN_POINT('',(33.048236407,-23.032018885,16.221954825));
#5513=CARTESIAN_POINT('',(32.909752025,-23.048043568,16.354751241));
#5514=CARTESIAN_POINT('',(32.678341528,-23.131747126,16.642254727));
#5515=CARTESIAN_POINT('',(32.585493608,-23.199397663,16.796864782));
#5516=CARTESIAN_POINT('',(32.521997752,-23.28811305,16.951527025));
#5517=CARTESIAN_POINT('',(34.082336449,-23.508426795,15.619950109));
#5518=CARTESIAN_POINT('',(33.925887394,-23.405939063,15.630133624));
#5519=CARTESIAN_POINT('',(33.757727643,-23.324067701,15.666798071));
#5520=CARTESIAN_POINT('',(33.421098481,-23.212807094,15.78805101));
#5521=CARTESIAN_POINT('',(33.252738822,-23.183454082,15.872600003));
#5522=CARTESIAN_POINT('',(32.939070393,-23.181331692,16.077927545));
#5523=CARTESIAN_POINT('',(32.793863905,-23.20856295,16.198639217));
#5524=CARTESIAN_POINT('',(32.546667104,-23.31586106,16.459575436));
#5525=CARTESIAN_POINT('',(32.444757419,-23.395892866,16.599714999));
#5526=CARTESIAN_POINT('',(32.371542232,-23.496804053,16.739900219));
#5527=CARTESIAN_POINT('',(34.040270941,-23.554708058,15.562113516));
#5528=CARTESIAN_POINT('',(33.884045649,-23.453410168,15.572604564));
#5529=CARTESIAN_POINT('',(33.715503412,-23.373786372,15.60798547));
#5530=CARTESIAN_POINT('',(33.37675135,-23.268734233,15.723707689));
#5531=CARTESIAN_POINT('',(33.206650055,-23.243339513,15.804011964));
#5532=CARTESIAN_POINT('',(32.888177029,-23.250269024,15.998569603));
#5533=CARTESIAN_POINT('',(32.739907343,-23.282590992,16.112760702));
#5534=CARTESIAN_POINT('',(32.48550823,-23.400539948,16.359415347));
#5535=CARTESIAN_POINT('',(32.379460334,-23.486129099,16.491799957));
#5536=CARTESIAN_POINT('',(32.301791338,-23.592498869,16.624226962));
#5537=CARTESIAN_POINT('',(33.962626705,-23.638893638,15.437251703));
#5538=CARTESIAN_POINT('',(33.806702474,-23.540053456,15.447897819));
#5539=CARTESIAN_POINT('',(33.637392351,-23.464753137,15.480133751));
#5540=CARTESIAN_POINT('',(33.294692539,-23.371321931,15.583466581));
#5541=CARTESIAN_POINT('',(33.121409009,-23.353219953,15.654531507));
#5542=CARTESIAN_POINT('',(32.794200808,-23.376665286,15.825939068));
#5543=CARTESIAN_POINT('',(32.640377508,-23.418205292,15.926228674));
#5544=CARTESIAN_POINT('',(32.372911788,-23.555347428,16.142545993));
#5545=CARTESIAN_POINT('',(32.259352246,-23.650907028,16.258506785));
#5546=CARTESIAN_POINT('',(32.173578032,-23.767048685,16.374503478));
#5547=CARTESIAN_POINT('',(33.927006503,-23.676840911,15.370180904));
#5548=CARTESIAN_POINT('',(33.77115982,-23.579270021,15.380674871));
#5549=CARTESIAN_POINT('',(33.601463996,-23.506047975,15.411048421));
#5550=CARTESIAN_POINT('',(33.256937452,-23.418035411,15.507518292));
#5551=CARTESIAN_POINT('',(33.082211739,-23.403271693,15.573585245));
#5552=CARTESIAN_POINT('',(32.751068492,-23.434189469,15.732604087));
#5553=CARTESIAN_POINT('',(32.594751896,-23.479861509,15.825507571));
#5554=CARTESIAN_POINT('',(32.321415015,-23.625555699,16.02575772));
#5555=CARTESIAN_POINT('',(32.204478058,-23.725533411,16.133043432));
#5556=CARTESIAN_POINT('',(32.115048106,-23.84599325,16.24036181));
#5557=CARTESIAN_POINT('',(33.862935983,-23.744369234,15.226332529));
#5558=CARTESIAN_POINT('',(33.707149962,-23.649250946,15.236023923));
#5559=CARTESIAN_POINT('',(33.536713425,-23.579879808,15.262055139));
#5560=CARTESIAN_POINT('',(33.188868639,-23.501718297,15.343388975));
#5561=CARTESIAN_POINT('',(33.011563267,-23.492951017,15.398667575));
#5562=CARTESIAN_POINT('',(32.673416672,-23.537189086,15.53121133));
#5563=CARTESIAN_POINT('',(32.512675466,-23.590181323,15.608437346));
#5564=CARTESIAN_POINT('',(32.228918168,-23.750966095,15.774687895));
#5565=CARTESIAN_POINT('',(32.105986015,-23.858711047,15.863663337));
#5566=CARTESIAN_POINT('',(32.010054517,-23.986748816,15.952665059));
#5567=CARTESIAN_POINT('',(33.835316953,-23.773061633,15.151395698));
#5568=CARTESIAN_POINT('',(33.679514177,-23.679094573,15.160447437));
#5569=CARTESIAN_POINT('',(33.508733408,-23.611445978,15.184054668));
#5570=CARTESIAN_POINT('',(33.159442739,-23.537588924,15.257309623));
#5571=CARTESIAN_POINT('',(32.981034766,-23.531402003,15.306935999));
#5572=CARTESIAN_POINT('',(32.639913506,-23.581315017,15.425732096));
#5573=CARTESIAN_POINT('',(32.477299766,-23.637400372,15.494867199));
#5574=CARTESIAN_POINT('',(32.189130919,-23.804527559,15.643619833));
#5575=CARTESIAN_POINT('',(32.06365991,-23.915520607,15.723194018));
#5576=CARTESIAN_POINT('',(31.964967932,-24.04671942,15.802791397));
#5577=CARTESIAN_POINT('',(33.789200154,-23.820631424,14.996406186));
#5578=CARTESIAN_POINT('',(33.633331675,-23.728665939,15.003781083));
#5579=CARTESIAN_POINT('',(33.461953722,-23.663946048,15.022117542));
#5580=CARTESIAN_POINT('',(33.110233478,-23.597325096,15.078355813));
#5581=CARTESIAN_POINT('',(32.929991496,-23.595443023,15.116241614));
#5582=CARTESIAN_POINT('',(32.583939572,-23.654776315,15.206675358));
#5583=CARTESIAN_POINT('',(32.418228327,-23.715974743,15.259197558));
#5584=CARTESIAN_POINT('',(32.122761551,-23.893557759,15.37209966));
#5585=CARTESIAN_POINT('',(31.993090295,-24.009891685,15.432447425));
#5586=CARTESIAN_POINT('',(31.889825544,-24.14628163,15.492812373));
#5587=CARTESIAN_POINT('',(33.770650727,-23.839560878,14.916241235));
#5588=CARTESIAN_POINT('',(33.614733314,-23.74844803,14.922578159));
#5589=CARTESIAN_POINT('',(33.443101828,-23.684937629,14.938064324));
#5590=CARTESIAN_POINT('',(33.090395326,-23.621256457,14.985352836));
#5591=CARTESIAN_POINT('',(32.909419953,-23.621103674,15.017141843));
#5592=CARTESIAN_POINT('',(32.561406606,-23.684192715,15.092940262));
#5593=CARTESIAN_POINT('',(32.394466952,-23.747416711,15.13692829));
#5594=CARTESIAN_POINT('',(32.096105626,-23.929124537,15.231451396));
#5595=CARTESIAN_POINT('',(31.96476825,-24.047557029,15.281959807));
#5596=CARTESIAN_POINT('',(31.85968603,-24.18598266,15.332482471));
#5597=CARTESIAN_POINT('',(33.743235342,-23.86744147,14.750330076));
#5598=CARTESIAN_POINT('',(33.587234418,-23.777611765,14.754293324));
#5599=CARTESIAN_POINT('',(33.415221512,-23.715904088,14.763717063));
#5600=CARTESIAN_POINT('',(33.061052575,-23.656581863,14.792288128));
#5601=CARTESIAN_POINT('',(32.878995197,-23.658983834,14.811427515));
#5602=CARTESIAN_POINT('',(32.528093314,-23.727607837,14.856982193));
#5603=CARTESIAN_POINT('',(32.359346555,-23.793810748,14.883384826));
#5604=CARTESIAN_POINT('',(32.056727086,-23.981576443,14.940086055));
#5605=CARTESIAN_POINT('',(31.922938674,-24.103086921,14.970368895));
#5606=CARTESIAN_POINT('',(31.815181076,-24.244496369,15.000660152));
#5607=CARTESIAN_POINT('',(33.73473622,-23.876022388,14.666661534));
#5608=CARTESIAN_POINT('',(33.578702284,-23.786605228,14.669320022));
#5609=CARTESIAN_POINT('',(33.406566879,-23.725466155,14.675608422));
#5610=CARTESIAN_POINT('',(33.051941586,-23.667504296,14.69464723));
#5611=CARTESIAN_POINT('',(32.86955004,-23.670697583,14.707392364));
#5612=CARTESIAN_POINT('',(32.517759379,-23.741027242,14.73771711));
#5613=CARTESIAN_POINT('',(32.34845782,-23.808144112,14.755288321));
#5614=CARTESIAN_POINT('',(32.044531031,-23.997763019,14.793019152));
#5615=CARTESIAN_POINT('',(31.909990082,-24.120212472,14.813168317));
#5616=CARTESIAN_POINT('',(31.801409963,-24.262530899,14.833323067));
#5617=CARTESIAN_POINT('',(33.72798469,-23.882843936,14.498947904));
#5618=CARTESIAN_POINT('',(33.571925072,-23.793753336,14.498936942));
#5619=CARTESIAN_POINT('',(33.399692675,-23.733065185,14.498901457));
#5620=CARTESIAN_POINT('',(33.044705068,-23.676183261,14.49878629));
#5621=CARTESIAN_POINT('',(32.862047952,-23.680005206,14.498706643));
#5622=CARTESIAN_POINT('',(32.509550716,-23.751690616,14.498514024));
#5623=CARTESIAN_POINT('',(32.339808003,-23.819534272,14.498401112));
#5624=CARTESIAN_POINT('',(32.034841692,-24.0106273,14.498157366));
#5625=CARTESIAN_POINT('',(31.899702368,-24.133823867,14.498026608));
#5626=CARTESIAN_POINT('',(31.790468317,-24.276865643,14.497895809));
#5627=CARTESIAN_POINT('',(33.72970445,-23.881112401,14.41473646));
#5628=CARTESIAN_POINT('',(33.573652062,-23.791937194,14.413358034));
#5629=CARTESIAN_POINT('',(33.40144478,-23.731133244,14.410127621));
#5630=CARTESIAN_POINT('',(33.046549744,-23.673975365,14.400371589));
#5631=CARTESIAN_POINT('',(32.863960148,-23.677637244,14.393848659));
#5632=CARTESIAN_POINT('',(32.511642233,-23.748978304,14.378338348));
#5633=CARTESIAN_POINT('',(32.34201136,-23.816637751,14.369355242));
#5634=CARTESIAN_POINT('',(32.037308591,-24.007357679,14.350069801));
#5635=CARTESIAN_POINT('',(31.90232097,-24.130365409,14.33977278));
#5636=CARTESIAN_POINT('',(31.793252818,-24.27322448,14.32947292));
#5637=CARTESIAN_POINT('',(33.743729124,-23.866922996,14.245575052));
#5638=CARTESIAN_POINT('',(33.587727854,-23.777074026,14.241561122));
#5639=CARTESIAN_POINT('',(33.415720714,-23.71533642,14.231993496));
#5640=CARTESIAN_POINT('',(33.061577347,-23.655938042,14.202967318));
#5641=CARTESIAN_POINT('',(32.879539791,-23.658293819,14.183516842));
#5642=CARTESIAN_POINT('',(32.528691685,-23.726815454,14.137214115));
#5643=CARTESIAN_POINT('',(32.359978889,-23.79296222,14.110374748));
#5644=CARTESIAN_POINT('',(32.057439438,-23.98061233,14.052732452));
#5645=CARTESIAN_POINT('',(31.923697076,-24.102063391,14.021945563));
#5646=CARTESIAN_POINT('',(31.815989455,-24.243414908,13.991150104));
#5647=CARTESIAN_POINT('',(33.755868293,-23.854631145,14.162813097));
#5648=CARTESIAN_POINT('',(33.599910046,-23.764201443,14.157567252));
#5649=CARTESIAN_POINT('',(33.428075403,-23.701657308,14.144940769));
#5650=CARTESIAN_POINT('',(33.074582107,-23.640321137,14.106536284));
#5651=CARTESIAN_POINT('',(32.893022567,-23.641546292,14.080769026));
#5652=CARTESIAN_POINT('',(32.543447765,-23.707625877,14.019389431));
#5653=CARTESIAN_POINT('',(32.37553052,-23.772461772,13.983794266));
#5654=CARTESIAN_POINT('',(32.074865689,-23.957450736,13.907331014));
#5655=CARTESIAN_POINT('',(31.942202408,-24.077551929,13.86648432));
#5656=CARTESIAN_POINT('',(31.835673581,-24.217595963,13.825626193));
#5657=CARTESIAN_POINT('',(33.789690894,-23.820095135,14.001560807));
#5658=CARTESIAN_POINT('',(33.633819891,-23.728115262,13.994168791));
#5659=CARTESIAN_POINT('',(33.462446398,-23.663368791,13.975766792));
#5660=CARTESIAN_POINT('',(33.110750767,-23.596675095,13.919309643));
#5661=CARTESIAN_POINT('',(32.930528953,-23.594746886,13.881270575));
#5662=CARTESIAN_POINT('',(32.584532703,-23.653975057,13.790463843));
#5663=CARTESIAN_POINT('',(32.418856968,-23.715114533,13.737722045));
#5664=CARTESIAN_POINT('',(32.123473781,-23.892574453,13.624344928));
#5665=CARTESIAN_POINT('',(31.993850593,-24.008844267,13.563741905));
#5666=CARTESIAN_POINT('',(31.890637644,-24.145171302,13.503121614));
#5667=CARTESIAN_POINT('',(33.811386903,-23.797839891,13.922934407));
#5668=CARTESIAN_POINT('',(33.655560189,-23.704889748,13.914625727));
#5669=CARTESIAN_POINT('',(33.484475521,-23.638746467,13.893501755));
#5670=CARTESIAN_POINT('',(33.133928085,-23.568630878,13.828354485));
#5671=CARTESIAN_POINT('',(32.954566413,-23.564678774,13.784349942));
#5672=CARTESIAN_POINT('',(32.610876578,-23.619495277,13.679168225));
#5673=CARTESIAN_POINT('',(32.446647538,-23.678248055,13.618021329));
#5674=CARTESIAN_POINT('',(32.154673154,-23.850837877,13.486520739));
#5675=CARTESIAN_POINT('',(32.027012025,-23.964625127,13.4162049));
#5676=CARTESIAN_POINT('',(31.925937337,-24.098541662,13.345868813));
#5677=CARTESIAN_POINT('',(33.858858525,-23.748546509,13.78587969));
#5678=CARTESIAN_POINT('',(33.70306419,-23.653611193,13.776310344));
#5679=CARTESIAN_POINT('',(33.532573472,-23.584503033,13.750687216));
#5680=CARTESIAN_POINT('',(33.184513235,-23.506985028,13.670685641));
#5681=CARTESIAN_POINT('',(33.007046448,-23.498598053,13.616330788));
#5682=CARTESIAN_POINT('',(32.668466907,-23.54366456,13.486023908));
#5683=CARTESIAN_POINT('',(32.507454089,-23.597104728,13.410110307));
#5684=CARTESIAN_POINT('',(32.223056617,-23.758803118,13.24669407));
#5685=CARTESIAN_POINT('',(32.099755912,-23.8670136,13.159239623));
#5686=CARTESIAN_POINT('',(32.003422655,-23.995503279,13.071759379));
#5687=CARTESIAN_POINT('',(33.882485309,-23.723842235,13.727713625));
#5688=CARTESIAN_POINT('',(33.726681234,-23.627967114,13.717757057));
#5689=CARTESIAN_POINT('',(33.556469575,-23.557415279,13.690332338));
#5690=CARTESIAN_POINT('',(33.209632776,-23.476243832,13.60415567));
#5691=CARTESIAN_POINT('',(33.033111176,-23.465648448,13.545429443));
#5692=CARTESIAN_POINT('',(32.697094068,-23.505832411,13.404429769));
#5693=CARTESIAN_POINT('',(32.537698874,-23.556599752,13.322198409));
#5694=CARTESIAN_POINT('',(32.257113937,-23.712802627,13.145094644));
#5695=CARTESIAN_POINT('',(32.136007962,-23.818191516,13.050275103));
#5696=CARTESIAN_POINT('',(32.042058269,-23.943932014,12.955427251));
#5697=CARTESIAN_POINT('',(33.908457927,-23.696371237,13.672192468));
#5698=CARTESIAN_POINT('',(33.75261149,-23.599533175,13.661999682));
#5699=CARTESIAN_POINT('',(33.582688299,-23.52744112,13.632952923));
#5700=CARTESIAN_POINT('',(33.237185355,-23.442296887,13.540998983));
#5701=CARTESIAN_POINT('',(33.061710001,-23.429270466,13.478119626));
#5702=CARTESIAN_POINT('',(32.72854301,-23.464036853,13.32688676));
#5703=CARTESIAN_POINT('',(32.570952039,-23.511819179,13.238579019));
#5704=CARTESIAN_POINT('',(32.29461804,-23.661858765,13.048281055));
#5705=CARTESIAN_POINT('',(32.175958499,-23.764070706,12.946348425));
#5706=CARTESIAN_POINT('',(32.084660234,-23.886709741,12.844384936));
#5707=B_SPLINE_SURFACE_WITH_KNOTS('',3,3,((#5427,#5428,#5429,#5430,#5431,#5432,#5433,#5434,#5435,#5436),(#5437,#5438,#5439,#5440,#5441,#5442,#5443,#5444,#5445,#5446),(#5447,#5448,#5449,#5450,#5451,#5452,#5453,#5454,#5455,#5456),(#5457,#5458,#5459,#5460,#5461,#5462,#5463,#5464,#5465,#5466),(#5467,#5468,#5469,#5470,#5471,#5472,#5473,#5474,#5475,#5476),(#5477,#5478,#5479,#5480,#5481,#5482,#5483,#5484,#5485,#5486),(#5487,#5488,#5489,#5490,#5491,#5492,#5493,#5494,#5495,#5496),(#5497,#5498,#5499,#5500,#5501,#5502,#5503,#5504,#5505,#5506),(#5507,#5508,#5509,#5510,#5511,#5512,#5513,#5514,#5515,#5516),(#5517,#5518,#5519,#5520,#5521,#5522,#5523,#5524,#5525,#5526),(#5527,#5528,#5529,#5530,#5531,#5532,#5533,#5534,#5535,#5536),(#5537,#5538,#5539,#5540,#5541,#5542,#5543,#5544,#5545,#5546),(#5547,#5548,#5549,#5550,#5551,#5552,#5553,#5554,#5555,#5556),(#5557,#5558,#5559,#5560,#5561,#5562,#5563,#5564,#5565,#5566),(#5567,#5568,#5569,#5570,#5571,#5572,#5573,#5574,#5575,#5576),(#5577,#5578,#5579,#5580,#5581,#5582,#5583,#5584,#5585,#5586),(#5587,#5588,#5589,#5590,#5591,#5592,#5593,#5594,#5595,#5596),(#5597,#5598,#5599,#5600,#5601,#5602,#5603,#5604,#5605,#5606),(#5607,#5608,#5609,#5610,#5611,#5612,#5613,#5614,#5615,#5616),(#5617,#5618,#5619,#5620,#5621,#5622,#5623,#5624,#5625,#5626),(#5627,#5628,#5629,#5630,#5631,#5632,#5633,#5634,#5635,#5636),(#5637,#5638,#5639,#5640,#5641,#5642,#5643,#5644,#5645,#5646),(#5647,#5648,#5649,#5650,#5651,#5652,#5653,#5654,#5655,#5656),(#5657,#5658,#5659,#5660,#5661,#5662,#5663,#5664,#5665,#5666),(#5667,#5668,#5669,#5670,#5671,#5672,#5673,#5674,#5675,#5676),(#5677,#5678,#5679,#5680,#5681,#5682,#5683,#5684,#5685,#5686),
(#5687,#5688,#5689,#5690,#5691,#5692,#5693,#5694,#5695,#5696),(#5697,#5698,#5699,#5700,#5701,#5702,#5703,#5704,#5705,#5706)),.UNSPECIFIED.,.F.,.F.,.U.,(4,2,2,2,2,2,2,2,2,2,2,2,2,4),(4,2,2,2,4),(0.00970138,0.010205258,0.010709135,0.011213013,0.01171689,0.012220768,0.012724645,0.013228523,0.0137324,0.014236278,0.014740155,0.015244033,0.01574791,0.016146172),(0.,0.25,0.5,0.75,1.),.UNSPECIFIED.);
#5708=ORIENTED_EDGE('',*,*,#1236,.F.);
#5709=CARTESIAN_POINT('',(31.81798243,-24.240791944,15.));
#5710=CARTESIAN_POINT('',(31.869394783,-24.173309183,14.843131791));
#5711=CARTESIAN_POINT('',(31.934699389,-24.107509409,14.690423744));
#5712=CARTESIAN_POINT('',(32.011787702,-24.042366527,14.543996474));
#5713=CARTESIAN_POINT('',(32.088876014,-23.977223645,14.397569204));
#5714=CARTESIAN_POINT('',(32.178125829,-23.912550278,14.256685466));
#5715=CARTESIAN_POINT('',(32.275782672,-23.848135577,14.124693252));
#5716=CARTESIAN_POINT('',(32.471096359,-23.719306174,13.860708824));
#5717=CARTESIAN_POINT('',(32.701585899,-23.591107015,13.628063539));
#5718=CARTESIAN_POINT('',(32.957251313,-23.441605155,13.429935495));
#5719=B_SPLINE_CURVE_WITH_KNOTS('',3,(#5709,#5710,#5711,#5712,#5713,#5714,#5715,#5716,#5717,#5718),.UNSPECIFIED.,.F.,.F.,(4,3,3,4),(0.,0.000526932,0.001053863,0.002107726),.UNSPECIFIED.);
#5720=EDGE_CURVE('9:4965',#1200,#2903,#5719,.T.);
#5721=ORIENTED_EDGE('',*,*,#5720,.T.);
#5722=ORIENTED_EDGE('',*,*,#2909,.F.);
#5723=ORIENTED_EDGE('',*,*,#2473,.F.);
#5724=ORIENTED_EDGE('',*,*,#3315,.F.);
#5725=CARTESIAN_POINT('',(34.726303874,-22.722979981,17.5));
#5726=DIRECTION('',(-0.547541686,-0.836778407,0.));
#5727=DIRECTION('',(0.836778407,-0.547541686,-0.));
#5728=AXIS2_PLACEMENT_3D('',#5725,#5726,#5727);
#5729=CIRCLE('',#5728,1.5);
#5730=EDGE_CURVE('9:2804',#1209,#809,#5729,.T.);
#5731=ORIENTED_EDGE('',*,*,#5730,.F.);
#5732=EDGE_LOOP('',(#5708,#5721,#5722,#5723,#5724,#5731));
#5733=FACE_BOUND('',#5732,.T.);
#5734=ADVANCED_FACE('9:2614',(#5733),#5707,.F.);
#5735=CARTESIAN_POINT('',(0.,0.,17.5));
#5736=DIRECTION('',(0.,0.,1.));
#5737=DIRECTION('',(1.,0.,-0.));
#5738=AXIS2_PLACEMENT_3D('',#5735,#5736,#5737);
#5739=TOROIDAL_SURFACE('',#5738,41.5,1.5);
#5740=ORIENTED_EDGE('',*,*,#5730,.T.);
#5741=ORIENTED_EDGE('',*,*,#815,.F.);
#5742=CARTESIAN_POINT('',(37.206998566,-18.381764271,17.5));
#5743=DIRECTION('',(-0.442934079,-0.896554182,0.));
#5744=DIRECTION('',(0.896554182,-0.442934079,0.));
#5745=AXIS2_PLACEMENT_3D('',#5742,#5743,#5744);
#5746=CIRCLE('',#5745,1.5);
#5747=EDGE_CURVE('9:2795',#1239,#801,#5746,.T.);
#5748=ORIENTED_EDGE('',*,*,#5747,.F.);
#5749=ORIENTED_EDGE('',*,*,#1245,.F.);
#5750=EDGE_LOOP('',(#5740,#5741,#5748,#5749));
#5751=FACE_BOUND('',#5750,.T.);
#5752=ADVANCED_FACE('9:2611',(#5751),#5739,.F.);
#5753=CARTESIAN_POINT('',(35.862167293,-17.717363152,17.5));
#5754=CARTESIAN_POINT('',(35.862167293,-17.717363152,17.303650459));
#5755=CARTESIAN_POINT('',(35.897169651,-17.734655735,17.107378173));
#5756=CARTESIAN_POINT('',(36.031903305,-17.801219617,16.744571529));
#5757=CARTESIAN_POINT('',(36.131581588,-17.850464726,16.57817992));
#5758=CARTESIAN_POINT('',(36.380536918,-17.973458743,16.300499736));
#5759=CARTESIAN_POINT('',(36.529716011,-18.047159257,16.189320417));
#5760=CARTESIAN_POINT('',(36.854991826,-18.207858683,16.039040985));
#5761=CARTESIAN_POINT('',(37.030960564,-18.294794368,16.));
#5762=CARTESIAN_POINT('',(37.206998566,-18.381764271,16.));
#5763=CARTESIAN_POINT('',(35.93491593,-17.570110778,17.5));
#5764=CARTESIAN_POINT('',(35.929993918,-17.580073548,17.304077397));
#5765=CARTESIAN_POINT('',(35.959993116,-17.607105134,17.108231213));
#5766=CARTESIAN_POINT('',(36.085334685,-17.691242638,16.746085128));
#5767=CARTESIAN_POINT('',(36.180628199,-17.748315679,16.579926479));
#5768=CARTESIAN_POINT('',(36.422161296,-17.883899476,16.302375868));
#5769=CARTESIAN_POINT('',(36.568306695,-17.962357303,16.191092163));
#5770=CARTESIAN_POINT('',(36.889422796,-18.128826368,16.040210119));
#5771=CARTESIAN_POINT('',(37.064268261,-18.216772654,16.000670633));
#5772=CARTESIAN_POINT('',(37.240280594,-18.302830628,16.));
#5773=CARTESIAN_POINT('',(36.005709422,-17.424533532,17.485640848));
#5774=CARTESIAN_POINT('',(35.996097085,-17.444299213,17.291163206));
#5775=CARTESIAN_POINT('',(36.021293196,-17.48089952,17.096760626));
#5776=CARTESIAN_POINT('',(36.137543869,-17.582295893,16.737132854));
#5777=CARTESIAN_POINT('',(36.228553595,-17.647052742,16.572046468));
#5778=CARTESIAN_POINT('',(36.462755345,-17.795007371,16.295978751));
#5779=CARTESIAN_POINT('',(36.605856994,-17.878147982,16.185103975));
#5780=CARTESIAN_POINT('',(36.92269571,-18.050336751,16.034228275));
#5781=CARTESIAN_POINT('',(37.09631049,-18.139318413,15.994285589));
#5782=CARTESIAN_POINT('',(37.272158689,-18.224543247,15.992820424));
#5783=CARTESIAN_POINT('',(36.143629018,-17.136614637,17.429474432));
#5784=CARTESIAN_POINT('',(36.125096658,-17.175603406,17.239769562));
#5785=CARTESIAN_POINT('',(36.141089775,-17.230942494,17.050136192));
#5786=CARTESIAN_POINT('',(36.239770472,-17.366145522,16.69899897));
#5787=CARTESIAN_POINT('',(36.322420895,-17.44595842,16.537627461));
#5788=CARTESIAN_POINT('',(36.542146874,-17.618220625,16.26709437));
#5789=CARTESIAN_POINT('',(36.679139636,-17.710604942,16.158034753));
#5790=CARTESIAN_POINT('',(36.987168158,-17.894240708,16.008425042));
#5791=CARTESIAN_POINT('',(37.158087826,-17.985422909,15.967931341));
#5792=CARTESIAN_POINT('',(37.333300198,-18.069240018,15.964737211));
#5793=CARTESIAN_POINT('',(36.210754358,-16.994272736,17.387666544));
#5794=CARTESIAN_POINT('',(36.187992384,-17.042681642,17.201289557));
#5795=CARTESIAN_POINT('',(36.199585657,-17.107190745,17.014981859));
#5796=CARTESIAN_POINT('',(36.289787359,-17.258941477,16.669817002));
#5797=CARTESIAN_POINT('',(36.368362287,-17.346126583,16.511088166));
#5798=CARTESIAN_POINT('',(36.580943841,-17.530325494,16.244606894));
#5799=CARTESIAN_POINT('',(36.714871446,-17.627270733,16.136953532));
#5800=CARTESIAN_POINT('',(37.018367077,-17.816633835,15.988603463));
#5801=CARTESIAN_POINT('',(37.187822258,-17.908981244,15.947961915));
#5802=CARTESIAN_POINT('',(37.362562863,-17.992223835,15.943833272));
#5803=CARTESIAN_POINT('',(36.341402996,-16.713062715,17.275465407));
#5804=CARTESIAN_POINT('',(36.310640438,-16.77986079,17.097609012));
#5805=CARTESIAN_POINT('',(36.313841644,-16.862247979,16.919816795));
#5806=CARTESIAN_POINT('',(36.387713517,-17.046286965,16.590045323));
#5807=CARTESIAN_POINT('',(36.458357562,-17.14787224,16.438185062));
#5808=CARTESIAN_POINT('',(36.656858758,-17.355488661,16.182454078));
#5809=CARTESIAN_POINT('',(36.784644295,-17.461444799,16.078675635));
#5810=CARTESIAN_POINT('',(37.078824824,-17.662338561,15.9342857));
#5811=CARTESIAN_POINT('',(37.245113651,-17.757203638,15.893726317));
#5812=CARTESIAN_POINT('',(37.418588375,-17.839632726,15.887732703));
#5813=CARTESIAN_POINT('',(36.403116031,-16.578096016,17.206615534));
#5814=CARTESIAN_POINT('',(36.368693134,-16.653607768,17.033832843));
#5815=CARTESIAN_POINT('',(36.368018396,-16.744454876,16.861111504));
#5816=CARTESIAN_POINT('',(36.434266133,-16.943786471,16.540546534));
#5817=CARTESIAN_POINT('',(36.501165116,-17.05220006,16.392816723));
#5818=CARTESIAN_POINT('',(36.692926623,-17.270972886,16.143635804));
#5819=CARTESIAN_POINT('',(36.817721061,-17.381254343,16.042273173));
#5820=CARTESIAN_POINT('',(37.107249854,-17.587792312,15.900531802));
#5821=CARTESIAN_POINT('',(37.27188138,-17.683975421,15.860203397));
#5822=CARTESIAN_POINT('',(37.444580048,-17.766177336,15.853307788));
#5823=CARTESIAN_POINT('',(36.519787361,-16.319474729,17.044659012));
#5824=CARTESIAN_POINT('',(36.478648839,-16.411457495,16.883472409));
#5825=CARTESIAN_POINT('',(36.470801663,-16.518277864,16.722341164));
#5826=CARTESIAN_POINT('',(36.522800925,-16.746518715,16.422908407));
#5827=CARTESIAN_POINT('',(36.582629536,-16.867860685,16.284709727));
#5828=CARTESIAN_POINT('',(36.761510673,-17.107866283,16.050833594));
#5829=CARTESIAN_POINT('',(36.880501769,-17.226447377,15.955236462));
#5830=CARTESIAN_POINT('',(37.160806031,-17.444036809,15.820203618));
#5831=CARTESIAN_POINT('',(37.322022905,-17.542970344,15.780814287));
#5832=CARTESIAN_POINT('',(37.492936601,-17.62506517,15.772329485));
#5833=CARTESIAN_POINT('',(36.574773179,-16.195756053,16.951527025));
#5834=CARTESIAN_POINT('',(36.530577818,-16.295500295,16.796864782));
#5835=CARTESIAN_POINT('',(36.519432453,-16.409838006,16.642254727));
#5836=CARTESIAN_POINT('',(36.564803948,-16.651702702,16.354751241));
#5837=CARTESIAN_POINT('',(36.621305523,-16.779147932,16.221954825));
#5838=CARTESIAN_POINT('',(36.794042797,-17.029235081,15.996835869));
#5839=CARTESIAN_POINT('',(36.910220195,-17.151792488,15.904589296));
#5840=CARTESIAN_POINT('',(37.185949315,-17.374791753,15.773617259));
#5841=CARTESIAN_POINT('',(37.345407945,-17.475158272,15.734935996));
#5842=CARTESIAN_POINT('',(37.515312224,-17.557373076,15.725763512));
#5843=CARTESIAN_POINT('',(36.678183394,-15.960182019,16.739900219));
#5844=CARTESIAN_POINT('',(36.628415313,-16.074491552,16.599714999));
#5845=CARTESIAN_POINT('',(36.611203597,-16.202922197,16.459575436));
#5846=CARTESIAN_POINT('',(36.644262062,-16.470366175,16.198639217));
#5847=CARTESIAN_POINT('',(36.694521503,-16.609292248,16.077927545));
#5848=CARTESIAN_POINT('',(36.855597073,-16.878452144,15.872600003));
#5849=CARTESIAN_POINT('',(36.966360726,-17.008598167,15.78805101));
#5850=CARTESIAN_POINT('',(37.233120053,-17.242130983,15.666798071));
#5851=CARTESIAN_POINT('',(37.389028792,-17.345441615,15.630133624));
#5852=CARTESIAN_POINT('',(37.556753897,-17.42819626,15.619950109));
#5853=CARTESIAN_POINT('',(36.725216167,-15.851505419,16.624226962));
#5854=CARTESIAN_POINT('',(36.67300647,-15.97242336,16.491799957));
#5855=CARTESIAN_POINT('',(36.653107825,-16.107240655,16.359415347));
#5856=CARTESIAN_POINT('',(36.680646737,-16.386297053,16.112760702));
#5857=CARTESIAN_POINT('',(36.728075497,-16.530446705,15.998569603));
#5858=CARTESIAN_POINT('',(36.883791762,-16.808341526,15.804011964));
#5859=CARTESIAN_POINT('',(36.992029409,-16.94199763,15.723707689));
#5860=CARTESIAN_POINT('',(37.254517683,-17.180511397,15.60798547));
#5861=CARTESIAN_POINT('',(37.408684243,-17.285292628,15.572604564));
#5862=CARTESIAN_POINT('',(37.575270651,-17.368458566,15.562113516));
#5863=CARTESIAN_POINT('',(36.810504637,-15.652427126,16.374503478));
#5864=CARTESIAN_POINT('',(36.753991041,-15.785289136,16.258506785));
#5865=CARTESIAN_POINT('',(36.729316076,-15.931639923,16.142545993));
#5866=CARTESIAN_POINT('',(36.746953141,-16.231697936,15.926228674));
#5867=CARTESIAN_POINT('',(36.789259734,-16.385312166,15.825939068));
#5868=CARTESIAN_POINT('',(36.935181764,-16.679117632,15.654531507));
#5869=CARTESIAN_POINT('',(37.03875203,-16.819217823,15.583466581));
#5870=CARTESIAN_POINT('',(37.293232665,-17.067032587,15.480133751));
#5871=CARTESIAN_POINT('',(37.444064233,-17.174670377,15.447897819));
#5872=CARTESIAN_POINT('',(37.608380384,-17.258824699,15.437251703));
#5873=CARTESIAN_POINT('',(36.848803223,-15.561921795,16.24036181));
#5874=CARTESIAN_POINT('',(36.790425337,-15.700125672,16.133043432));
#5875=CARTESIAN_POINT('',(36.763658686,-15.851629274,16.02575772));
#5876=CARTESIAN_POINT('',(36.77690857,-16.161087329,15.825507571));
#5877=CARTESIAN_POINT('',(36.816921084,-16.318947432,15.732604087));
#5878=CARTESIAN_POINT('',(36.958403111,-16.619936792,15.573585245));
#5879=CARTESIAN_POINT('',(37.059829522,-16.762974289,15.507518292));
#5880=CARTESIAN_POINT('',(37.310569208,-17.015113855,15.411048421));
#5881=CARTESIAN_POINT('',(37.45980608,-17.124139065,15.380674871));
#5882=CARTESIAN_POINT('',(37.622989317,-17.208870986,15.370180904));
#5883=CARTESIAN_POINT('',(36.91676512,-15.400005261,15.952665059));
#5884=CARTESIAN_POINT('',(36.855159341,-15.547657727,15.863663337));
#5885=CARTESIAN_POINT('',(36.824744629,-15.708269788,15.774687895));
#5886=CARTESIAN_POINT('',(36.830283761,-16.034366807,15.608437346));
#5887=CARTESIAN_POINT('',(36.866235984,-16.199755289,15.53121133));
#5888=CARTESIAN_POINT('',(36.999797612,-16.513540914,15.398667575));
#5889=CARTESIAN_POINT('',(37.097367534,-16.66184523,15.343388975));
#5890=CARTESIAN_POINT('',(37.341304805,-16.921844895,15.262055139));
#5891=CARTESIAN_POINT('',(37.487600026,-17.033463333,15.236023923));
#5892=CARTESIAN_POINT('',(37.648639455,-17.119388159,15.226332529));
#5893=CARTESIAN_POINT('',(36.945541989,-15.330714821,15.802791397));
#5894=CARTESIAN_POINT('',(36.882614324,-15.482350384,15.723194018));
#5895=CARTESIAN_POINT('',(36.85069021,-15.646798801,15.643619833));
#5896=CARTESIAN_POINT('',(36.853004817,-15.979916533,15.494867199));
#5897=CARTESIAN_POINT('',(36.887242872,-16.148488627,15.425732096));
#5898=CARTESIAN_POINT('',(37.01742553,-16.467718166,15.306935999));
#5899=CARTESIAN_POINT('',(37.113332156,-16.618282445,15.257309623));
#5900=CARTESIAN_POINT('',(37.354295034,-16.881713132,15.184054668));
#5901=CARTESIAN_POINT('',(37.499280984,-16.994502661,15.160447437));
#5902=CARTESIAN_POINT('',(37.65933709,-17.081026392,15.151395698));
#5903=CARTESIAN_POINT('',(36.993169449,-15.215429795,15.492812373));
#5904=CARTESIAN_POINT('',(36.928090986,-15.373640476,15.432447425));
#5905=CARTESIAN_POINT('',(36.893697934,-15.54441909,15.37209966));
#5906=CARTESIAN_POINT('',(36.890709545,-15.889132612,15.259197558));
#5907=CARTESIAN_POINT('',(36.922115069,-16.062969194,15.206675358));
#5908=CARTESIAN_POINT('',(37.046685056,-16.391229292,15.116241614));
#5909=CARTESIAN_POINT('',(37.139814002,-16.545559178,15.078355813));
#5910=CARTESIAN_POINT('',(37.375776177,-16.814756752,15.022117542));
#5911=CARTESIAN_POINT('',(37.518542121,-16.929547659,15.003781083));
#5912=CARTESIAN_POINT('',(37.676907151,-17.017144179,14.996406186));
#5913=CARTESIAN_POINT('',(37.012071814,-15.169307537,15.332482471));
#5914=CARTESIAN_POINT('',(36.946162244,-15.330117539,15.281959807));
#5915=CARTESIAN_POINT('',(36.910807073,-15.503397005,15.231451396));
#5916=CARTESIAN_POINT('',(36.905734541,-15.852698428,15.13692829));
#5917=CARTESIAN_POINT('',(36.936018616,-16.028621698,15.092940262));
#5918=CARTESIAN_POINT('',(37.05834868,-16.360478402,15.017141843));
#5919=CARTESIAN_POINT('',(37.150360113,-16.51631808,14.985352836));
#5920=CARTESIAN_POINT('',(37.38429027,-16.787857856,14.938064324));
#5921=CARTESIAN_POINT('',(37.526142909,-16.90348124,14.922578159));
#5922=CARTESIAN_POINT('',(37.683798202,-16.991552796,14.916241235));
#5923=CARTESIAN_POINT('',(37.039888803,-15.101257848,15.000660152));
#5924=CARTESIAN_POINT('',(36.972766828,-15.265887651,14.970368895));
#5925=CARTESIAN_POINT('',(36.936004225,-15.442841449,14.940086055));
#5926=CARTESIAN_POINT('',(36.927874433,-15.79888696,14.883384826));
#5927=CARTESIAN_POINT('',(36.956509511,-15.977879492,14.856982193));
#5928=CARTESIAN_POINT('',(37.07553748,-16.315034838,14.811427515));
#5929=CARTESIAN_POINT('',(37.16589722,-16.473103734,14.792288128));
#5930=CARTESIAN_POINT('',(37.396814444,-16.748116458,14.763717063));
#5931=CARTESIAN_POINT('',(37.53730761,-16.86498368,14.754293324));
#5932=CARTESIAN_POINT('',(37.693899824,-16.953778625,14.750330076));
#5933=CARTESIAN_POINT('',(37.048434756,-15.080237512,14.833323067));
#5934=CARTESIAN_POINT('',(36.980947248,-15.246037431,14.813168317));
#5935=CARTESIAN_POINT('',(36.943757739,-15.424116278,14.793019152));
#5936=CARTESIAN_POINT('',(36.934695051,-15.782228958,14.755288321));
#5937=CARTESIAN_POINT('',(36.962824386,-15.96216348,14.73771711));
#5938=CARTESIAN_POINT('',(37.080834091,-16.300950492,14.707392364));
#5939=CARTESIAN_POINT('',(37.170681737,-16.459709032,14.69464723));
#5940=CARTESIAN_POINT('',(37.400658642,-16.735805571,14.675608422));
#5941=CARTESIAN_POINT('',(37.540724125,-16.853067006,14.669320022));
#5942=CARTESIAN_POINT('',(37.696977677,-16.942099838,14.666661534));
#5943=CARTESIAN_POINT('',(37.0552297,-15.063533224,14.497895809));
#5944=CARTESIAN_POINT('',(36.987450995,-15.230263769,14.498026608));
#5945=CARTESIAN_POINT('',(36.94992161,-15.409237444,14.498157366));
#5946=CARTESIAN_POINT('',(36.940116666,-15.768994111,14.498401112));
#5947=CARTESIAN_POINT('',(36.967843818,-15.949677689,14.498514024));
#5948=CARTESIAN_POINT('',(37.085044215,-16.289761746,14.498706643));
#5949=CARTESIAN_POINT('',(37.174485075,-16.449068249,14.49878629));
#5950=CARTESIAN_POINT('',(37.403715517,-16.726025211,14.498901457));
#5951=CARTESIAN_POINT('',(37.543441757,-16.843599138,14.498936942));
#5952=CARTESIAN_POINT('',(37.699427003,-16.932819888,14.498947904));
#5953=CARTESIAN_POINT('',(37.053506367,-15.067780768,14.32947292));
#5954=CARTESIAN_POINT('',(36.985800845,-15.234275628,14.33977278));
#5955=CARTESIAN_POINT('',(36.948357131,-15.413022733,14.350069801));
#5956=CARTESIAN_POINT('',(36.93873983,-15.772362929,14.369355242));
#5957=CARTESIAN_POINT('',(36.966568903,-15.952856631,14.378338348));
#5958=CARTESIAN_POINT('',(37.083974931,-16.292611373,14.393848659));
#5959=CARTESIAN_POINT('',(37.173519415,-16.451778441,14.400371589));
#5960=CARTESIAN_POINT('',(37.402940606,-16.728515549,14.410127621));
#5961=CARTESIAN_POINT('',(37.54275386,-16.846009047,14.413358034));
#5962=CARTESIAN_POINT('',(37.698808328,-16.935180615,14.41473646));
#5963=CARTESIAN_POINT('',(37.03936749,-15.102503347,13.991150104));
#5964=CARTESIAN_POINT('',(36.972270052,-15.267060683,14.021945563));
#5965=CARTESIAN_POINT('',(36.935535261,-15.44394464,14.052732452));
#5966=CARTESIAN_POINT('',(36.927464426,-15.799862531,14.110374748));
#5967=CARTESIAN_POINT('',(36.956130632,-15.978797298,14.137214115));
#5968=CARTESIAN_POINT('',(37.075219491,-16.315854342,14.183516842));
#5969=CARTESIAN_POINT('',(37.165608966,-16.473882709,14.202967318));
#5970=CARTESIAN_POINT('',(37.396578816,-16.74883474,14.231993496));
#5971=CARTESIAN_POINT('',(37.537094841,-16.865681799,14.241561122));
#5972=CARTESIAN_POINT('',(37.693703829,-16.954467263,14.245575052));
#5973=CARTESIAN_POINT('',(37.027116956,-15.132570057,13.825626193));
#5974=CARTESIAN_POINT('',(36.9605475,-15.295448019,13.86648432));
#5975=CARTESIAN_POINT('',(36.92442783,-15.470716989,13.907331014));
#5976=CARTESIAN_POINT('',(36.917697944,-15.823668779,13.983794266));
#5977=CARTESIAN_POINT('',(36.947089621,-16.001252629,14.019389431));
#5978=CARTESIAN_POINT('',(37.067635955,-16.335972863,14.080769026));
#5979=CARTESIAN_POINT('',(37.158756819,-16.493015392,14.106536284));
#5980=CARTESIAN_POINT('',(37.391066116,-16.76642356,14.144940769));
#5981=CARTESIAN_POINT('',(37.53218942,-16.882712538,14.157567252));
#5982=CARTESIAN_POINT('',(37.689276889,-16.971166101,14.162813097));
#5983=CARTESIAN_POINT('',(36.992625157,-15.216693156,13.503121614));
#5984=CARTESIAN_POINT('',(36.927574593,-15.374827268,13.563741905));
#5985=CARTESIAN_POINT('',(36.893212371,-15.545531919,13.624344928));
#5986=CARTESIAN_POINT('',(36.890287597,-15.890110933,13.737722045));
#5987=CARTESIAN_POINT('',(36.921725883,-16.063886992,13.790463843));
#5988=CARTESIAN_POINT('',(37.04635817,-16.392045756,13.881270575));
#5989=CARTESIAN_POINT('',(37.139516625,-16.546334843,13.919309643));
#5990=CARTESIAN_POINT('',(37.375528976,-16.81547428,13.975766792));
#5991=CARTESIAN_POINT('',(37.518315555,-16.93024785,13.994168791));
#5992=CARTESIAN_POINT('',(37.676694262,-17.017839241,14.001560807));
#5993=CARTESIAN_POINT('',(36.970373311,-15.270778708,13.345868813));
#5994=CARTESIAN_POINT('',(36.906313907,-15.425846834,13.4162049));
#5995=CARTESIAN_POINT('',(36.873094388,-15.593600718,13.486520739));
#5996=CARTESIAN_POINT('',(36.872634767,-15.932770404,13.618021329));
#5997=CARTESIAN_POINT('',(36.905394809,-16.104088372,13.679168225));
#5998=CARTESIAN_POINT('',(37.032656969,-16.428020301,13.784349942));
#5999=CARTESIAN_POINT('',(37.1271224,-16.580540828,13.828354485));
#6000=CARTESIAN_POINT('',(37.365499913,-16.846953781,13.893501755));
#6001=CARTESIAN_POINT('',(37.509343264,-16.960769368,13.914625727));
#6002=CARTESIAN_POINT('',(37.66853541,-17.047830002,13.922934407));
#6003=CARTESIAN_POINT('',(36.92094048,-15.389847084,13.071759379));
#6004=CARTESIAN_POINT('',(36.859149334,-15.538075112,13.159239623));
#6005=CARTESIAN_POINT('',(36.828520661,-15.699241041,13.24669407));
#6006=CARTESIAN_POINT('',(36.833597688,-16.02635343,13.410110307));
#6007=CARTESIAN_POINT('',(36.869301897,-16.192203327,13.486023908));
#6008=CARTESIAN_POINT('',(37.002369596,-16.506782544,13.616330788));
#6009=CARTESIAN_POINT('',(37.09969382,-16.655419004,13.670685641));
#6010=CARTESIAN_POINT('',(37.343186068,-16.91593099,13.750687216));
#6011=CARTESIAN_POINT('',(37.489282232,-17.027729619,13.776310344));
#6012=CARTESIAN_POINT('',(37.650168243,-17.113754502,13.78587969));
#6013=CARTESIAN_POINT('',(36.896124857,-15.449315486,12.955427251));
#6014=CARTESIAN_POINT('',(36.835492118,-15.594094244,13.050275103));
#6015=CARTESIAN_POINT('',(36.806180108,-15.751936827,13.145094644));
#6016=CARTESIAN_POINT('',(36.814056138,-16.07297454,13.322198409));
#6017=CARTESIAN_POINT('',(36.851241834,-16.236073819,13.404429769));
#6018=CARTESIAN_POINT('',(36.987215106,-16.54596657,13.545429443));
#6019=CARTESIAN_POINT('',(37.085962095,-16.692667523,13.60415567));
#6020=CARTESIAN_POINT('',(37.331980794,-16.950270646,13.690332338));
#6021=CARTESIAN_POINT('',(37.479179063,-17.061095913,13.717757057));
#6022=CARTESIAN_POINT('',(37.640879698,-17.146652055,13.727713625));
#6023=CARTESIAN_POINT('',(36.868454357,-15.515070026,12.844384936));
#6024=CARTESIAN_POINT('',(36.809147538,-15.655989887,12.946348425));
#6025=CARTESIAN_POINT('',(36.781330557,-15.810111861,13.048281055));
#6026=CARTESIAN_POINT('',(36.792358328,-16.124358174,13.238579019));
#6027=CARTESIAN_POINT('',(36.83119974,-16.284387575,13.32688676));
#6028=CARTESIAN_POINT('',(36.970393479,-16.58907438,13.478119626));
#6029=CARTESIAN_POINT('',(37.070703729,-16.733639732,13.540998983));
#6030=CARTESIAN_POINT('',(37.319467947,-16.988076736,13.632952923));
#6031=CARTESIAN_POINT('',(37.467846722,-17.097871518,13.661999682));
#6032=CARTESIAN_POINT('',(37.630398475,-17.182975279,13.672192468));
#6033=B_SPLINE_SURFACE_WITH_KNOTS('',3,3,((#5753,#5754,#5755,#5756,#5757,#5758,#5759,#5760,#5761,#5762),(#5763,#5764,#5765,#5766,#5767,#5768,#5769,#5770,#5771,#5772),(#5773,#5774,#5775,#5776,#5777,#5778,#5779,#5780,#5781,#5782),(#5783,#5784,#5785,#5786,#5787,#5788,#5789,#5790,#5791,#5792),(#5793,#5794,#5795,#5796,#5797,#5798,#5799,#5800,#5801,#5802),(#5803,#5804,#5805,#5806,#5807,#5808,#5809,#5810,#5811,#5812),(#5813,#5814,#5815,#5816,#5817,#5818,#5819,#5820,#5821,#5822),(#5823,#5824,#5825,#5826,#5827,#5828,#5829,#5830,#5831,#5832),(#5833,#5834,#5835,#5836,#5837,#5838,#5839,#5840,#5841,#5842),(#5843,#5844,#5845,#5846,#5847,#5848,#5849,#5850,#5851,#5852),(#5853,#5854,#5855,#5856,#5857,#5858,#5859,#5860,#5861,#5862),(#5863,#5864,#5865,#5866,#5867,#5868,#5869,#5870,#5871,#5872),(#5873,#5874,#5875,#5876,#5877,#5878,#5879,#5880,#5881,#5882),(#5883,#5884,#5885,#5886,#5887,#5888,#5889,#5890,#5891,#5892),(#5893,#5894,#5895,#5896,#5897,#5898,#5899,#5900,#5901,#5902),(#5903,#5904,#5905,#5906,#5907,#5908,#5909,#5910,#5911,#5912),(#5913,#5914,#5915,#5916,#5917,#5918,#5919,#5920,#5921,#5922),(#5923,#5924,#5925,#5926,#5927,#5928,#5929,#5930,#5931,#5932),(#5933,#5934,#5935,#5936,#5937,#5938,#5939,#5940,#5941,#5942),(#5943,#5944,#5945,#5946,#5947,#5948,#5949,#5950,#5951,#5952),(#5953,#5954,#5955,#5956,#5957,#5958,#5959,#5960,#5961,#5962),(#5963,#5964,#5965,#5966,#5967,#5968,#5969,#5970,#5971,#5972),(#5973,#5974,#5975,#5976,#5977,#5978,#5979,#5980,#5981,#5982),(#5983,#5984,#5985,#5986,#5987,#5988,#5989,#5990,#5991,#5992),(#5993,#5994,#5995,#5996,#5997,#5998,#5999,#6000,#6001,#6002),(#6003,#6004,#6005,#6006,#6007,#6008,#6009,#6010,#6011,#6012),
(#6013,#6014,#6015,#6016,#6017,#6018,#6019,#6020,#6021,#6022),(#6023,#6024,#6025,#6026,#6027,#6028,#6029,#6030,#6031,#6032)),.UNSPECIFIED.,.F.,.F.,.U.,(4,2,2,2,2,2,2,2,2,2,2,2,2,4),(4,2,2,2,4),(0.00970138,0.010205258,0.010709135,0.011213013,0.01171689,0.012220768,0.012724645,0.013228523,0.0137324,0.014236278,0.014740155,0.015244033,0.01574791,0.016146172),(0.,0.25,0.5,0.75,1.),.UNSPECIFIED.);
#6034=ORIENTED_EDGE('',*,*,#2614,.F.);
#6035=CARTESIAN_POINT('',(36.927987415,-16.492816975,13.429935495));
#6036=CARTESIAN_POINT('',(36.926989654,-16.196650444,13.628063539));
#6037=CARTESIAN_POINT('',(36.920420394,-15.932989113,13.860708824));
#6038=CARTESIAN_POINT('',(36.932252622,-15.699313163,14.124693252));
#6039=CARTESIAN_POINT('',(36.938168737,-15.582475188,14.256685466));
#6040=CARTESIAN_POINT('',(36.948575886,-15.472748869,14.397569204));
#6041=CARTESIAN_POINT('',(36.965561841,-15.373261783,14.543996474));
#6042=CARTESIAN_POINT('',(36.982547796,-15.273774697,14.690423744));
#6043=CARTESIAN_POINT('',(37.006082577,-15.184105151,14.843131172));
#6044=CARTESIAN_POINT('',(37.038119524,-15.10555203,15.));
#6045=B_SPLINE_CURVE_WITH_KNOTS('',3,(#6035,#6036,#6037,#6038,#6039,#6040,#6041,#6042,#6043,#6044),.UNSPECIFIED.,.F.,.F.,(4,3,3,4),(0.,0.001053863,0.001580795,0.002107726),.UNSPECIFIED.);
#6046=EDGE_CURVE('9:4962',#2589,#1248,#6045,.T.);
#6047=ORIENTED_EDGE('',*,*,#6046,.T.);
#6048=ORIENTED_EDGE('',*,*,#1275,.F.);
#6049=ORIENTED_EDGE('',*,*,#5747,.T.);
#6050=ORIENTED_EDGE('',*,*,#3384,.F.);
#6051=ORIENTED_EDGE('',*,*,#2508,.F.);
#6052=EDGE_LOOP('',(#6034,#6047,#6048,#6049,#6050,#6051));
#6053=FACE_BOUND('',#6052,.T.);
#6054=ADVANCED_FACE('9:2608',(#6053),#6033,.F.);
#6055=CARTESIAN_POINT('',(70.,-40.,14.));
#6056=DIRECTION('',(0.,0.,1.));
#6057=DIRECTION('',(1.,0.,-0.));
#6058=AXIS2_PLACEMENT_3D('',#6055,#6056,#6057);
#6059=TOROIDAL_SURFACE('',#6058,14.,2.);
#6060=CARTESIAN_POINT('',(84.,-40.,14.));
#6061=DIRECTION('',(-0.,1.,-0.));
#6062=DIRECTION('',(1.,0.,0.));
#6063=AXIS2_PLACEMENT_3D('',#6060,#6061,#6062);
#6064=CIRCLE('',#6063,2.);
#6065=EDGE_CURVE('',#182,#608,#6064,.T.);
#6066=ORIENTED_EDGE('',*,*,#6065,.F.);
#6067=ORIENTED_EDGE('',*,*,#188,.F.);
#6068=ORIENTED_EDGE('',*,*,#2640,.F.);
#6069=ORIENTED_EDGE('',*,*,#2491,.F.);
#6070=ORIENTED_EDGE('',*,*,#622,.F.);
#6071=EDGE_LOOP('',(#6066,#6067,#6068,#6069,#6070));
#6072=FACE_BOUND('',#6071,.T.);
#6073=ADVANCED_FACE('9:3794',(#6072),#6059,.F.);
#6074=CARTESIAN_POINT('',(70.,40.,14.));
#6075=DIRECTION('',(0.,0.,1.));
#6076=DIRECTION('',(1.,0.,-0.));
#6077=AXIS2_PLACEMENT_3D('',#6074,#6075,#6076);
#6078=TOROIDAL_SURFACE('',#6077,14.,2.);
#6079=CARTESIAN_POINT('',(84.,40.,14.));
#6080=DIRECTION('',(-0.,1.,-0.));
#6081=DIRECTION('',(1.,0.,0.));
#6082=AXIS2_PLACEMENT_3D('',#6079,#6080,#6081);
#6083=CIRCLE('',#6082,2.);
#6084=EDGE_CURVE('',#130,#557,#6083,.T.);
#6085=ORIENTED_EDGE('',*,*,#6084,.F.);
#6086=ORIENTED_EDGE('',*,*,#136,.F.);
#6087=ORIENTED_EDGE('',*,*,#2703,.F.);
#6088=ORIENTED_EDGE('',*,*,#2400,.F.);
#6089=ORIENTED_EDGE('',*,*,#571,.F.);
#6090=EDGE_LOOP('',(#6085,#6086,#6087,#6088,#6089));
#6091=FACE_BOUND('',#6090,.T.);
#6092=ADVANCED_FACE('9:3797',(#6091),#6078,.F.);
#6093=CARTESIAN_POINT('',(-70.,-40.,14.));
#6094=DIRECTION('',(0.,0.,1.));
#6095=DIRECTION('',(1.,0.,-0.));
#6096=AXIS2_PLACEMENT_3D('',#6093,#6094,#6095);
#6097=TOROIDAL_SURFACE('',#6096,14.,2.);
#6098=CARTESIAN_POINT('',(-56.,-40.,14.));
#6099=DIRECTION('',(-0.,1.,-0.));
#6100=DIRECTION('',(1.,0.,0.));
#6101=AXIS2_PLACEMENT_3D('',#6098,#6099,#6100);
#6102=CIRCLE('',#6101,2.);
#6103=EDGE_CURVE('',#225,#659,#6102,.T.);
#6104=ORIENTED_EDGE('',*,*,#6103,.F.);
#6105=ORIENTED_EDGE('',*,*,#231,.F.);
#6106=ORIENTED_EDGE('',*,*,#3018,.F.);
#6107=ORIENTED_EDGE('',*,*,#2168,.F.);
#6108=ORIENTED_EDGE('',*,*,#673,.F.);
#6109=EDGE_LOOP('',(#6104,#6105,#6106,#6107,#6108));
#6110=FACE_BOUND('',#6109,.T.);
#6111=ADVANCED_FACE('9:3800',(#6110),#6097,.F.);
#6112=CARTESIAN_POINT('',(-70.,40.,14.));
#6113=DIRECTION('',(0.,0.,1.));
#6114=DIRECTION('',(1.,0.,-0.));
#6115=AXIS2_PLACEMENT_3D('',#6112,#6113,#6114);
#6116=TOROIDAL_SURFACE('',#6115,14.,2.);
#6117=CARTESIAN_POINT('',(-56.,40.,14.));
#6118=DIRECTION('',(-0.,1.,-0.));
#6119=DIRECTION('',(1.,0.,0.));
#6120=AXIS2_PLACEMENT_3D('',#6117,#6118,#6119);
#6121=CIRCLE('',#6120,2.);
#6122=EDGE_CURVE('',#268,#506,#6121,.T.);
#6123=ORIENTED_EDGE('',*,*,#6122,.F.);
#6124=ORIENTED_EDGE('',*,*,#274,.F.);
#6125=ORIENTED_EDGE('',*,*,#2766,.F.);
#6126=ORIENTED_EDGE('',*,*,#2259,.F.);
#6127=ORIENTED_EDGE('',*,*,#520,.F.);
#6128=EDGE_LOOP('',(#6123,#6124,#6125,#6126,#6127));
#6129=FACE_BOUND('',#6128,.T.);
#6130=ADVANCED_FACE('9:3803',(#6129),#6116,.F.);
#6131=CARTESIAN_POINT('',(0.,0.,15.));
#6132=DIRECTION('',(0.,0.,1.));
#6133=DIRECTION('',(1.,0.,-0.));
#6134=AXIS2_PLACEMENT_3D('',#6131,#6132,#6133);
#6135=TOROIDAL_SURFACE('',#6134,43.,3.);
#6136=ORIENTED_EDGE('',*,*,#2670,.F.);
#6137=ORIENTED_EDGE('',*,*,#119,.F.);
#6138=ORIENTED_EDGE('',*,*,#2802,.F.);
#6139=ORIENTED_EDGE('',*,*,#4464,.F.);
#6140=ORIENTED_EDGE('',*,*,#1050,.F.);
#6141=ORIENTED_EDGE('',*,*,#5418,.F.);
#6142=EDGE_LOOP('',(#6136,#6137,#6138,#6139,#6140,#6141));
#6143=FACE_BOUND('',#6142,.T.);
#6144=ADVANCED_FACE('9:4793',(#6143),#6135,.F.);
#6145=CARTESIAN_POINT('',(0.,0.,15.));
#6146=DIRECTION('',(0.,0.,1.));
#6147=DIRECTION('',(1.,0.,-0.));
#6148=AXIS2_PLACEMENT_3D('',#6145,#6146,#6147);
#6149=TOROIDAL_SURFACE('',#6148,43.,3.);
#6150=CARTESIAN_POINT('',(43.,0.,15.));
#6151=DIRECTION('',(-0.,1.,-0.));
#6152=DIRECTION('',(1.,0.,0.));
#6153=AXIS2_PLACEMENT_3D('',#6150,#6151,#6152);
#6154=CIRCLE('',#6153,3.);
#6155=EDGE_CURVE('',#156,#958,#6154,.T.);
#6156=ORIENTED_EDGE('',*,*,#6155,.F.);
#6157=ORIENTED_EDGE('',*,*,#162,.F.);
#6158=ORIENTED_EDGE('',*,*,#2550,.F.);
#6159=ORIENTED_EDGE('',*,*,#5092,.F.);
#6160=ORIENTED_EDGE('',*,*,#972,.F.);
#6161=EDGE_LOOP('',(#6156,#6157,#6158,#6159,#6160));
#6162=FACE_BOUND('',#6161,.T.);
#6163=ADVANCED_FACE('9:4796',(#6162),#6149,.F.);
#6164=CARTESIAN_POINT('',(0.,0.,15.));
#6165=DIRECTION('',(0.,0.,1.));
#6166=DIRECTION('',(1.,0.,-0.));
#6167=AXIS2_PLACEMENT_3D('',#6164,#6165,#6166);
#6168=TOROIDAL_SURFACE('',#6167,43.,3.);
#6169=ORIENTED_EDGE('',*,*,#2985,.F.);
#6170=ORIENTED_EDGE('',*,*,#214,.F.);
#6171=ORIENTED_EDGE('',*,*,#2928,.F.);
#6172=ORIENTED_EDGE('',*,*,#5720,.F.);
#6173=ORIENTED_EDGE('',*,*,#1206,.F.);
#6174=ORIENTED_EDGE('',*,*,#4162,.F.);
#6175=EDGE_LOOP('',(#6169,#6170,#6171,#6172,#6173,#6174));
#6176=FACE_BOUND('',#6175,.T.);
#6177=ADVANCED_FACE('9:4799',(#6176),#6168,.F.);
#6178=CARTESIAN_POINT('',(0.,0.,15.));
#6179=DIRECTION('',(0.,0.,1.));
#6180=DIRECTION('',(1.,0.,-0.));
#6181=AXIS2_PLACEMENT_3D('',#6178,#6179,#6180);
#6182=TOROIDAL_SURFACE('',#6181,43.,3.);
#6183=ORIENTED_EDGE('',*,*,#2733,.F.);
#6184=ORIENTED_EDGE('',*,*,#257,.F.);
#6185=ORIENTED_EDGE('',*,*,#2865,.F.);
#6186=ORIENTED_EDGE('',*,*,#3836,.F.);
#6187=ORIENTED_EDGE('',*,*,#1128,.F.);
#6188=ORIENTED_EDGE('',*,*,#4790,.F.);
#6189=EDGE_LOOP('',(#6183,#6184,#6185,#6186,#6187,#6188));
#6190=FACE_BOUND('',#6189,.T.);
#6191=ADVANCED_FACE('9:4802',(#6190),#6182,.F.);
#6192=CARTESIAN_POINT('',(70.,40.,15.));
#6193=DIRECTION('',(0.,0.,1.));
#6194=DIRECTION('',(1.,0.,-0.));
#6195=AXIS2_PLACEMENT_3D('',#6192,#6193,#6194);
#6196=TOROIDAL_SURFACE('',#6195,9.,1.);
#6197=CARTESIAN_POINT('',(79.,40.,15.));
#6198=DIRECTION('',(-0.,1.,-0.));
#6199=DIRECTION('',(1.,0.,0.));
#6200=AXIS2_PLACEMENT_3D('',#6197,#6198,#6199);
#6201=CIRCLE('',#6200,1.);
#6202=EDGE_CURVE('',#292,#832,#6201,.T.);
#6203=ORIENTED_EDGE('',*,*,#6202,.T.);
#6204=ORIENTED_EDGE('',*,*,#838,.F.);
#6205=ORIENTED_EDGE('',*,*,#6202,.F.);
#6206=ORIENTED_EDGE('',*,*,#306,.F.);
#6207=EDGE_LOOP('',(#6203,#6204,#6205,#6206));
#6208=FACE_BOUND('',#6207,.T.);
#6209=ADVANCED_FACE('9:5288',(#6208),#6196,.T.);
#6210=CARTESIAN_POINT('',(70.,-40.,15.));
#6211=DIRECTION('',(0.,0.,1.));
#6212=DIRECTION('',(1.,0.,-0.));
#6213=AXIS2_PLACEMENT_3D('',#6210,#6211,#6212);
#6214=TOROIDAL_SURFACE('',#6213,9.,1.);
#6215=CARTESIAN_POINT('',(79.,-40.,15.));
#6216=DIRECTION('',(-0.,1.,-0.));
#6217=DIRECTION('',(1.,0.,0.));
#6218=AXIS2_PLACEMENT_3D('',#6215,#6216,#6217);
#6219=CIRCLE('',#6218,1.);
#6220=EDGE_CURVE('',#325,#770,#6219,.T.);
#6221=ORIENTED_EDGE('',*,*,#6220,.T.);
#6222=ORIENTED_EDGE('',*,*,#776,.F.);
#6223=ORIENTED_EDGE('',*,*,#6220,.F.);
#6224=ORIENTED_EDGE('',*,*,#339,.F.);
#6225=EDGE_LOOP('',(#6221,#6222,#6223,#6224));
#6226=FACE_BOUND('',#6225,.T.);
#6227=ADVANCED_FACE('9:5291',(#6226),#6214,.T.);
#6228=CARTESIAN_POINT('',(-70.,-40.,15.));
#6229=DIRECTION('',(0.,0.,1.));
#6230=DIRECTION('',(1.,0.,-0.));
#6231=AXIS2_PLACEMENT_3D('',#6228,#6229,#6230);
#6232=TOROIDAL_SURFACE('',#6231,9.,1.);
#6233=CARTESIAN_POINT('',(-61.,-40.,15.));
#6234=DIRECTION('',(-0.,1.,-0.));
#6235=DIRECTION('',(1.,0.,0.));
#6236=AXIS2_PLACEMENT_3D('',#6233,#6234,#6235);
#6237=CIRCLE('',#6236,1.);
#6238=EDGE_CURVE('',#358,#708,#6237,.T.);
#6239=ORIENTED_EDGE('',*,*,#6238,.T.);
#6240=ORIENTED_EDGE('',*,*,#714,.F.);
#6241=ORIENTED_EDGE('',*,*,#6238,.F.);
#6242=ORIENTED_EDGE('',*,*,#372,.F.);
#6243=EDGE_LOOP('',(#6239,#6240,#6241,#6242));
#6244=FACE_BOUND('',#6243,.T.);
#6245=ADVANCED_FACE('9:5294',(#6244),#6232,.T.);
#6246=CARTESIAN_POINT('',(-70.,40.,15.));
#6247=DIRECTION('',(0.,0.,1.));
#6248=DIRECTION('',(1.,0.,-0.));
#6249=AXIS2_PLACEMENT_3D('',#6246,#6247,#6248);
#6250=TOROIDAL_SURFACE('',#6249,9.,1.);
#6251=CARTESIAN_POINT('',(-61.,40.,15.));
#6252=DIRECTION('',(-0.,1.,-0.));
#6253=DIRECTION('',(1.,0.,0.));
#6254=AXIS2_PLACEMENT_3D('',#6251,#6252,#6253);
#6255=CIRCLE('',#6254,1.);
#6256=EDGE_CURVE('',#391,#894,#6255,.T.);
#6257=ORIENTED_EDGE('',*,*,#6256,.T.);
#6258=ORIENTED_EDGE('',*,*,#900,.F.);
#6259=ORIENTED_EDGE('',*,*,#6256,.F.);
#6260=ORIENTED_EDGE('',*,*,#405,.F.);
#6261=EDGE_LOOP('',(#6257,#6258,#6259,#6260));
#6262=FACE_BOUND('',#6261,.T.);
#6263=ADVANCED_FACE('9:5297',(#6262),#6250,.T.);
#6264=CARTESIAN_POINT('',(70.,40.,15.));
#6265=DIRECTION('',(0.,0.,1.));
#6266=DIRECTION('',(1.,0.,-0.));
#6267=AXIS2_PLACEMENT_3D('',#6264,#6265,#6266);
#6268=TOROIDAL_SURFACE('',#6267,11.,1.);
#6269=CARTESIAN_POINT('',(81.,40.,15.));
#6270=DIRECTION('',(-0.,1.,-0.));
#6271=DIRECTION('',(1.,0.,0.));
#6272=AXIS2_PLACEMENT_3D('',#6269,#6270,#6271);
#6273=CIRCLE('',#6272,1.);
#6274=EDGE_CURVE('',#845,#555,#6273,.T.);
#6275=ORIENTED_EDGE('',*,*,#6274,.T.);
#6276=ORIENTED_EDGE('',*,*,#595,.F.);
#6277=ORIENTED_EDGE('',*,*,#3208,.F.);
#6278=ORIENTED_EDGE('',*,*,#860,.F.);
#6279=EDGE_LOOP('',(#6275,#6276,#6277,#6278));
#6280=FACE_BOUND('',#6279,.T.);
#6281=ADVANCED_FACE('10:3',(#6280),#6268,.T.);
#6282=CARTESIAN_POINT('',(70.,-40.,15.));
#6283=DIRECTION('',(0.,0.,1.));
#6284=DIRECTION('',(1.,0.,-0.));
#6285=AXIS2_PLACEMENT_3D('',#6282,#6283,#6284);
#6286=TOROIDAL_SURFACE('',#6285,11.,1.);
#6287=CARTESIAN_POINT('',(81.,-40.,15.));
#6288=DIRECTION('',(-0.,1.,-0.));
#6289=DIRECTION('',(1.,0.,0.));
#6290=AXIS2_PLACEMENT_3D('',#6287,#6288,#6289);
#6291=CIRCLE('',#6290,1.);
#6292=EDGE_CURVE('',#783,#606,#6291,.T.);
#6293=ORIENTED_EDGE('',*,*,#6292,.T.);
#6294=ORIENTED_EDGE('',*,*,#646,.F.);
#6295=ORIENTED_EDGE('',*,*,#3407,.F.);
#6296=ORIENTED_EDGE('',*,*,#798,.F.);
#6297=EDGE_LOOP('',(#6293,#6294,#6295,#6296));
#6298=FACE_BOUND('',#6297,.T.);
#6299=ADVANCED_FACE('10:6',(#6298),#6286,.T.);
#6300=CARTESIAN_POINT('',(-70.,40.,15.));
#6301=DIRECTION('',(0.,0.,1.));
#6302=DIRECTION('',(1.,0.,-0.));
#6303=AXIS2_PLACEMENT_3D('',#6300,#6301,#6302);
#6304=TOROIDAL_SURFACE('',#6303,11.,1.);
#6305=CARTESIAN_POINT('',(-59.,40.,15.));
#6306=DIRECTION('',(-0.,1.,-0.));
#6307=DIRECTION('',(1.,0.,0.));
#6308=AXIS2_PLACEMENT_3D('',#6305,#6306,#6307);
#6309=CIRCLE('',#6308,1.);
#6310=EDGE_CURVE('',#907,#504,#6309,.T.);
#6311=ORIENTED_EDGE('',*,*,#6310,.T.);
#6312=ORIENTED_EDGE('',*,*,#544,.F.);
#6313=ORIENTED_EDGE('',*,*,#3078,.F.);
#6314=ORIENTED_EDGE('',*,*,#922,.F.);
#6315=EDGE_LOOP('',(#6311,#6312,#6313,#6314));
#6316=FACE_BOUND('',#6315,.T.);
#6317=ADVANCED_FACE('10:9',(#6316),#6304,.T.);
#6318=CARTESIAN_POINT('',(-70.,-40.,15.));
#6319=DIRECTION('',(0.,0.,1.));
#6320=DIRECTION('',(1.,0.,-0.));
#6321=AXIS2_PLACEMENT_3D('',#6318,#6319,#6320);
#6322=TOROIDAL_SURFACE('',#6321,11.,1.);
#6323=CARTESIAN_POINT('',(-59.,-40.,15.));
#6324=DIRECTION('',(-0.,1.,-0.));
#6325=DIRECTION('',(1.,0.,0.));
#6326=AXIS2_PLACEMENT_3D('',#6323,#6324,#6325);
#6327=CIRCLE('',#6326,1.);
#6328=EDGE_CURVE('',#721,#657,#6327,.T.);
#6329=ORIENTED_EDGE('',*,*,#6328,.T.);
#6330=ORIENTED_EDGE('',*,*,#697,.F.);
#6331=ORIENTED_EDGE('',*,*,#3537,.F.);
#6332=ORIENTED_EDGE('',*,*,#736,.F.);
#6333=EDGE_LOOP('',(#6329,#6330,#6331,#6332));
#6334=FACE_BOUND('',#6333,.T.);
#6335=ADVANCED_FACE('10:12',(#6334),#6322,.T.);
#6336=CARTESIAN_POINT('',(0.,0.,19.));
#6337=DIRECTION('',(0.,0.,1.));
#6338=DIRECTION('',(1.,0.,-0.));
#6339=AXIS2_PLACEMENT_3D('',#6336,#6337,#6338);
#6340=TOROIDAL_SURFACE('',#6339,39.,1.);
#6341=CARTESIAN_POINT('',(39.,0.,19.));
#6342=DIRECTION('',(-0.,1.,-0.));
#6343=DIRECTION('',(1.,0.,0.));
#6344=AXIS2_PLACEMENT_3D('',#6341,#6342,#6343);
#6345=CIRCLE('',#6344,1.);
#6346=EDGE_CURVE('',#1301,#956,#6345,.T.);
#6347=ORIENTED_EDGE('',*,*,#6346,.T.);
#6348=ORIENTED_EDGE('',*,*,#1290,.F.);
#6349=ORIENTED_EDGE('',*,*,#6346,.F.);
#6350=ORIENTED_EDGE('',*,*,#1307,.F.);
#6351=EDGE_LOOP('',(#6347,#6348,#6349,#6350));
#6352=FACE_BOUND('',#6351,.T.);
#6353=ADVANCED_FACE('10:844',(#6352),#6340,.T.);
#6354=CARTESIAN_POINT('',(-85.,-55.,11.));
#6355=DIRECTION('',(0.,0.,1.));
#6356=DIRECTION('',(1.,0.,-0.));
#6357=AXIS2_PLACEMENT_3D('',#6354,#6355,#6356);
#6358=TOROIDAL_SURFACE('',#6357,4.,1.);
#6359=CARTESIAN_POINT('',(-89.,-55.,11.));
#6360=DIRECTION('',(0.,1.,0.));
#6361=DIRECTION('',(0.,-0.,1.));
#6362=AXIS2_PLACEMENT_3D('',#6359,#6360,#6361);
#6363=CIRCLE('',#6362,1.);
#6364=EDGE_CURVE('10:1286',#1518,#69,#6363,.T.);
#6365=ORIENTED_EDGE('',*,*,#6364,.F.);
#6366=ORIENTED_EDGE('',*,*,#1681,.F.);
#6367=CARTESIAN_POINT('',(-85.,-59.,11.));
#6368=DIRECTION('',(1.,0.,0.));
#6369=DIRECTION('',(0.,0.,-1.));
#6370=AXIS2_PLACEMENT_3D('',#6367,#6368,#6369);
#6371=CIRCLE('',#6370,1.);
#6372=EDGE_CURVE('10:1280',#77,#1540,#6371,.T.);
#6373=ORIENTED_EDGE('',*,*,#6372,.F.);
#6374=ORIENTED_EDGE('',*,*,#83,.F.);
#6375=EDGE_LOOP('',(#6365,#6366,#6373,#6374));
#6376=FACE_BOUND('',#6375,.T.);
#6377=ADVANCED_FACE('10:1235',(#6376),#6358,.T.);
#6378=CARTESIAN_POINT('',(90.,-59.,11.));
#6379=DIRECTION('',(-1.,0.,0.));
#6380=DIRECTION('',(0.,0.,1.));
#6381=AXIS2_PLACEMENT_3D('',#6378,#6379,#6380);
#6382=CYLINDRICAL_SURFACE('',#6381,1.);
#6383=ORIENTED_EDGE('',*,*,#6372,.T.);
#6384=ORIENTED_EDGE('',*,*,#1569,.F.);
#6385=CARTESIAN_POINT('',(85.,-59.,11.));
#6386=DIRECTION('',(1.,0.,0.));
#6387=DIRECTION('',(0.,0.,-1.));
#6388=AXIS2_PLACEMENT_3D('',#6385,#6386,#6387);
#6389=CIRCLE('',#6388,1.);
#6390=EDGE_CURVE('10:1295',#86,#1558,#6389,.T.);
#6391=ORIENTED_EDGE('',*,*,#6390,.F.);
#6392=ORIENTED_EDGE('',*,*,#91,.F.);
#6393=EDGE_LOOP('',(#6383,#6384,#6391,#6392));
#6394=FACE_BOUND('',#6393,.T.);
#6395=ADVANCED_FACE('10:1238',(#6394),#6382,.T.);
#6396=CARTESIAN_POINT('',(-89.,0.,11.));
#6397=DIRECTION('',(0.,-1.,0.));
#6398=DIRECTION('',(0.,0.,-1.));
#6399=AXIS2_PLACEMENT_3D('',#6396,#6397,#6398);
#6400=CYLINDRICAL_SURFACE('',#6399,1.);
#6401=ORIENTED_EDGE('',*,*,#6364,.T.);
#6402=ORIENTED_EDGE('',*,*,#74,.F.);
#6403=CARTESIAN_POINT('',(-89.,55.,11.));
#6404=DIRECTION('',(0.,1.,0.));
#6405=DIRECTION('',(0.,-0.,1.));
#6406=AXIS2_PLACEMENT_3D('',#6403,#6404,#6405);
#6407=CIRCLE('',#6406,1.);
#6408=EDGE_CURVE('10:1304',#1500,#60,#6407,.T.);
#6409=ORIENTED_EDGE('',*,*,#6408,.F.);
#6410=ORIENTED_EDGE('',*,*,#1529,.F.);
#6411=EDGE_LOOP('',(#6401,#6402,#6409,#6410));
#6412=FACE_BOUND('',#6411,.T.);
#6413=ADVANCED_FACE('10:1241',(#6412),#6400,.T.);
#6414=CARTESIAN_POINT('',(85.,-55.,11.));
#6415=DIRECTION('',(0.,0.,1.));
#6416=DIRECTION('',(1.,0.,-0.));
#6417=AXIS2_PLACEMENT_3D('',#6414,#6415,#6416);
#6418=TOROIDAL_SURFACE('',#6417,4.,1.);
#6419=ORIENTED_EDGE('',*,*,#6390,.T.);
#6420=ORIENTED_EDGE('',*,*,#1705,.F.);
#6421=CARTESIAN_POINT('',(89.,-55.,11.));
#6422=DIRECTION('',(0.,1.,0.));
#6423=DIRECTION('',(0.,-0.,1.));
#6424=AXIS2_PLACEMENT_3D('',#6421,#6422,#6423);
#6425=CIRCLE('',#6424,1.);
#6426=EDGE_CURVE('10:1313',#33,#1580,#6425,.T.);
#6427=ORIENTED_EDGE('',*,*,#6426,.F.);
#6428=ORIENTED_EDGE('',*,*,#98,.F.);
#6429=EDGE_LOOP('',(#6419,#6420,#6427,#6428));
#6430=FACE_BOUND('',#6429,.T.);
#6431=ADVANCED_FACE('10:1244',(#6430),#6418,.T.);
#6432=CARTESIAN_POINT('',(-85.,55.,11.));
#6433=DIRECTION('',(0.,0.,1.));
#6434=DIRECTION('',(1.,0.,-0.));
#6435=AXIS2_PLACEMENT_3D('',#6432,#6433,#6434);
#6436=TOROIDAL_SURFACE('',#6435,4.,1.);
#6437=ORIENTED_EDGE('',*,*,#6408,.T.);
#6438=ORIENTED_EDGE('',*,*,#66,.F.);
#6439=CARTESIAN_POINT('',(-85.,59.,11.));
#6440=DIRECTION('',(1.,0.,0.));
#6441=DIRECTION('',(0.,0.,-1.));
#6442=AXIS2_PLACEMENT_3D('',#6439,#6440,#6441);
#6443=CIRCLE('',#6442,1.);
#6444=EDGE_CURVE('10:1322',#1478,#52,#6443,.T.);
#6445=ORIENTED_EDGE('',*,*,#6444,.F.);
#6446=ORIENTED_EDGE('',*,*,#1657,.F.);
#6447=EDGE_LOOP('',(#6437,#6438,#6445,#6446));
#6448=FACE_BOUND('',#6447,.T.);
#6449=ADVANCED_FACE('10:1247',(#6448),#6436,.T.);
#6450=CARTESIAN_POINT('',(89.,60.,11.));
#6451=DIRECTION('',(0.,-1.,0.));
#6452=DIRECTION('',(0.,0.,-1.));
#6453=AXIS2_PLACEMENT_3D('',#6450,#6451,#6452);
#6454=CYLINDRICAL_SURFACE('',#6453,1.);
#6455=ORIENTED_EDGE('',*,*,#6426,.T.);
#6456=ORIENTED_EDGE('',*,*,#1609,.F.);
#6457=CARTESIAN_POINT('',(89.,55.,11.));
#6458=DIRECTION('',(0.,1.,0.));
#6459=DIRECTION('',(0.,-0.,1.));
#6460=AXIS2_PLACEMENT_3D('',#6457,#6458,#6459);
#6461=CIRCLE('',#6460,1.);
#6462=EDGE_CURVE('10:1331',#35,#1598,#6461,.T.);
#6463=ORIENTED_EDGE('',*,*,#6462,.F.);
#6464=ORIENTED_EDGE('',*,*,#40,.F.);
#6465=EDGE_LOOP('',(#6455,#6456,#6463,#6464));
#6466=FACE_BOUND('',#6465,.T.);
#6467=ADVANCED_FACE('10:1250',(#6466),#6454,.T.);
#6468=CARTESIAN_POINT('',(0.,59.,11.));
#6469=DIRECTION('',(-1.,0.,0.));
#6470=DIRECTION('',(0.,0.,1.));
#6471=AXIS2_PLACEMENT_3D('',#6468,#6469,#6470);
#6472=CYLINDRICAL_SURFACE('',#6471,1.);
#6473=ORIENTED_EDGE('',*,*,#6444,.T.);
#6474=ORIENTED_EDGE('',*,*,#57,.F.);
#6475=CARTESIAN_POINT('',(85.,59.,11.));
#6476=DIRECTION('',(1.,0.,0.));
#6477=DIRECTION('',(0.,0.,-1.));
#6478=AXIS2_PLACEMENT_3D('',#6475,#6476,#6477);
#6479=CIRCLE('',#6478,1.);
#6480=EDGE_CURVE('10:1340',#1460,#43,#6479,.T.);
#6481=ORIENTED_EDGE('',*,*,#6480,.F.);
#6482=ORIENTED_EDGE('',*,*,#1489,.F.);
#6483=EDGE_LOOP('',(#6473,#6474,#6481,#6482));
#6484=FACE_BOUND('',#6483,.T.);
#6485=ADVANCED_FACE('10:1253',(#6484),#6472,.T.);
#6486=CARTESIAN_POINT('',(85.,55.,11.));
#6487=DIRECTION('',(0.,0.,1.));
#6488=DIRECTION('',(1.,0.,-0.));
#6489=AXIS2_PLACEMENT_3D('',#6486,#6487,#6488);
#6490=TOROIDAL_SURFACE('',#6489,4.,1.);
#6491=ORIENTED_EDGE('',*,*,#6462,.T.);
#6492=ORIENTED_EDGE('',*,*,#1633,.F.);
#6493=ORIENTED_EDGE('',*,*,#6480,.T.);
#6494=ORIENTED_EDGE('',*,*,#49,.F.);
#6495=EDGE_LOOP('',(#6491,#6492,#6493,#6494));
#6496=FACE_BOUND('',#6495,.T.);
#6497=ADVANCED_FACE('10:1256',(#6496),#6490,.T.);
#6498=CARTESIAN_POINT('',(85.,-55.,0.5));
#6499=DIRECTION('',(0.,0.,1.));
#6500=DIRECTION('',(1.,0.,-0.));
#6501=AXIS2_PLACEMENT_3D('',#6498,#6499,#6500);
#6502=TOROIDAL_SURFACE('',#6501,4.5,0.5);
#6503=CARTESIAN_POINT('',(89.5,-55.,0.5));
#6504=DIRECTION('',(0.,1.,0.));
#6505=DIRECTION('',(0.,-0.,1.));
#6506=AXIS2_PLACEMENT_3D('',#6503,#6504,#6505);
#6507=CIRCLE('',#6506,0.5);
#6508=EDGE_CURVE('10:1633',#1582,#1365,#6507,.T.);
#6509=ORIENTED_EDGE('',*,*,#6508,.F.);
#6510=ORIENTED_EDGE('',*,*,#1697,.F.);
#6511=CARTESIAN_POINT('',(85.,-59.5,0.5));
#6512=DIRECTION('',(-1.,0.,0.));
#6513=DIRECTION('',(0.,0.,1.));
#6514=AXIS2_PLACEMENT_3D('',#6511,#6512,#6513);
#6515=CIRCLE('',#6514,0.5);
#6516=EDGE_CURVE('10:1627',#1373,#1550,#6515,.T.);
#6517=ORIENTED_EDGE('',*,*,#6516,.F.);
#6518=ORIENTED_EDGE('',*,*,#1379,.F.);
#6519=EDGE_LOOP('',(#6509,#6510,#6517,#6518));
#6520=FACE_BOUND('',#6519,.T.);
#6521=ADVANCED_FACE('10:1582',(#6520),#6502,.T.);
#6522=CARTESIAN_POINT('',(90.,-59.5,0.5));
#6523=DIRECTION('',(-1.,0.,0.));
#6524=DIRECTION('',(0.,0.,1.));
#6525=AXIS2_PLACEMENT_3D('',#6522,#6523,#6524);
#6526=CYLINDRICAL_SURFACE('',#6525,0.5);
#6527=ORIENTED_EDGE('',*,*,#6516,.T.);
#6528=ORIENTED_EDGE('',*,*,#1555,.F.);
#6529=CARTESIAN_POINT('',(-85.,-59.5,0.5));
#6530=DIRECTION('',(-1.,0.,0.));
#6531=DIRECTION('',(0.,0.,1.));
#6532=AXIS2_PLACEMENT_3D('',#6529,#6530,#6531);
#6533=CIRCLE('',#6532,0.5);
#6534=EDGE_CURVE('10:1642',#1382,#1542,#6533,.T.);
#6535=ORIENTED_EDGE('',*,*,#6534,.F.);
#6536=ORIENTED_EDGE('',*,*,#1387,.F.);
#6537=EDGE_LOOP('',(#6527,#6528,#6535,#6536));
#6538=FACE_BOUND('',#6537,.T.);
#6539=ADVANCED_FACE('10:1585',(#6538),#6526,.T.);
#6540=CARTESIAN_POINT('',(89.5,0.,0.5));
#6541=DIRECTION('',(0.,1.,0.));
#6542=DIRECTION('',(0.,-0.,1.));
#6543=AXIS2_PLACEMENT_3D('',#6540,#6541,#6542);
#6544=CYLINDRICAL_SURFACE('',#6543,0.5);
#6545=ORIENTED_EDGE('',*,*,#6508,.T.);
#6546=ORIENTED_EDGE('',*,*,#1370,.F.);
#6547=CARTESIAN_POINT('',(89.5,55.,0.5));
#6548=DIRECTION('',(0.,1.,0.));
#6549=DIRECTION('',(0.,-0.,1.));
#6550=AXIS2_PLACEMENT_3D('',#6547,#6548,#6549);
#6551=CIRCLE('',#6550,0.5);
#6552=EDGE_CURVE('10:1651',#1590,#1356,#6551,.T.);
#6553=ORIENTED_EDGE('',*,*,#6552,.F.);
#6554=ORIENTED_EDGE('',*,*,#1595,.F.);
#6555=EDGE_LOOP('',(#6545,#6546,#6553,#6554));
#6556=FACE_BOUND('',#6555,.T.);
#6557=ADVANCED_FACE('10:1588',(#6556),#6544,.T.);
#6558=CARTESIAN_POINT('',(-85.,-55.,0.5));
#6559=DIRECTION('',(0.,0.,1.));
#6560=DIRECTION('',(1.,0.,-0.));
#6561=AXIS2_PLACEMENT_3D('',#6558,#6559,#6560);
#6562=TOROIDAL_SURFACE('',#6561,4.5,0.5);
#6563=ORIENTED_EDGE('',*,*,#6534,.T.);
#6564=ORIENTED_EDGE('',*,*,#1673,.F.);
#6565=CARTESIAN_POINT('',(-89.5,-55.,0.5));
#6566=DIRECTION('',(0.,1.,0.));
#6567=DIRECTION('',(0.,-0.,1.));
#6568=AXIS2_PLACEMENT_3D('',#6565,#6566,#6567);
#6569=CIRCLE('',#6568,0.5);
#6570=EDGE_CURVE('10:1660',#1329,#1510,#6569,.T.);
#6571=ORIENTED_EDGE('',*,*,#6570,.F.);
#6572=ORIENTED_EDGE('',*,*,#1394,.F.);
#6573=EDGE_LOOP('',(#6563,#6564,#6571,#6572));
#6574=FACE_BOUND('',#6573,.T.);
#6575=ADVANCED_FACE('10:1591',(#6574),#6562,.T.);
#6576=CARTESIAN_POINT('',(85.,55.,0.5));
#6577=DIRECTION('',(0.,0.,1.));
#6578=DIRECTION('',(1.,0.,-0.));
#6579=AXIS2_PLACEMENT_3D('',#6576,#6577,#6578);
#6580=TOROIDAL_SURFACE('',#6579,4.5,0.5);
#6581=ORIENTED_EDGE('',*,*,#6552,.T.);
#6582=ORIENTED_EDGE('',*,*,#1362,.F.);
#6583=CARTESIAN_POINT('',(85.,59.5,0.5));
#6584=DIRECTION('',(-1.,0.,0.));
#6585=DIRECTION('',(0.,0.,1.));
#6586=AXIS2_PLACEMENT_3D('',#6583,#6584,#6585);
#6587=CIRCLE('',#6586,0.5);
#6588=EDGE_CURVE('10:1669',#1462,#1348,#6587,.T.);
#6589=ORIENTED_EDGE('',*,*,#6588,.F.);
#6590=ORIENTED_EDGE('',*,*,#1625,.F.);
#6591=EDGE_LOOP('',(#6581,#6582,#6589,#6590));
#6592=FACE_BOUND('',#6591,.T.);
#6593=ADVANCED_FACE('10:1594',(#6592),#6580,.T.);
#6594=CARTESIAN_POINT('',(-89.5,-60.,0.5));
#6595=DIRECTION('',(0.,1.,0.));
#6596=DIRECTION('',(0.,-0.,1.));
#6597=AXIS2_PLACEMENT_3D('',#6594,#6595,#6596);
#6598=CYLINDRICAL_SURFACE('',#6597,0.5);
#6599=ORIENTED_EDGE('',*,*,#6570,.T.);
#6600=ORIENTED_EDGE('',*,*,#1515,.F.);
#6601=CARTESIAN_POINT('',(-89.5,55.,0.5));
#6602=DIRECTION('',(0.,1.,0.));
#6603=DIRECTION('',(0.,-0.,1.));
#6604=AXIS2_PLACEMENT_3D('',#6601,#6602,#6603);
#6605=CIRCLE('',#6604,0.5);
#6606=EDGE_CURVE('10:1678',#1331,#1502,#6605,.T.);
#6607=ORIENTED_EDGE('',*,*,#6606,.F.);
#6608=ORIENTED_EDGE('',*,*,#1336,.F.);
#6609=EDGE_LOOP('',(#6599,#6600,#6607,#6608));
#6610=FACE_BOUND('',#6609,.T.);
#6611=ADVANCED_FACE('10:1597',(#6610),#6598,.T.);
#6612=CARTESIAN_POINT('',(0.,59.5,0.5));
#6613=DIRECTION('',(-1.,0.,0.));
#6614=DIRECTION('',(0.,0.,1.));
#6615=AXIS2_PLACEMENT_3D('',#6612,#6613,#6614);
#6616=CYLINDRICAL_SURFACE('',#6615,0.5);
#6617=ORIENTED_EDGE('',*,*,#6588,.T.);
#6618=ORIENTED_EDGE('',*,*,#1353,.F.);
#6619=CARTESIAN_POINT('',(-85.,59.5,0.5));
#6620=DIRECTION('',(-1.,0.,0.));
#6621=DIRECTION('',(0.,0.,1.));
#6622=AXIS2_PLACEMENT_3D('',#6619,#6620,#6621);
#6623=CIRCLE('',#6622,0.5);
#6624=EDGE_CURVE('10:1687',#1470,#1339,#6623,.T.);
#6625=ORIENTED_EDGE('',*,*,#6624,.F.);
#6626=ORIENTED_EDGE('',*,*,#1475,.F.);
#6627=EDGE_LOOP('',(#6617,#6618,#6625,#6626));
#6628=FACE_BOUND('',#6627,.T.);
#6629=ADVANCED_FACE('10:1600',(#6628),#6616,.T.);
#6630=CARTESIAN_POINT('',(-85.,55.,0.5));
#6631=DIRECTION('',(0.,0.,1.));
#6632=DIRECTION('',(1.,0.,-0.));
#6633=AXIS2_PLACEMENT_3D('',#6630,#6631,#6632);
#6634=TOROIDAL_SURFACE('',#6633,4.5,0.5);
#6635=ORIENTED_EDGE('',*,*,#6606,.T.);
#6636=ORIENTED_EDGE('',*,*,#1649,.F.);
#6637=ORIENTED_EDGE('',*,*,#6624,.T.);
#6638=ORIENTED_EDGE('',*,*,#1345,.F.);
#6639=EDGE_LOOP('',(#6635,#6636,#6637,#6638));
#6640=FACE_BOUND('',#6639,.T.);
#6641=ADVANCED_FACE('10:1603',(#6640),#6634,.T.);
#6642=CARTESIAN_POINT('',(-70.,40.,12.));
#6643=DIRECTION('',(0.,0.,1.));
#6644=DIRECTION('',(1.,0.,-0.));
#6645=AXIS2_PLACEMENT_3D('',#6642,#6643,#6644);
#6646=CYLINDRICAL_SURFACE('',#6645,12.);
#6647=ORIENTED_EDGE('',*,*,#511,.F.);
#6648=CARTESIAN_POINT('',(-70.,40.,15.));
#6649=DIRECTION('',(-0.,-0.,-1.));
#6650=DIRECTION('',(1.,0.,-0.));
#6651=AXIS2_PLACEMENT_3D('',#6648,#6649,#6650);
#6652=CIRCLE('',#6651,12.);
#6653=EDGE_CURVE('10:364',#504,#3120,#6652,.T.);
#6654=ORIENTED_EDGE('',*,*,#6653,.T.);
#6655=ORIENTED_EDGE('',*,*,#3126,.T.);
#6656=ORIENTED_EDGE('',*,*,#2317,.T.);
#6657=CARTESIAN_POINT('',(-70.,40.,14.));
#6658=DIRECTION('',(0.,0.,1.));
#6659=DIRECTION('',(1.,0.,-0.));
#6660=AXIS2_PLACEMENT_3D('',#6657,#6658,#6659);
#6661=CIRCLE('',#6660,12.);
#6662=EDGE_CURVE('9:3981',#2303,#506,#6661,.T.);
#6663=ORIENTED_EDGE('',*,*,#6662,.T.);
#6664=EDGE_LOOP('',(#6647,#6654,#6655,#6656,#6663));
#6665=FACE_BOUND('',#6664,.T.);
#6666=ADVANCED_FACE('4:529',(#6665),#6646,.T.);
#6667=CARTESIAN_POINT('',(70.,40.,12.));
#6668=DIRECTION('',(0.,0.,1.));
#6669=DIRECTION('',(1.,0.,-0.));
#6670=AXIS2_PLACEMENT_3D('',#6667,#6668,#6669);
#6671=CYLINDRICAL_SURFACE('',#6670,12.);
#6672=ORIENTED_EDGE('',*,*,#562,.F.);
#6673=CARTESIAN_POINT('',(70.,40.,15.));
#6674=DIRECTION('',(-0.,-0.,-1.));
#6675=DIRECTION('',(1.,0.,-0.));
#6676=AXIS2_PLACEMENT_3D('',#6673,#6674,#6675);
#6677=CIRCLE('',#6676,12.);
#6678=EDGE_CURVE('10:340',#555,#3250,#6677,.T.);
#6679=ORIENTED_EDGE('',*,*,#6678,.T.);
#6680=ORIENTED_EDGE('',*,*,#3256,.T.);
#6681=ORIENTED_EDGE('',*,*,#2367,.T.);
#6682=CARTESIAN_POINT('',(70.,40.,14.));
#6683=DIRECTION('',(0.,0.,1.));
#6684=DIRECTION('',(1.,0.,-0.));
#6685=AXIS2_PLACEMENT_3D('',#6682,#6683,#6684);
#6686=CIRCLE('',#6685,12.);
#6687=EDGE_CURVE('9:3951',#2353,#557,#6686,.T.);
#6688=ORIENTED_EDGE('',*,*,#6687,.T.);
#6689=EDGE_LOOP('',(#6672,#6679,#6680,#6681,#6688));
#6690=FACE_BOUND('',#6689,.T.);
#6691=ADVANCED_FACE('4:526',(#6690),#6671,.T.);
#6692=CARTESIAN_POINT('',(70.,-40.,12.));
#6693=DIRECTION('',(0.,0.,1.));
#6694=DIRECTION('',(1.,0.,-0.));
#6695=AXIS2_PLACEMENT_3D('',#6692,#6693,#6694);
#6696=CYLINDRICAL_SURFACE('',#6695,12.);
#6697=ORIENTED_EDGE('',*,*,#613,.F.);
#6698=CARTESIAN_POINT('',(70.,-40.,15.));
#6699=DIRECTION('',(-0.,-0.,-1.));
#6700=DIRECTION('',(1.,0.,-0.));
#6701=AXIS2_PLACEMENT_3D('',#6698,#6699,#6700);
#6702=CIRCLE('',#6701,12.);
#6703=EDGE_CURVE('10:352',#606,#3319,#6702,.T.);
#6704=ORIENTED_EDGE('',*,*,#6703,.T.);
#6705=ORIENTED_EDGE('',*,*,#3325,.T.);
#6706=ORIENTED_EDGE('',*,*,#2458,.T.);
#6707=CARTESIAN_POINT('',(70.,-40.,14.));
#6708=DIRECTION('',(0.,0.,1.));
#6709=DIRECTION('',(1.,0.,-0.));
#6710=AXIS2_PLACEMENT_3D('',#6707,#6708,#6709);
#6711=CIRCLE('',#6710,12.);
#6712=EDGE_CURVE('9:3924',#2444,#608,#6711,.T.);
#6713=ORIENTED_EDGE('',*,*,#6712,.T.);
#6714=EDGE_LOOP('',(#6697,#6704,#6705,#6706,#6713));
#6715=FACE_BOUND('',#6714,.T.);
#6716=ADVANCED_FACE('4:523',(#6715),#6696,.T.);
#6717=CARTESIAN_POINT('',(-70.,-40.,12.));
#6718=DIRECTION('',(0.,0.,1.));
#6719=DIRECTION('',(1.,0.,-0.));
#6720=AXIS2_PLACEMENT_3D('',#6717,#6718,#6719);
#6721=CYLINDRICAL_SURFACE('',#6720,12.);
#6722=ORIENTED_EDGE('',*,*,#664,.F.);
#6723=CARTESIAN_POINT('',(-70.,-40.,15.));
#6724=DIRECTION('',(-0.,-0.,-1.));
#6725=DIRECTION('',(1.,0.,-0.));
#6726=AXIS2_PLACEMENT_3D('',#6723,#6724,#6725);
#6727=CIRCLE('',#6726,12.);
#6728=EDGE_CURVE('10:376',#657,#3449,#6727,.T.);
#6729=ORIENTED_EDGE('',*,*,#6728,.T.);
#6730=ORIENTED_EDGE('',*,*,#3455,.T.);
#6731=ORIENTED_EDGE('',*,*,#2226,.T.);
#6732=CARTESIAN_POINT('',(-70.,-40.,14.));
#6733=DIRECTION('',(0.,0.,1.));
#6734=DIRECTION('',(1.,0.,-0.));
#6735=AXIS2_PLACEMENT_3D('',#6732,#6733,#6734);
#6736=CIRCLE('',#6735,12.);
#6737=EDGE_CURVE('9:3966',#2212,#659,#6736,.T.);
#6738=ORIENTED_EDGE('',*,*,#6737,.T.);
#6739=EDGE_LOOP('',(#6722,#6729,#6730,#6731,#6738));
#6740=FACE_BOUND('',#6739,.T.);
#6741=ADVANCED_FACE('4:520',(#6740),#6721,.T.);
#6742=CARTESIAN_POINT('',(70.,-40.,14.));
#6743=DIRECTION('',(0.,0.,1.));
#6744=DIRECTION('',(1.,0.,-0.));
#6745=AXIS2_PLACEMENT_3D('',#6742,#6743,#6744);
#6746=TOROIDAL_SURFACE('',#6745,14.,2.);
#6747=ORIENTED_EDGE('',*,*,#6065,.T.);
#6748=ORIENTED_EDGE('',*,*,#6712,.F.);
#6749=ORIENTED_EDGE('',*,*,#2450,.F.);
#6750=ORIENTED_EDGE('',*,*,#2954,.F.);
#6751=ORIENTED_EDGE('',*,*,#197,.F.);
#6752=EDGE_LOOP('',(#6747,#6748,#6749,#6750,#6751));
#6753=FACE_BOUND('',#6752,.T.);
#6754=ADVANCED_FACE('9:3794',(#6753),#6746,.F.);
#6755=CARTESIAN_POINT('',(70.,40.,14.));
#6756=DIRECTION('',(0.,0.,1.));
#6757=DIRECTION('',(1.,0.,-0.));
#6758=AXIS2_PLACEMENT_3D('',#6755,#6756,#6757);
#6759=TOROIDAL_SURFACE('',#6758,14.,2.);
#6760=ORIENTED_EDGE('',*,*,#6084,.T.);
#6761=ORIENTED_EDGE('',*,*,#6687,.F.);
#6762=ORIENTED_EDGE('',*,*,#2359,.F.);
#6763=ORIENTED_EDGE('',*,*,#2576,.F.);
#6764=ORIENTED_EDGE('',*,*,#145,.F.);
#6765=EDGE_LOOP('',(#6760,#6761,#6762,#6763,#6764));
#6766=FACE_BOUND('',#6765,.T.);
#6767=ADVANCED_FACE('9:3797',(#6766),#6759,.F.);
#6768=CARTESIAN_POINT('',(-70.,-40.,14.));
#6769=DIRECTION('',(0.,0.,1.));
#6770=DIRECTION('',(1.,0.,-0.));
#6771=AXIS2_PLACEMENT_3D('',#6768,#6769,#6770);
#6772=TOROIDAL_SURFACE('',#6771,14.,2.);
#6773=ORIENTED_EDGE('',*,*,#6103,.T.);
#6774=ORIENTED_EDGE('',*,*,#6737,.F.);
#6775=ORIENTED_EDGE('',*,*,#2218,.F.);
#6776=ORIENTED_EDGE('',*,*,#2891,.F.);
#6777=ORIENTED_EDGE('',*,*,#240,.F.);
#6778=EDGE_LOOP('',(#6773,#6774,#6775,#6776,#6777));
#6779=FACE_BOUND('',#6778,.T.);
#6780=ADVANCED_FACE('9:3800',(#6779),#6772,.F.);
#6781=CARTESIAN_POINT('',(-70.,40.,14.));
#6782=DIRECTION('',(0.,0.,1.));
#6783=DIRECTION('',(1.,0.,-0.));
#6784=AXIS2_PLACEMENT_3D('',#6781,#6782,#6783);
#6785=TOROIDAL_SURFACE('',#6784,14.,2.);
#6786=ORIENTED_EDGE('',*,*,#6122,.T.);
#6787=ORIENTED_EDGE('',*,*,#6662,.F.);
#6788=ORIENTED_EDGE('',*,*,#2309,.F.);
#6789=ORIENTED_EDGE('',*,*,#2828,.F.);
#6790=ORIENTED_EDGE('',*,*,#281,.F.);
#6791=EDGE_LOOP('',(#6786,#6787,#6788,#6789,#6790));
#6792=FACE_BOUND('',#6791,.T.);
#6793=ADVANCED_FACE('9:3803',(#6792),#6785,.F.);
#6794=CARTESIAN_POINT('',(0.,0.,15.));
#6795=DIRECTION('',(0.,0.,1.));
#6796=DIRECTION('',(1.,0.,-0.));
#6797=AXIS2_PLACEMENT_3D('',#6794,#6795,#6796);
#6798=TOROIDAL_SURFACE('',#6797,43.,3.);
#6799=ORIENTED_EDGE('',*,*,#6155,.T.);
#6800=ORIENTED_EDGE('',*,*,#1282,.F.);
#6801=ORIENTED_EDGE('',*,*,#6046,.F.);
#6802=ORIENTED_EDGE('',*,*,#2607,.F.);
#6803=ORIENTED_EDGE('',*,*,#171,.F.);
#6804=EDGE_LOOP('',(#6799,#6800,#6801,#6802,#6803));
#6805=FACE_BOUND('',#6804,.T.);
#6806=ADVANCED_FACE('9:4796',(#6805),#6798,.F.);
#6807=CARTESIAN_POINT('',(70.,40.,15.));
#6808=DIRECTION('',(0.,0.,1.));
#6809=DIRECTION('',(1.,0.,-0.));
#6810=AXIS2_PLACEMENT_3D('',#6807,#6808,#6809);
#6811=TOROIDAL_SURFACE('',#6810,11.,1.);
#6812=ORIENTED_EDGE('',*,*,#6274,.F.);
#6813=ORIENTED_EDGE('',*,*,#851,.F.);
#6814=ORIENTED_EDGE('',*,*,#3278,.F.);
#6815=ORIENTED_EDGE('',*,*,#6678,.F.);
#6816=EDGE_LOOP('',(#6812,#6813,#6814,#6815));
#6817=FACE_BOUND('',#6816,.T.);
#6818=ADVANCED_FACE('10:3',(#6817),#6811,.T.);
#6819=CARTESIAN_POINT('',(70.,-40.,15.));
#6820=DIRECTION('',(0.,0.,1.));
#6821=DIRECTION('',(1.,0.,-0.));
#6822=AXIS2_PLACEMENT_3D('',#6819,#6820,#6821);
#6823=TOROIDAL_SURFACE('',#6822,11.,1.);
#6824=ORIENTED_EDGE('',*,*,#6292,.F.);
#6825=ORIENTED_EDGE('',*,*,#789,.F.);
#6826=ORIENTED_EDGE('',*,*,#3347,.F.);
#6827=ORIENTED_EDGE('',*,*,#6703,.F.);
#6828=EDGE_LOOP('',(#6824,#6825,#6826,#6827));
#6829=FACE_BOUND('',#6828,.T.);
#6830=ADVANCED_FACE('10:6',(#6829),#6823,.T.);
#6831=CARTESIAN_POINT('',(-70.,40.,15.));
#6832=DIRECTION('',(0.,0.,1.));
#6833=DIRECTION('',(1.,0.,-0.));
#6834=AXIS2_PLACEMENT_3D('',#6831,#6832,#6833);
#6835=TOROIDAL_SURFACE('',#6834,11.,1.);
#6836=ORIENTED_EDGE('',*,*,#6310,.F.);
#6837=ORIENTED_EDGE('',*,*,#913,.F.);
#6838=ORIENTED_EDGE('',*,*,#3148,.F.);
#6839=ORIENTED_EDGE('',*,*,#6653,.F.);
#6840=EDGE_LOOP('',(#6836,#6837,#6838,#6839));
#6841=FACE_BOUND('',#6840,.T.);
#6842=ADVANCED_FACE('10:9',(#6841),#6835,.T.);
#6843=CARTESIAN_POINT('',(-70.,-40.,15.));
#6844=DIRECTION('',(0.,0.,1.));
#6845=DIRECTION('',(1.,0.,-0.));
#6846=AXIS2_PLACEMENT_3D('',#6843,#6844,#6845);
#6847=TOROIDAL_SURFACE('',#6846,11.,1.);
#6848=ORIENTED_EDGE('',*,*,#6328,.F.);
#6849=ORIENTED_EDGE('',*,*,#727,.F.);
#6850=ORIENTED_EDGE('',*,*,#3477,.F.);
#6851=ORIENTED_EDGE('',*,*,#6728,.F.);
#6852=EDGE_LOOP('',(#6848,#6849,#6850,#6851));
#6853=FACE_BOUND('',#6852,.T.);
#6854=ADVANCED_FACE('10:12',(#6853),#6847,.T.);
#6855=CLOSED_SHELL('',(#285,#318,#351,#384,#417,#437,#457,#477,#497,#548,#599,#650,#701,#763,#825,#887,#949,#1294,#1322,#1453,#1493,#1533,#1573,#1613,#1637,#1661,
#1685,#1709,#1760,#1779,#1798,#1849,#1900,#1951,#2002,#2021,#2040,#2059,#2078,#2097,#2116,#2135,#2154,#2195,#2245,#2286,#2336,#2386,#2427,#2477,#2518,
#2581,#2644,#2707,#2770,#2833,#2896,#2959,#3022,#3083,#3152,#3213,#3282,#3351,#3412,#3481,#3542,#3850,#3868,#4170,#4478,#4496,#4798,#5106,#5124,#5426,
#5734,#5752,#6054,#6073,#6092,#6111,#6130,#6144,#6163,#6177,#6191,#6209,#6227,#6245,#6263,#6281,#6299,#6317,#6335,#6353,#6377,#6395,#6413,#6431,#6449,
#6467,#6485,#6497,#6521,#6539,#6557,#6575,#6593,#6611,#6629,#6641,#6666,#6691,#6716,#6741,#6754,#6767,#6780,#6793,#6806,#6818,#6830,#6842,#6854));
#6856=MANIFOLD_SOLID_BREP('Solid',#6855);
#6857=COLOUR_RGB('',0.56078434,0.686274529,0.56078434);
#6858=FILL_AREA_STYLE_COLOUR('',#6857);
#6859=FILL_AREA_STYLE('',(#6858));
#6860=SURFACE_STYLE_FILL_AREA(#6859);
#6861=SURFACE_SIDE_STYLE('',(#6860));
#6862=SURFACE_STYLE_USAGE(.BOTH.,#6861);
#6863=PRESENTATION_STYLE_ASSIGNMENT((#6862));
#26=STYLED_ITEM('',(#6863),#6856);
#16=SHAPE_REPRESENTATION('Solid',(#15),#10);
#17=ADVANCED_BREP_SHAPE_REPRESENTATION('Solid',(#6856),#10);
#6871=SHAPE_REPRESENTATION_RELATIONSHIP('','',#16,#17);
#6872=APPLICATION_CONTEXT('data for automotive mechanical design processes');
#6873=APPLICATION_PROTOCOL_DEFINITION('international standard','automotive_design',1994,#6872);
#6874=PRODUCT_CONTEXT('',#6872,'mechanical');
#6875=PRODUCT_DEFINITION_CONTEXT('part definition',#6872,'design');
#24=PRODUCT('Solid','Solid','',(#6874));
#6876=PRODUCT_RELATED_PRODUCT_CATEGORY('part','',(#24));
#6877=PRODUCT_DEFINITION_FORMATION_WITH_SPECIFIED_SOURCE('','',#24,.NOT_KNOWN.);
#25=PRODUCT_DEFINITION('design','',#6877,#6875);
#23=PRODUCT_DEFINITION_SHAPE('','',#25);
#6878=SHAPE_DEFINITION_REPRESENTATION(#23,#16);
#11=DRAUGHTING_MODEL('',(),#10);
#1=MECHANICAL_DESIGN_GEOMETRIC_PRESENTATION_REPRESENTATION('',(#26),#10);
ENDSEC;
END-ISO-10303-21;
